school_year,sport,sex,level,date,time,team_1,team_2,home_team,location,winner,score,game_type
2026-2027,Baseball,Boys,Varsity,2027-03-31,16:00,Braintree High School,Wellesley High School,Braintree High School,Braintree High School Varsity Baseball Field,,,L
2026-2027,Baseball,Boys,Varsity,2027-04-05,16:00,Braintree High School,Weymouth High School,Weymouth High School,Weymouth - Libby Field Baseball Diamond,,,L
2026-2027,Baseball,Boys,Varsity,2027-04-07,16:00,Braintree High School,Needham High School,Needham High School,Needham - Memorial Field Field 1,,,L
2026-2027,Baseball,Boys,Varsity,2027-04-12,16:00,Braintree High School,Walpole High School,Braintree High School,Braintree High School Varsity Baseball Field,,,L
2026-2027,Baseball,Boys,Varsity,2027-04-14,16:00,Braintree High School,Milton Academy,Braintree High School,Braintree High School Varsity Baseball Field,,,L
2026-2027,Baseball,Boys,Varsity,2027-04-28,16:00,Braintree High School,Weymouth High School,Braintree High School,Braintree High School Varsity Baseball Field,,,L
2026-2027,Baseball,Boys,Varsity,2027-05-03,15:45,Braintree High School,Natick High School,Braintree High School,Braintree High School Varsity Baseball Field,,,L
2026-2027,Baseball,Boys,Varsity,2027-05-05,16:30,Braintree High School,Newton North High School,Newton North High School,Newton North High School Lowell Avenue Field,,,L
2026-2027,Baseball,Boys,Varsity,2027-05-10,16:00,Braintree High School,Needham High School,Braintree High School,Braintree High School Varsity Baseball Field,,,L
2026-2027,Baseball,Boys,Varsity,2027-05-12,16:00,Braintree High School,Walpole High School,Walpole High School,Walpole Middle School Soccer Field,,,L
2026-2027,Baseball,Boys,Varsity,2027-05-17,15:45,Braintree High School,Milton High School,Milton High School,Milton - Cunningham Park Baseball Diamond,,,L
2026-2027,Baseball,Boys,Varsity,2027-05-24,16:00,Braintree High School,Framingham High School,Framingham High School,Framingham - Bowditch Field,,,L
2026-2027,Basketball,Boys,Varsity,2026-12-08,16:30,Braintree High School,Xaverian Brothers High School,Xaverian Brothers High School,Xaverian Brothers High School Varsity Gym,,,S
2026-2027,Basketball,Boys,Varsity,2027-01-02,13:30,Braintree High School,Oliver Ames High School,Oliver Ames High School,Oliver Ames High School Nixon Gym,,,N
2026-2027,Basketball,Boys,Varsity,2027-01-29,15:45,Braintree High School,Walpole High School,Walpole High School,Walpole High School Gym,,,L
2026-2027,Basketball,Boys,Varsity,2027-01-29,18:30,Braintree High School,Walpole High School,Walpole High School,Walpole High School Gym,,,L
2026-2027,Basketball,Boys,Varsity,2027-02-11,18:30,Braintree High School,Weymouth High School,Weymouth High School,Weymouth High School Gymnasium,,,L
2026-2027,Basketball,Boys,Sub-Varsity,2027-01-02,10:30,Braintree High School,Oliver Ames High School,Oliver Ames High School,Oliver Ames High School Nixon Gym,,,N
2026-2027,Basketball,Boys,Sub-Varsity,2027-02-11,15:45,Braintree High School,Weymouth High School,Weymouth High School,Weymouth High School Gymnasium,,,L
2026-2027,Basketball,Coed,Unified,2026-10-01,15:00,Braintree High School,Weymouth High School,Braintree High School,Braintree High School Herget Gymnasium,,,L
2026-2027,Basketball,Coed,Unified,2026-10-05,15:00,Braintree High School,Brockton High School,Braintree High School,Braintree High School Herget Gymnasium,,,N
2026-2027,Basketball,Coed,Unified,2026-11-02,15:30,Braintree High School,Westwood High School,Westwood High School,Westwood High School High School Gym,,,N
2026-2027,Basketball,Boys,Sub-Varsity,2027-01-02,12:00,Braintree High School,Oliver Ames High School,Oliver Ames High School,Oliver Ames High School Nixon Gym,,,N
2026-2027,Basketball,Boys,Sub-Varsity,2027-01-29,17:15,Braintree High School,Walpole High School,Walpole High School,Walpole High School Gym,,,L
2026-2027,Basketball,Boys,Sub-Varsity,2027-02-11,17:15,Braintree High School,Weymouth High School,Weymouth High School,Weymouth High School Gymnasium,,,L
2026-2027,Baseball,Boys,Sub-Varsity,2027-03-29,15:45,Braintree High School,Brookline High School,Brookline High School,Amory Playground Amory Baseball Field,,,L
2026-2027,Baseball,Boys,Sub-Varsity,2027-03-31,15:45,Braintree High School,Wellesley High School,Braintree High School,Braintree High School JV Baseball Field,,,L
2026-2027,Baseball,Boys,Sub-Varsity,2027-04-05,15:45,Braintree High School,Weymouth High School,Weymouth High School,Weymouth High School brad hawes field,,,L
2026-2027,Baseball,Boys,Sub-Varsity,2027-04-07,15:45,Braintree High School,Needham High School,Needham High School,Needham-Defazio Complex Warner Baseball Diamond,,,L
2026-2027,Baseball,Boys,Sub-Varsity,2027-04-12,15:45,Braintree High School,Walpole High School,Braintree High School,Braintree High School JV Baseball Field,,,L
2026-2027,Baseball,Boys,Sub-Varsity,2027-04-14,15:45,Braintree High School,Milton High School,Braintree High School,Braintree High School JV Baseball Field,,,L
2026-2027,Baseball,Boys,Sub-Varsity,2027-04-28,15:45,Braintree High School,Weymouth High School,Braintree High School,Braintree High School JV Baseball Field,,,L
2026-2027,Baseball,Boys,Sub-Varsity,2027-05-03,15:45,Braintree High School,Natick High School,Braintree High School,Braintree High School JV Baseball Field,,,L
2026-2027,Baseball,Boys,Sub-Varsity,2027-05-05,16:30,Braintree High School,Newton North High School,Newton North High School,Newton/Waban - Lincoln-Warren Field Baseball Field,,,L
2026-2027,Baseball,Boys,Sub-Varsity,2027-05-10,15:45,Braintree High School,Needham High School,Braintree High School,Braintree High School JV Baseball Field,,,L
2026-2027,Baseball,Boys,Sub-Varsity,2027-05-12,15:45,Braintree High School,Walpole High School,Walpole High School,Walpole SM Lorusso & Sons Athletic Complex Baseball Field,,,L
2026-2027,Baseball,Boys,Sub-Varsity,2027-05-17,15:45,Braintree High School,Milton High School,Milton High School,Milton High School Gile Grass (MHS),,,L
2026-2027,Baseball,Boys,Sub-Varsity,2027-05-24,15:45,Braintree High School,Framingham High School,Framingham High School,Framingham High School Read Field,,,L
2026-2027,Basketball,Girls,Sub-Varsity,2026-12-15,17:00,Braintree High School,Milton High School,Braintree High School,Braintree High School Herget Gymnasium,,,L
2026-2027,Basketball,Girls,Sub-Varsity,2026-12-17,17:00,Braintree High School,Quincy High School,Braintree High School,Braintree High School Herget Gymnasium,,,L
2026-2027,Basketball,Girls,Sub-Varsity,2026-12-22,13:30,Braintree High School,Framingham High School,Framingham High School,Framingham High School Gym,,,L
2026-2027,Basketball,Girls,Sub-Varsity,2026-12-28,17:00,Braintree High School,North Quincy High School,Braintree High School,Braintree High School Herget Gymnasium,,,N
2026-2027,Basketball,Girls,Sub-Varsity,2027-01-05,17:15,Braintree High School,Walpole High School,Walpole High School,Walpole High School Gym,,,L
2026-2027,Basketball,Girls,Sub-Varsity,2027-01-08,17:00,Braintree High School,Needham High School,Braintree High School,Braintree High School Herget Gymnasium,,,L
2026-2027,Basketball,Girls,Sub-Varsity,2027-01-12,17:00,Braintree High School,Natick High School,Braintree High School,Braintree High School Herget Gymnasium,,,L
2026-2027,Basketball,Girls,Sub-Varsity,2027-01-15,17:15,Braintree High School,Weymouth High School,Weymouth High School,Weymouth HS Gym,,,L
2026-2027,Basketball,Girls,Sub-Varsity,2027-01-19,17:15,Braintree High School,Milton High School,Milton High School,Milton High School Copeland Field House,,,L
2026-2027,Basketball,Girls,Sub-Varsity,2027-01-22,17:00,Braintree High School,Newton North High School,Braintree High School,Braintree High School Herget Gymnasium,,,L
2026-2027,Basketball,Girls,Sub-Varsity,2027-01-29,17:00,Braintree High School,Walpole High School,Braintree High School,Braintree High School Herget Gymnasium,,,L
2026-2027,Basketball,Girls,Sub-Varsity,2027-02-02,17:15,Braintree High School,Wellesley High School,Wellesley High School,Wellesley High School Gym,,,L
2026-2027,Basketball,Girls,Sub-Varsity,2027-02-05,17:15,Braintree High School,Needham High School,Needham High School,Needham High School A Gym,,,L
2026-2027,Basketball,Girls,Sub-Varsity,2027-02-09,18:00,Braintree High School,Brookline High School,Brookline High School,Brookline High School Schluntz Gym,,,L
2026-2027,Basketball,Girls,Sub-Varsity,2027-02-11,17:00,Braintree High School,Weymouth High School,Braintree High School,Braintree High School Herget Gymnasium,,,L
2026-2027,Basketball,Girls,Sub-Varsity,2026-12-15,15:45,Braintree High School,Milton High School,Braintree High School,Braintree High School Herget Gymnasium,,,L
2026-2027,Basketball,Girls,Sub-Varsity,2027-01-05,15:45,Braintree High School,Walpole High School,Walpole High School,Walpole High School Gym,,,L
2026-2027,Basketball,Girls,Sub-Varsity,2027-01-08,15:45,Braintree High School,Needham High School,Braintree High School,Braintree High School Herget Gymnasium,,,L
2026-2027,Basketball,Girls,Sub-Varsity,2027-01-12,15:45,Braintree High School,Natick High School,Braintree High School,Braintree High School Herget Gymnasium,,,L
2026-2027,Basketball,Girls,Sub-Varsity,2027-01-15,15:45,Braintree High School,Weymouth High School,Weymouth High School,Weymouth HS Gym,,,L
2026-2027,Basketball,Girls,Sub-Varsity,2027-01-19,15:45,Braintree High School,Milton High School,Milton High School,Milton High School Copeland Field House,,,L
2026-2027,Basketball,Girls,Sub-Varsity,2027-01-22,15:45,Braintree High School,Newton North High School,Braintree High School,Braintree High School Herget Gymnasium,,,L
2026-2027,Basketball,Girls,Sub-Varsity,2027-01-29,15:45,Braintree High School,Walpole High School,Braintree High School,Braintree High School Herget Gymnasium,,,L
2026-2027,Basketball,Girls,Sub-Varsity,2027-02-02,15:45,Braintree High School,Wellesley High School,Wellesley High School,Sprague School Sprague School,,,L
2026-2027,Basketball,Girls,Sub-Varsity,2027-02-05,16:00,Braintree High School,Needham High School,Needham High School,Needham High School A Gym,,,L
2026-2027,Basketball,Girls,Sub-Varsity,2027-02-09,16:30,Braintree High School,Brookline High School,Brookline High School,Brookline High School Tappan Gym,,,L
2026-2027,Basketball,Girls,Sub-Varsity,2027-02-11,15:45,Braintree High School,Weymouth High School,Braintree High School,Braintree High School Herget Gymnasium,,,L
2026-2027,Cross Country,Boys,Varsity,2026-09-16,16:00,Braintree High School,Needham High School with 1 others,Needham High School with 1 others,Needham - Cutler Park Cutler Park - Needham,,,L
2026-2027,Cross Country,Boys,Varsity,2026-09-23,16:00,Braintree High School,Natick High School with 1 others,Braintree High School,Braintree High School Cross Country Course,,,L
2026-2027,Cross Country,Boys,Varsity,2026-09-30,16:00,Braintree High School,Newton North High School,Braintree High School,Braintree High School Cross Country Course,,,L
2026-2027,Cross Country,Boys,Varsity,2026-10-07,16:00,Braintree High School,Walpole High School,Walpole High School,Walpole High School Multipurpose Turf Field,,,L
2026-2027,Cross Country,Boys,Varsity,2026-10-14,16:00,Braintree High School,Framingham High School,Framingham High School,Framingham High School Farm Pond,,,L
2026-2027,Cross Country,Boys,Varsity,2026-10-21,16:00,Braintree High School,Milton High School,Milton High School,Houghton's Pond XC Course,,,L
2026-2027,Cross Country,Girls,Varsity,2026-09-16,16:00,Braintree High School,Needham High School with 1 others,Needham High School with 1 others,Needham - Cutler Park Cutler Park - Needham,,,L
2026-2027,Cross Country,Girls,Varsity,2026-09-23,16:00,Braintree High School,Natick High School with 1 others,Braintree High School,Braintree High School Cross Country Course,,,L
2026-2027,Cross Country,Girls,Varsity,2026-09-30,16:00,Braintree High School,Newton North High School,Braintree High School,Braintree High School Cross Country Course,,,L
2026-2027,Cross Country,Girls,Varsity,2026-10-07,16:00,Braintree High School,Walpole High School,Walpole High School,Walpole High School Multipurpose Turf Field,,,L
2026-2027,Cross Country,Girls,Varsity,2026-10-14,16:00,Braintree High School,Framingham High School,Framingham High School,Framingham High School Farm Pond,,,L
2026-2027,Cross Country,Girls,Varsity,2026-10-21,16:00,Braintree High School,Milton High School,Milton High School,Houghton's Pond XC Course,,,L
2026-2027,Basketball,Girls,Varsity,2026-12-15,18:30,Braintree High School,Milton High School,Braintree High School,Braintree High School Herget Gymnasium,,,L
2026-2027,Basketball,Girls,Varsity,2026-12-17,18:30,Braintree High School,Quincy High School,Braintree High School,Braintree High School Herget Gymnasium,,,N
2026-2027,Basketball,Girls,Varsity,2026-12-22,15:00,Braintree High School,Framingham High School,Framingham High School,Framingham High School Gym,,,L
2026-2027,Basketball,Girls,Varsity,2026-12-28,18:30,Braintree High School,North Quincy High School,Braintree High School,Braintree High School Herget Gymnasium,,,N
2026-2027,Basketball,Girls,Varsity,2027-01-05,18:30,Braintree High School,Walpole High School,Walpole High School,Walpole High School Gym,,,L
2026-2027,Basketball,Girls,Varsity,2027-01-08,18:30,Braintree High School,Needham High School,Braintree High School,Braintree High School Herget Gymnasium,,,L
2026-2027,Basketball,Girls,Varsity,2027-01-12,18:30,Braintree High School,Natick High School,Braintree High School,Braintree High School Herget Gymnasium,,,L
2026-2027,Basketball,Girls,Varsity,2027-01-15,18:30,Braintree High School,Weymouth High School,Weymouth High School,Weymouth HS Gym,,,L
2026-2027,Basketball,Girls,Varsity,2027-01-19,18:30,Braintree High School,Milton High School,Milton High School,Milton High School Copeland Field House,,,L
2026-2027,Basketball,Girls,Varsity,2027-01-22,18:30,Braintree High School,Newton North High School - Newton North,Braintree High School,Braintree High School Herget Gymnasium,,,L
2026-2027,Basketball,Girls,Varsity,2027-01-29,18:30,Braintree High School,Walpole High School,Braintree High School,Braintree High School Herget Gymnasium,,,L
2026-2027,Basketball,Girls,Varsity,2027-02-02,18:30,Braintree High School,Wellesley High School,Wellesley High School,Wellesley High School Gym,,,L
2026-2027,Basketball,Girls,Varsity,2027-02-05,18:30,Braintree High School,Needham High School,Needham High School,Needham High School A Gym,,,L
2026-2027,Basketball,Girls,Varsity,2027-02-09,16:30,Braintree High School,Brookline High School,Brookline High School,Brookline High School Schluntz Gym,,,L
2026-2027,Basketball,Girls,Varsity,2027-02-11,18:30,Braintree High School,Weymouth High School,Braintree High School,Braintree High School Herget Gymnasium,,,L
2026-2027,Basketball,Girls,Varsity,2027-02-14,11:00,Braintree High School,Cathedral High School,Braintree High School,Winchester HS Gym,,,T
2026-2027,Field Hockey,Girls,Varsity,2026-08-28,10:00,Braintree High School,Brookline High School,Brookline High School,Downes Field (Brookline) Downes Field Turf,,,S
2026-2027,Field Hockey,Girls,Varsity,2026-09-03,16:00,Braintree High School,Duxbury High School,Braintree High School,Braintree High School Back Field Turf,,,S
2026-2027,Field Hockey,Girls,Varsity,2026-09-09,16:00,Braintree High School,Walpole High School,Walpole High School,Walpole High School Multipurpose Turf Field,Walpole High School,0-6,L
2026-2027,Field Hockey,Girls,Varsity,2026-09-14,18:30,Braintree High School,Natick High School,Natick High School,Natick High School Multipurpose Turf Field,Natick High School,0-5,L
2026-2027,Field Hockey,Girls,Varsity,2026-09-16,16:30,Braintree High School,Newton North High School,Braintree High School,Braintree High School Back Field Turf,Braintree High School,1-0,L
2026-2027,Field Hockey,Girls,Varsity,2026-09-21,16:00,Braintree High School,Norwell High School,Braintree High School,Braintree High School Back Field Turf,Braintree High School,6-3,N
2026-2027,Field Hockey,Girls,Varsity,2026-09-23,16:30,Braintree High School,Milton High School,Milton High School,Milton High School Brooks Field Turf,Milton High School,1-8,L
2026-2027,Field Hockey,Girls,Varsity,2026-09-28,16:00,Braintree High School,Walpole High School,Braintree High School,Braintree High School Back Field Turf,,,L
2026-2027,Field Hockey,Girls,Varsity,2026-09-30,16:00,Braintree High School,Needham High School,Needham High School,Needham-Defazio Complex Turf #1 Founders,,,L
2026-2027,Field Hockey,Girls,Varsity,2026-10-03,16:00,Braintree High School,Norwell High School,Norwell High School,Norwell HS CCC - Stadium,,,N
2026-2027,Field Hockey,Girls,Varsity,2026-10-05,16:00,Braintree High School,Framingham High School,Braintree High School,Braintree High School Back Field Turf,,,L
2026-2027,Field Hockey,Girls,Varsity,2026-10-07,16:00,Braintree High School,Weymouth High School,Weymouth High School,Legion Field (Weymouth) Multipurpose Turf Field,,,L
2026-2027,Field Hockey,Girls,Varsity,2026-10-09,16:00,Braintree High School,Hanover High School - MA,Hanover High School - MA,Hanover High School Synthetic Turf,,,N
2026-2027,Field Hockey,Girls,Varsity,2026-10-14,16:00,Braintree High School,Milton High School,Braintree High School,Braintree High School Back Field Turf,,,L
2026-2027,Field Hockey,Girls,Varsity,2026-10-16,16:00,Braintree High School,Hanover High School - MA,Braintree High School,Braintree High School Back Field Turf,,,N
2026-2027,Field Hockey,Girls,Varsity,2026-10-19,16:00,Braintree High School,Wellesley High School,Wellesley High School,Wellesley High School Stadium,,,L
2026-2027,Field Hockey,Girls,Varsity,2026-10-21,16:00,Braintree High School,Needham High School,Braintree High School,Braintree High School Back Field Turf,,,L
2026-2027,Field Hockey,Girls,Varsity,2026-10-26,16:00,Braintree High School,Weymouth High School,Braintree High School,Braintree High School Back Field Turf,,,L
2026-2027,Field Hockey,Girls,Varsity,2026-10-28,18:00,Braintree High School,Brookline High School,Braintree High School,Braintree High School Back Field Turf,,,L
2026-2027,Field Hockey,Girls,Varsity,2026-10-30,15:45,Attleboro High School,Braintree High School,Attleboro High School,Attleboro High School Tozier-Cassidy,,,N
2026-2027,Football,Boys,Varsity,2026-09-03,18:30,Braintree High School,Canton High School,Canton High School,Canton High School Turf WWII Vet Mem,,,S
2026-2027,Football,Boys,Varsity,2026-09-10,18:00,Braintree High School,Wellesley High School,Braintree High School,Braintree High School Alumni Stadium,Braintree High School,13-10,L
2026-2027,Football,Boys,Varsity,2026-09-18,19:00,Braintree High School,Quincy High School,Quincy High School,Quincy-Veterans Memorial Fld 1-Turf,Quincy High School,12-44,N
2026-2027,Football,Boys,Varsity,2026-09-25,16:30,Braintree High School,Framingham High School,Braintree High School,Braintree High School Alumni Stadium,Framingham High School,27-36,L
2026-2027,Football,Boys,Varsity,2026-10-02,18:30,Braintree High School,Durfee High School,Durfee High School,Durfee High School Stadium Turf,,,N
2026-2027,Football,Boys,Varsity,2026-10-09,19:00,Braintree High School,Weymouth High School,Weymouth High School,Weymouth HS Stadium,,,L
2026-2027,Football,Boys,Varsity,2026-10-16,18:00,Braintree High School,Needham High School,Braintree High School,Braintree High School Alumni Stadium,,,L
2026-2027,Football,Boys,Varsity,2026-10-23,18:00,Braintree High School,Walpole High School,Braintree High School,Braintree High School Alumni Stadium,,,L
2026-2027,Football,Boys,Varsity,2026-10-30,18:00,Braintree High School,Newton North High School,Braintree High School,Braintree High School Alumni Stadium,,,L
2026-2027,Football,Boys,Varsity,2026-11-26,10:00,Braintree High School,Milton High School,Milton High School,Milton High School Brooks Field Turf,,,L
2026-2027,Field Hockey,Girls,Sub-Varsity,2026-08-28,11:15,Braintree High School,Brookline High School,Brookline High School,Downes Field (Brookline) Downes Field Turf,,,S
2026-2027,Field Hockey,Girls,Sub-Varsity,2026-09-03,17:15,Braintree High School,Duxbury High School,Braintree High School,Braintree High School Back Field Turf,,,S
2026-2027,Field Hockey,Girls,Sub-Varsity,2026-09-09,17:15,Braintree High School,Walpole High School,Walpole High School,Walpole High School Multipurpose Turf Field,,,L
2026-2027,Field Hockey,Girls,Sub-Varsity,2026-09-14,17:15,Braintree High School,Natick High School,Natick High School,Natick High School Multipurpose Turf Field,,,L
2026-2027,Field Hockey,Girls,Sub-Varsity,2026-09-16,17:45,Braintree High School,Newton North High School,Braintree High School,Braintree High School Back Field Turf,,,L
2026-2027,Field Hockey,Girls,Sub-Varsity,2026-09-21,17:15,Braintree High School,Norwell High School,Braintree High School,Braintree High School Back Field Turf,,,N
2026-2027,Field Hockey,Girls,Sub-Varsity,2026-09-23,17:45,Braintree High School,Milton High School,Milton High School,Milton High School Brooks Field Turf,,,L
2026-2027,Field Hockey,Girls,Sub-Varsity,2026-09-28,17:15,Braintree High School,Walpole High School,Braintree High School,Braintree High School Back Field Turf,,,L
2026-2027,Field Hockey,Girls,Sub-Varsity,2026-09-30,17:15,Braintree High School,Needham High School,Needham High School,Needham-Defazio Complex Turf #1 Founders,,,L
2026-2027,Field Hockey,Girls,Sub-Varsity,2026-10-03,17:15,Braintree High School,Norwell High School,Norwell High School,Norwell HS CCC - Stadium,,,N
2026-2027,Field Hockey,Girls,Sub-Varsity,2026-10-05,17:15,Braintree High School,Framingham High School,Braintree High School,Braintree High School Back Field Turf,,,L
2026-2027,Field Hockey,Girls,Sub-Varsity,2026-10-07,17:15,Braintree High School,Weymouth High School,Weymouth High School,Legion Field (Weymouth) Multipurpose Turf Field,,,L
2026-2027,Field Hockey,Girls,Sub-Varsity,2026-10-09,16:00,Braintree High School,Hanover High School - MA,Braintree High School,Braintree High School Back Field Turf,,,N
2026-2027,Field Hockey,Girls,Sub-Varsity,2026-10-14,17:15,Braintree High School,Milton High School,Braintree High School,Braintree High School Back Field Turf,,,L
2026-2027,Field Hockey,Girls,Sub-Varsity,2026-10-16,17:15,Braintree High School,Hanover High School - MA,Braintree High School,Braintree High School Back Field Turf,,,N
2026-2027,Field Hockey,Girls,Sub-Varsity,2026-10-19,17:15,Braintree High School,Wellesley High School,Wellesley High School,Wellesley High School Stadium,,,L
2026-2027,Field Hockey,Girls,Sub-Varsity,2026-10-21,17:15,Braintree High School,Needham High School,Braintree High School,Braintree High School Back Field Turf,,,L
2026-2027,Field Hockey,Girls,Sub-Varsity,2026-10-26,17:15,Braintree High School,Weymouth High School,Braintree High School,Braintree High School Back Field Turf,,,L
2026-2027,Field Hockey,Girls,Sub-Varsity,2026-10-28,16:30,Braintree High School,Brookline High School,Braintree High School,Braintree High School Back Field Turf,,,L
2026-2027,Field Hockey,Girls,Sub-Varsity,2026-10-30,17:00,Attleboro High School,Braintree High School,Attleboro High School,Attleboro High School Tozier-Cassidy,,,N
2026-2027,Football,Boys,Sub-Varsity,2026-09-12,11:00,Braintree High School,Hingham High School,Hingham High School,Hingham High School Turf Field,,,Normal
2026-2027,Football,Boys,Sub-Varsity,2026-09-19,12:00,Braintree High School,Quincy High School,Braintree High School,Braintree High School Alumni Stadium,,,Normal
2026-2027,Football,Boys,Sub-Varsity,2026-09-26,09:30,Braintree High School,Framingham High School,Framingham High School,Framingham High School Read Field,,,Canceled
2026-2027,Football,Boys,Sub-Varsity,2026-10-03,12:00,Braintree High School,Durfee High School,Braintree High School,Braintree High School Alumni Stadium,,,Normal
2026-2027,Football,Boys,Sub-Varsity,2026-10-10,12:00,Braintree High School,Weymouth High School,Braintree High School,Braintree High School Alumni Stadium,,,Normal
2026-2027,Football,Boys,Sub-Varsity,2026-10-17,13:00,Braintree High School,Needham High School,Needham High School,Needham - Memorial Field HS Turf,,,Normal
2026-2027,Football,Boys,Sub-Varsity,2026-10-31,10:30,Braintree High School,Newton North High School,Newton North High School,Newton North High School Dickinson Stadium,,,Normal
2026-2027,Field Hockey,Girls,Sub-Varsity,2026-09-09,16:00,Braintree High School,Walpole High School,Braintree High School,Braintree High School Back Field Turf,,,L
2026-2027,Field Hockey,Girls,Sub-Varsity,2026-09-11,16:00,Braintree High School,Hanover High School - MA,Hanover High School - MA,Hanover High School Synthetic Turf,,,N
2026-2027,Field Hockey,Girls,Sub-Varsity,2026-09-14,16:00,Braintree High School,Natick High School,Braintree High School,Braintree High School Back Field Turf,,,L
2026-2027,Field Hockey,Girls,Sub-Varsity,2026-09-18,16:00,Braintree High School,Silver Lake Regional HS,Silver Lake Regional HS,Silver Lake Regional High School Field Hockey Field (Outfield of Baseball Beyond Track),,,N
2026-2027,Field Hockey,Girls,Sub-Varsity,2026-09-23,16:00,Braintree High School,Milton High School,Braintree High School,Braintree High School Back Field Turf,,,L
2026-2027,Field Hockey,Girls,Sub-Varsity,2026-09-25,16:30,Braintree High School,Newton North High School,Newton North High School,Albemarle Field Multipurpose Turf Field,,,L
2026-2027,Field Hockey,Girls,Sub-Varsity,2026-09-28,16:00,Braintree High School,Walpole High School,Walpole High School,Walpole High School Turco Field (turf),,,L
2026-2027,Field Hockey,Girls,Sub-Varsity,2026-09-30,16:00,Braintree High School,Needham High School,Braintree High School,Braintree High School Back Field Turf,,,L
2026-2027,Field Hockey,Girls,Sub-Varsity,2026-10-02,16:00,Braintree High School,Silver Lake Regional HS,Braintree High School,Braintree High School Back Field Turf,,,N
2026-2027,Field Hockey,Girls,Sub-Varsity,2026-10-07,16:00,Braintree High School,Notre Dame Academy - Hing,Braintree High School,Braintree High School Back Field Turf,,,N
2026-2027,Field Hockey,Girls,Sub-Varsity,2026-10-09,17:00,Braintree High School,Hanover High School - MA,Braintree High School,Braintree High School Back Field Turf,,,N
2026-2027,Field Hockey,Girls,Sub-Varsity,2026-10-14,17:30,Braintree High School,Milton High School,Milton High School,Milton High School Brooks Field Turf,,,L
2026-2027,Field Hockey,Girls,Sub-Varsity,2026-10-19,16:00,Braintree High School,Wellesley High School,Braintree High School,Braintree High School Back Field Turf,,,L
2026-2027,Field Hockey,Girls,Sub-Varsity,2026-10-21,16:00,Braintree High School,Needham High School,Needham High School,Needham-Defazio Complex Turf #1 Founders,,,L
2026-2027,Field Hockey,Girls,Sub-Varsity,2026-10-28,16:00,Braintree High School,Brookline High School,Brookline High School,Brookline-Fisher Hill Multipurpose Turf Field,,,L
2026-2027,Football,Boys,Sub-Varsity,2026-09-11,16:00,Braintree High School,Wellesley High School,Wellesley High School,Wellesley High School Football Field,,,Normal
2026-2027,Football,Boys,Sub-Varsity,2026-09-19,10:00,Braintree High School,Quincy High School,Braintree High School,Braintree High School Alumni Stadium,,,Normal
2026-2027,Football,Boys,Sub-Varsity,2026-09-26,10:00,Braintree High School,Lincoln-Sudbury Regional High School,Lincoln-Sudbury Regional High School,Lincoln-Sudbury Regional High School (Sudbury) Stadium Field 7,,,Canceled
2026-2027,Football,Boys,Sub-Varsity,2026-10-03,10:00,Braintree High School,Durfee High School,Braintree High School,Braintree High School Alumni Stadium,,,Normal
2026-2027,Football,Boys,Sub-Varsity,2026-10-10,10:00,Braintree High School,Weymouth High School,Braintree High School,Braintree High School Alumni Stadium,,,Normal
2026-2027,Football,Boys,Sub-Varsity,2026-10-17,11:00,Braintree High School,Needham High School,Needham High School,Needham - Memorial Field HS Turf,,,Normal
2026-2027,Football,Boys,Sub-Varsity,2026-10-24,09:00,Braintree High School,Walpole High School,Walpole High School,Walpole High School Turco Field (turf),,,Normal
2026-2027,Football,Boys,Sub-Varsity,2026-10-31,09:00,Braintree High School,Newton North High School,Newton North High School,Newton North High School Dickinson Stadium,,,Normal
2026-2027,Golf,Boys,Sub-Varsity,2026-09-15,15:45,Braintree High School,Wellesley High School,Wellesley High School,Wellesley High School Sassamon Trace Golf Course Natick,,,L
2026-2027,Golf,Boys,Sub-Varsity,2026-09-29,15:30,Braintree High School,Wellesley High School,Braintree High School,Braintree Municipal Golf Course Golf Course,,,L
2026-2027,Golf,Boys,Sub-Varsity,2026-09-30,15:30,Braintree High School,Natick High School,Braintree High School,Braintree Municipal Golf Course Golf Course,,,L
2026-2027,Golf,Boys,Sub-Varsity,2026-10-07,15:30,Braintree High School,Milton High School,Braintree High School,Braintree Municipal Golf Course Golf Course,,,L
2026-2027,Golf,Boys,Sub-Varsity,2026-10-08,15:15,Braintree High School,Milton High School,Milton High School,Ponkapoag Golf Course Ponkapoag Golf Course,,,L
2026-2027,Golf,Boys,Varsity,2026-09-03,15:30,Braintree High School,Needham High School,Braintree High School,Braintree Municipal Golf Course Golf Course,Braintree High School,228-247,L
2026-2027,Golf,Boys,Varsity,2026-09-08,15:30,Braintree High School,Newton North High School,Newton North High School,Newton - Brae Burn Country Club Golf Course,Braintree High School,209-231,L
2026-2027,Golf,Boys,Varsity,2026-09-09,15:30,Braintree High School,Walpole High School,Walpole High School,Walpole Country Club Walpole Coutry Club,Walpole High School,252-238,L
2026-2027,Golf,Boys,Varsity,2026-09-10,15:30,Braintree High School,Walpole High School,Braintree High School,Braintree Municipal Golf Course Golf Course,Braintree High School,227-250,L
2026-2027,Golf,Boys,Varsity,2026-09-14,15:30,Braintree High School,Needham High School,Needham High School,Needham Golf Club Needham Golf Club,Braintree High School,225-222,L
2026-2027,Golf,Boys,Varsity,2026-09-15,15:15,Braintree High School,Milton High School,Milton High School,Wollaston Golf Club Wollaston Golf Club,Braintree High School,246-231,L
2026-2027,Golf,Boys,Varsity,2026-09-17,15:30,Braintree High School,Milton High School,Braintree High School,Braintree Municipal Golf Course Golf Course,Braintree High School,234-225,L
2026-2027,Golf,Boys,Varsity,2026-09-22,15:30,Braintree High School,Wellesley High School,Wellesley High School,Nehoiden Nehoiden,Wellesley High School,223-222,L
2026-2027,Golf,Boys,Varsity,2026-09-23,15:15,Braintree High School,Xaverian Brothers High School,Xaverian Brothers High School,Xaverian Brothers High School Brookmeadow Country Club,Xaverian Brothers High School,234-231,N
2026-2027,Golf,Boys,Varsity,2026-09-24,15:00,Braintree High School,Weymouth High School,Braintree High School,Braintree Municipal Golf Course Golf Course,,,L
2026-2027,Golf,Boys,Varsity,2026-09-29,15:30,Braintree High School,Natick High School,Natick High School,Natick High School Sassamon Trace Golf Course,,,L
2026-2027,Golf,Boys,Varsity,2026-09-30,15:30,Braintree High School,Xaverian Brothers High School,Braintree High School,Braintree Municipal Golf Course Golf Course,,,N
2026-2027,Golf,Boys,Varsity,2026-10-01,15:30,Braintree High School,Framingham High School,Framingham High School,Framingham High School Framingham Country Club,,,L
2026-2027,Golf,Boys,Varsity,2026-10-05,15:30,Braintree High School,Newton North High School,Braintree High School,Braintree Municipal Golf Course Golf Course,,,L
2026-2027,Golf,Boys,Varsity,2026-10-06,15:00,Braintree High School,Weymouth High School,Weymouth High School,Weymouth High School weathervane,,,L
2026-2027,Golf,Boys,Varsity,2026-10-08,15:30,Braintree High School,Brookline High School,Braintree High School,Braintree Municipal Golf Course Golf Course,,,L
2026-2027,Hockey,Girls,Varsity,2027-01-06,20:00,Braintree High School,Walpole High School,Walpole High School,Cadillac Ice Arena - Walpole Olympic Rink,,,L
2026-2027,Hockey,Girls,Varsity,2027-01-18,16:00,Braintree High School,Canton High School,Canton High School,Canton Metropolis Rink Canton Metropolis Rink,,,N
2026-2027,Soccer,Boys,Varsity,2026-08-29,09:00,Braintree High School,Methuen High School,Braintree High School,Medford High School # 1,,,Normal
2026-2027,Soccer,Boys,Varsity,2026-08-29,11:00,Braintree High School,Wakefield Memorial High School,Braintree High School,Medford High School # 1,,,Normal
2026-2027,Soccer,Boys,Varsity,2026-08-29,13:00,Braintree High School,Excel High School,Braintree High School,Medford High School # 1,,,Normal
2026-2027,Soccer,Boys,Varsity,2026-08-31,16:00,Braintree High School,Xaverian Brothers High School,Braintree High School,Braintree High School Alumni Stadium,,,Normal
2026-2027,Soccer,Boys,Varsity,2026-09-03,15:30,Braintree High School,Hingham High School,Hingham High School,Hingham High School Turf Field,Hingham High School,0-1,Normal
2026-2027,Soccer,Boys,Varsity,2026-09-05,09:00,Braintree High School,Stoughton High School,Braintree High School,Braintree High School Alumni Stadium,,,Normal
2026-2027,Soccer,Boys,Varsity,2026-09-11,16:15,Braintree High School,Brookline High School,Brookline High School,Brookline-Skyline Park Turf,Brookline High School,1-4,Normal
2026-2027,Soccer,Boys,Varsity,2026-09-15,16:00,Braintree High School,Walpole High School,Braintree High School,Braintree High School Alumni Stadium,Braintree High School,3-2,Normal
2026-2027,Soccer,Boys,Varsity,2026-09-17,16:00,Braintree High School,Natick High School,Braintree High School,Braintree High School Alumni Stadium,Natick High School,0-2,Normal
2026-2027,Soccer,Boys,Varsity,2026-09-19,17:00,Braintree High School,Canton High School,Canton High School,Canton High School Turf WWII Vet Mem,Canton High School,1-2,Normal
2026-2027,Soccer,Boys,Varsity,2026-09-22,16:00,Braintree High School,Dover-Sherborn High School,Braintree High School,Braintree High School Alumni Stadium,Braintree High School,1-0,Normal
2026-2027,Soccer,Boys,Varsity,2026-09-24,16:30,Braintree High School,Newton North High School,Newton North High School,Newton North High School Dickinson Stadium,Newton North High School,0-3,Normal
2026-2027,Soccer,Boys,Varsity,2026-09-26,11:00,Braintree High School,Norwell High School,Braintree High School,Braintree High School Alumni Stadium,,,Postponed
2026-2027,Soccer,Boys,Varsity,2026-09-29,16:00,Braintree High School,Milton High School,Braintree High School,Braintree High School Alumni Stadium,,,Normal
2026-2027,Soccer,Boys,Varsity,2026-10-01,16:00,Braintree High School,Walpole High School,Walpole High School,Walpole Middle School Soccer Field,,,Normal
2026-2027,Soccer,Boys,Varsity,2026-10-06,16:00,Braintree High School,Needham High School,Braintree High School,Braintree High School Alumni Stadium,,,Normal
2026-2027,Soccer,Boys,Varsity,2026-10-08,16:00,Braintree High School,Framingham High School,Framingham High School,Framingham-Fuller MS Fld # 1,,,Normal
2026-2027,Soccer,Boys,Varsity,2026-10-13,16:00,Braintree High School,Taunton High School,Braintree High School,Braintree High School Alumni Stadium,,,Normal
2026-2027,Soccer,Boys,Varsity,2026-10-15,16:00,Braintree High School,Weymouth High School,Braintree High School,Braintree High School Alumni Stadium,,,Normal
2026-2027,Soccer,Boys,Varsity,2026-10-20,16:00,Braintree High School,Milton High School,Milton High School,Milton High School Brooks Field Turf,,,Normal
2026-2027,Soccer,Boys,Varsity,2026-10-22,18:00,Braintree High School,Wellesley High School,Braintree High School,Braintree High School Alumni Stadium,,,Normal
2026-2027,Soccer,Boys,Varsity,2026-10-27,16:00,Braintree High School,Needham High School,Needham High School,Needham-Defazio Complex Turf #2 Brock,,,Normal
2026-2027,Soccer,Boys,Varsity,2026-10-30,17:30,Braintree High School,Weymouth High School,Weymouth High School,Weymouth HS Stadium,,,Normal
2026-2027,Soccer,Boys,Varsity,2026-11-01,17:00,Braintree High School,Mansfield High School,Mansfield High School,Mansfield High School Alumni Field,,,Normal
2026-2027,Soccer,Boys,Sub-Varsity,2026-09-03,15:30,Braintree High School,Hingham High School,Hingham High School,Hingham High School Grass,,,Normal
2026-2027,Soccer,Boys,Sub-Varsity,2026-09-11,16:00,Braintree High School,Walpole High School,Walpole High School,Walpole Middle School Soccer Field,,,Normal
2026-2027,Soccer,Boys,Sub-Varsity,2026-09-14,16:00,Braintree High School,Natick High School,Natick High School,Natick High School Grass #13,,,Normal
2026-2027,Soccer,Boys,Sub-Varsity,2026-09-16,16:00,Braintree High School,Norwell High School,Norwell High School,NORWELL MIDDLE SCHOOL Back Field,,,Normal
2026-2027,Soccer,Boys,Sub-Varsity,2026-09-18,16:30,Braintree High School,Newton North High School,Braintree High School,Braintree High School Freshman Field,,,Normal
2026-2027,Soccer,Boys,Sub-Varsity,2026-09-22,16:30,Braintree High School,Dover-Sherborn High School,Braintree High School,Braintree High School Freshman Field,,,Canceled
2026-2027,Soccer,Boys,Sub-Varsity,2026-09-25,16:00,Braintree High School,Milton High School,Milton High School,Milton-Kelly Field Kelly Soccer Field,,,Normal
2026-2027,Soccer,Boys,Sub-Varsity,2026-09-28,16:00,Braintree High School,Walpole High School,Braintree High School,Braintree High School Freshman Field,,,Normal
2026-2027,Soccer,Boys,Sub-Varsity,2026-10-02,16:00,Braintree High School,Needham High School,Needham High School,Needham-High Rock Field Grass Field,,,Normal
2026-2027,Soccer,Boys,Sub-Varsity,2026-10-05,16:00,Braintree High School,Framingham High School,Braintree High School,Braintree High School Freshman Field,,,Normal
2026-2027,Soccer,Boys,Sub-Varsity,2026-10-09,16:00,Braintree High School,Weymouth High School,Weymouth High School,Weymouth Lovell Field Field 1,,,Normal
2026-2027,Soccer,Boys,Sub-Varsity,2026-10-16,16:00,Braintree High School,Milton High School,Braintree High School,Braintree High School Freshman Field,,,Normal
2026-2027,Soccer,Boys,Sub-Varsity,2026-10-19,16:00,Braintree High School,Wellesley High School,Wellesley High School,Wellesley High School Freshmen Field,,,Normal
2026-2027,Soccer,Boys,Sub-Varsity,2026-10-21,16:30,Braintree High School,Newton North High School,Newton North High School,Newton - Warren Fields #1,,,Normal
2026-2027,Soccer,Boys,Sub-Varsity,2026-10-23,16:00,Braintree High School,Needham High School,Braintree High School,Braintree High School Freshman Field,,,Normal
2026-2027,Soccer,Boys,Sub-Varsity,2026-10-26,16:00,Braintree High School,Weymouth High School,Braintree High School,Braintree High School Freshman Field,,,Normal
2026-2027,Soccer,Boys,Sub-Varsity,2026-10-30,16:00,Braintree High School,Brookline High School,Braintree High School,Braintree High School Freshman Field,,,Normal
2026-2027,Soccer,Boys,Sub-Varsity,2026-08-31,16:00,Braintree High School,Xaverian Brothers High School,Braintree High School,Braintree High School JV Field,,,Normal
2026-2027,Soccer,Boys,Sub-Varsity,2026-09-03,15:30,Braintree High School,Hingham High School,Hingham High School,Hingham High School Grass,,,Normal
2026-2027,Soccer,Boys,Sub-Varsity,2026-09-05,09:00,Braintree High School,Stoughton High School,Braintree High School,Braintree High School JV Field,,,Normal
2026-2027,Soccer,Boys,Sub-Varsity,2026-09-11,16:00,Braintree High School,Brookline High School,Brookline High School,Brookline High School Cypress Field,,,Normal
2026-2027,Soccer,Boys,Sub-Varsity,2026-09-15,16:00,Braintree High School,Walpole High School,Braintree High School,Braintree High School JV Field,,,Normal
2026-2027,Soccer,Boys,Sub-Varsity,2026-09-17,16:00,Braintree High School,Natick High School,Braintree High School,Braintree High School JV Field,,,Normal
2026-2027,Soccer,Boys,Sub-Varsity,2026-09-22,16:30,Braintree High School,Dover-Sherborn High School,Braintree High School,Braintree High School JV Field,,,Normal
2026-2027,Soccer,Boys,Sub-Varsity,2026-09-24,16:30,Braintree High School,Newton North High School,Newton North High School,Newton - Warren Fields #1,,,Normal
2026-2027,Soccer,Boys,Sub-Varsity,2026-09-26,11:00,Braintree High School,Norwell High School,Braintree High School,Braintree High School JV Field,,,Postponed
2026-2027,Soccer,Boys,Sub-Varsity,2026-09-29,16:00,Braintree High School,Milton High School,Braintree High School,Braintree High School JV Field,,,Normal
2026-2027,Soccer,Boys,Sub-Varsity,2026-10-01,16:00,Braintree High School,Walpole High School,Walpole High School,Walpole Middle School Soccer Field,,,Normal
2026-2027,Soccer,Boys,Sub-Varsity,2026-10-06,16:00,Braintree High School,Needham High School - JV1,Braintree High School,Braintree High School JV Field,,,Normal
2026-2027,Soccer,Boys,Sub-Varsity,2026-10-08,16:00,Braintree High School,Framingham High School,Framingham High School,Framingham High School Winch Field,,,Normal
2026-2027,Soccer,Boys,Sub-Varsity,2026-10-13,16:00,Braintree High School,Taunton High School,Braintree High School,Braintree High School JV Field,,,Normal
2026-2027,Soccer,Boys,Sub-Varsity,2026-10-15,16:00,Braintree High School,Weymouth High School,Braintree High School,Braintree High School JV Field,,,Normal
2026-2027,Soccer,Boys,Sub-Varsity,2026-10-20,16:00,Braintree High School,Milton High School,Milton High School,Milton High School Gile Grass (MHS),,,Normal
2026-2027,Soccer,Boys,Sub-Varsity,2026-10-22,16:00,Braintree High School,Wellesley High School,Braintree High School,Braintree High School JV Field,,,Normal
2026-2027,Soccer,Boys,Sub-Varsity,2026-10-27,16:00,Braintree High School,Needham High School - JV1,Needham High School - JV1,Needham-Defazio Complex Conroy Grass,,,Normal
2026-2027,Soccer,Boys,Sub-Varsity,2026-10-30,16:00,Braintree High School,Weymouth High School,Weymouth High School,Weymouth HS #2,,,Normal
2026-2027,Soccer,Boys,Sub-Varsity,2026-11-01,17:00,Braintree High School,Mansfield High School,Mansfield High School,Mansfield High School Alumni Field,,,Normal
2026-2027,Hockey,Boys,Varsity,2027-01-30,19:00,Braintree High School,Walpole High School,Walpole High School,Rodman Arena Rodman Arena - NHL,,,L
2026-2027,Hockey,Boys,Varsity,2027-02-01,19:20,Braintree High School,Wachusett Regional High School,Wachusett Regional High School,North Star Youth Forum (Westborough) Rink A,,,N
2026-2027,Soccer,Girls,Sub-Varsity,2026-08-29,11:00,Braintree High School,Silver Lake Regional HS,Silver Lake Regional HS,Silver Lake Regional High School Softball Complex,,,Normal
2026-2027,Soccer,Girls,Sub-Varsity,2026-09-11,16:00,Archbishop Williams High School,Braintree High School,Braintree High School,Braintree High School JV Field,,,Normal
2026-2027,Soccer,Girls,Sub-Varsity,2026-09-15,16:00,Braintree High School,Walpole High School,Walpole High School,Walpole Middle School Soccer Field,,,Normal
2026-2027,Soccer,Girls,Sub-Varsity,2026-09-17,16:00,Braintree High School,Natick High School,Natick High School,Natick High School Grass #12,,,Postponed
2026-2027,Soccer,Girls,Sub-Varsity,2026-09-24,16:30,Braintree High School,Newton North High School,Braintree High School,Braintree High School JV Field,,,Normal
2026-2027,Soccer,Girls,Sub-Varsity,2026-09-26,13:00,Braintree High School,Central Catholic High School,Braintree High School,Braintree High School JV Field,,,Postponed
2026-2027,Soccer,Girls,Sub-Varsity,2026-09-29,16:00,Braintree High School,Milton High School,Milton High School,Milton High School Gile Grass (MHS),,,Normal
2026-2027,Soccer,Girls,Sub-Varsity,2026-10-01,16:00,Braintree High School,Walpole High School,Braintree High School,Braintree High School JV Field,,,Normal
2026-2027,Soccer,Girls,Sub-Varsity,2026-10-06,16:15,Braintree High School,Needham High School,Needham High School,Needham-Cricket Field Field #1,,,Normal
2026-2027,Soccer,Girls,Sub-Varsity,2026-10-08,16:00,Braintree High School,Framingham High School,Braintree High School,Braintree High School JV Field,,,Normal
2026-2027,Soccer,Girls,Sub-Varsity,2026-10-10,11:00,Braintree High School,Lexington High School,Braintree High School,Braintree High School JV Field,,,Normal
2026-2027,Soccer,Girls,Sub-Varsity,2026-10-15,16:00,Braintree High School,Weymouth High School,Weymouth High School,Weymouth HS Stadium,,,Normal
2026-2027,Soccer,Girls,Sub-Varsity,2026-10-17,11:00,Braintree High School,Plymouth North High School,Plymouth North High School,Plymouth North High School Cryer Field- Baseball,,,Normal
2026-2027,Soccer,Girls,Sub-Varsity,2026-10-20,16:00,Braintree High School,Milton High School,Braintree High School,Braintree High School JV Field,,,Normal
2026-2027,Soccer,Girls,Sub-Varsity,2026-10-22,16:00,Braintree High School,Wellesley High School,Wellesley High School,Wellesley High School Hunnewell JV Field,,,Normal
2026-2027,Soccer,Girls,Sub-Varsity,2026-10-26,16:00,Braintree High School,Needham High School,Braintree High School,Braintree High School JV Field,,,Normal
2026-2027,Soccer,Girls,Sub-Varsity,2026-10-29,16:00,Braintree High School,Weymouth High School,Braintree High School,Braintree High School JV Field,,,Normal
2026-2027,Soccer,Girls,Sub-Varsity,2026-11-02,16:00,Braintree High School,Brookline High School,Braintree High School,Braintree High School JV Field,,,Normal
2026-2027,Soccer,Girls,Varsity,2026-08-27,17:00,Braintree High School,Holliston High School,Braintree High School,Braintree High School Alumni Stadium,Braintree High School,6-0,Normal
2026-2027,Soccer,Girls,Varsity,2026-08-29,11:00,Braintree High School,Silver Lake Regional HS,Silver Lake Regional HS,Silver Lake Regional High School Track Facility,Braintree High School,2-0,Normal
2026-2027,Soccer,Girls,Varsity,2026-08-31,17:00,Braintree High School,Whitman-Hanson Reg High School,Whitman-Hanson Reg High School,Whitman-Hanson Regional High School O'Brien Field,,,Normal
2026-2027,Soccer,Girls,Varsity,2026-09-02,18:00,Bishop Feehan High School,Braintree High School,Bishop Feehan High School,Bishop Feehan High School McGrath Stadium,,,Normal
2026-2027,Soccer,Girls,Varsity,2026-09-11,16:00,Archbishop Williams High School,Braintree High School,Braintree High School,Braintree High School Alumni Stadium,Tie,0-0,Normal
2026-2027,Soccer,Girls,Varsity,2026-09-15,16:00,Braintree High School,Walpole High School,Walpole High School,Walpole Middle School Soccer Field,Braintree High School,3-0,Normal
2026-2027,Soccer,Girls,Varsity,2026-09-17,16:30,Braintree High School,Natick High School,Natick High School,Natick High School Multipurpose Turf Field,Natick High School,2-3,Normal
2026-2027,Soccer,Girls,Varsity,2026-09-19,19:00,Braintree High School,Canton High School,Canton High School,Canton High School Turf WWII Vet Mem,Braintree High School,3-1,Normal
2026-2027,Soccer,Girls,Varsity,2026-09-24,16:30,Braintree High School,Newton North High School - Newton North,Braintree High School,Braintree High School Alumni Stadium,Braintree High School,2-1,Normal
2026-2027,Soccer,Girls,Varsity,2026-09-26,13:00,Braintree High School,Central Catholic High School,Braintree High School,Braintree High School Alumni Stadium,,,Postponed
2026-2027,Soccer,Girls,Varsity,2026-09-29,16:30,Braintree High School,Milton High School,Milton High School,Milton High School Brooks Field Turf,,,Normal
2026-2027,Soccer,Girls,Varsity,2026-10-01,16:00,Braintree High School,Walpole High School,Braintree High School,Braintree High School Alumni Stadium,,,Normal
2026-2027,Soccer,Girls,Varsity,2026-10-06,16:00,Braintree High School,Needham High School,Needham High School,Needham-Cricket Field Field #1,,,Normal
2026-2027,Soccer,Girls,Varsity,2026-10-08,17:00,Braintree High School,Framingham High School,Braintree High School,Braintree High School Alumni Stadium,,,Normal
2026-2027,Soccer,Girls,Varsity,2026-10-10,11:00,Braintree High School,Lexington High School,Braintree High School,Braintree High School Alumni Stadium,,,Normal
2026-2027,Soccer,Girls,Varsity,2026-10-15,17:30,Braintree High School,Weymouth High School,Weymouth High School,Weymouth High School Turf,,,Normal
2026-2027,Soccer,Girls,Varsity,2026-10-17,11:00,Braintree High School,Plymouth North High School,Plymouth North High School,Plymouth North High School Romano Field,,,Normal
2026-2027,Soccer,Girls,Varsity,2026-10-20,18:00,Braintree High School,Milton High School,Braintree High School,Braintree High School Alumni Stadium,,,Normal
2026-2027,Soccer,Girls,Varsity,2026-10-22,16:00,Braintree High School,Wellesley High School,Wellesley High School,Wellesley High School Stadium,,,Normal
2026-2027,Soccer,Girls,Varsity,2026-10-26,16:00,Braintree High School,Needham High School,Braintree High School,Braintree High School Alumni Stadium,,,Normal
2026-2027,Soccer,Girls,Varsity,2026-10-29,16:00,Braintree High School,Weymouth High School,Braintree High School,Braintree High School Alumni Stadium,,,Normal
2026-2027,Soccer,Girls,Varsity,2026-11-02,16:00,Braintree High School,Brookline High School,Braintree High School,Braintree High School Alumni Stadium,,,Normal
2026-2027,Swimming & Diving,Girls,Varsity,2026-09-15,17:30,Braintree High School,Walpole High School,Braintree High School,Blue Hills Regional HS Pool,Walpole High School,71-97,L
2026-2027,Swimming & Diving,Girls,Varsity,2026-09-18,17:00,Braintree High School,Needham High School,Needham High School,Babson College Morse Swimming Pool,Needham High School,61-100,L
2026-2027,Swimming & Diving,Girls,Varsity,2026-09-24,17:30,Braintree High School,Natick High School,Braintree High School,Blue Hills Regional HS Pool,,,L
2026-2027,Swimming & Diving,Girls,Varsity,2026-09-29,17:30,Braintree High School,Newton North High School,Braintree High School,Blue Hills Regional HS Pool,,,L
2026-2027,Swimming & Diving,Girls,Varsity,2026-10-03,12:45,Braintree High School,Framingham High School,Framingham High School,Wayland Community Pool Wayland Community Pool,,,L
2026-2027,Swimming & Diving,Girls,Varsity,2026-10-09,17:30,Braintree High School,Brookline High School,Braintree High School,Blue Hills Regional HS Pool,,,L
2026-2027,Swimming & Diving,Girls,Varsity,2026-10-13,16:00,Braintree High School,Weymouth High School,Weymouth High School,Connell Rink - Weymouth MDC pool,,,L
2026-2027,Swimming & Diving,Girls,Varsity,2026-10-16,18:00,Braintree High School,Wellesley High School,Wellesley High School,Boston Sports Institute Boston Sports Instititute,,,L
2026-2027,Swimming & Diving,Girls,Varsity,2026-10-20,17:30,Braintree High School,Milton High School,Braintree High School,Blue Hills Regional HS Pool,,,L
2026-2027,Swimming & Diving,Girls,Varsity,2026-10-27,16:00,Braintree High School,Notre Dame Academy - Hing,Notre Dame Academy - Hing,Notre Dame Academy-Hingham Percy Walker Pool,,,N
2026-2027,Soccer,Girls,Sub-Varsity,2026-09-11,16:00,Braintree High School,Walpole High School,Braintree High School,Braintree High School Freshman Field,,,L
2026-2027,Soccer,Girls,Sub-Varsity,2026-09-14,16:00,Braintree High School,Natick High School,Braintree High School,Braintree High School Freshman Field,,,L
2026-2027,Soccer,Girls,Sub-Varsity,2026-09-18,16:30,Braintree High School,Newton North High School,Newton North High School,Cold Springs Park (Newton) <BLANK>,,,L
2026-2027,Soccer,Girls,Sub-Varsity,2026-09-25,16:00,Braintree High School,Milton High School,Braintree High School,Braintree High School Freshman Field,,,L
2026-2027,Soccer,Girls,Sub-Varsity,2026-09-28,16:00,Braintree High School,Walpole High School,Walpole High School,Walpole Middle School Soccer Field,,,L
2026-2027,Soccer,Girls,Sub-Varsity,2026-10-02,16:00,Braintree High School,Needham High School,Braintree High School,Braintree High School Freshman Field,,,L
2026-2027,Soccer,Girls,Sub-Varsity,2026-10-05,16:00,Braintree High School,Framingham High School,Framingham High School,Framingham High School #1,,,L
2026-2027,Soccer,Girls,Sub-Varsity,2026-10-08,16:00,Braintree High School,Notre Dame Academy - Hing,Braintree High School,Braintree High School Freshman Field,,,N
2026-2027,Soccer,Girls,Sub-Varsity,2026-10-09,16:00,Braintree High School,Weymouth High School,Braintree High School,Braintree High School Freshman Field,,,L
2026-2027,Soccer,Girls,Sub-Varsity,2026-10-16,16:00,Braintree High School,Milton High School,Milton High School,Milton High School Gile Grass (MHS),,,L
2026-2027,Soccer,Girls,Sub-Varsity,2026-10-17,11:00,Braintree High School,Plymouth North High School,Plymouth North High School,Plymouth North High School Cryer Field- Baseball,,,N
2026-2027,Soccer,Girls,Sub-Varsity,2026-10-19,16:00,Braintree High School,Wellesley High School,Braintree High School,Braintree High School Freshman Field,,,L
2026-2027,Soccer,Girls,Sub-Varsity,2026-10-23,16:00,Braintree High School,Needham High School,Needham High School,Needham-Cricket Field Field #1,,,L
2026-2027,Soccer,Girls,Sub-Varsity,2026-10-26,16:00,Braintree High School,Weymouth High School,Weymouth High School,Weymouth Lovell Field Field 1,,,L
2026-2027,Soccer,Girls,Sub-Varsity,2026-10-29,15:30,Braintree High School,Notre Dame Academy - Hing,Notre Dame Academy - Hing,Notre Dame Academy-Hingham Front Field,,,N
2026-2027,Soccer,Girls,Sub-Varsity,2026-10-30,16:00,Braintree High School,Brookline High School,Brookline High School,Brookline-Warren Fld Warren Field,,,L
2026-2027,Wrestling,Boys,Varsity,2026-12-12,10:00,Braintree High School,Oliver Ames High School with 10 others,Oliver Ames High School with 10 others,Oliver Ames High School Nixon Gym,,,N
2026-2027,Wrestling,Boys,Varsity,2026-12-16,18:00,Braintree High School,Brookline High School,Brookline High School,Brookline High School Schluntz Gym,,,L
2026-2027,Wrestling,Boys,Varsity,2027-01-02,11:00,Braintree High School,Newton South High School with 2 others,Newton South High School with 2 others,Newton South High School Gym,,,N
2026-2027,Wrestling,Boys,Varsity,2027-01-06,16:00,Braintree High School,Weymouth High School,Braintree High School,Braintree East Middle School Gym,,,L
2026-2027,Wrestling,Boys,Varsity,2027-01-16,10:00,Braintree High School,Hingham High School with 2 others,Braintree High School,Braintree High School Herget Gymnasium,,,L
2026-2027,Wrestling,Boys,Varsity,2027-01-27,16:00,Braintree High School,Needham High School,Braintree High School,Braintree East Middle School Gym,,,L
2026-2027,Wrestling,Boys,Varsity,2027-02-03,19:00,Braintree High School,TBA,Braintree High School,Braintree High School Herget Gymnasium,,,L
2026-2027,Volleyball,Girls,Sub-Varsity,2026-08-28,12:30,Braintree High School,Norwood High School - Varsity,Braintree High School,Braintree High School Herget Gymnasium,,,S
2026-2027,Volleyball,Girls,Sub-Varsity,2026-09-09,17:30,Braintree High School,Walpole High School,Walpole High School,Walpole High School Fieldhouse,,,L
2026-2027,Volleyball,Girls,Sub-Varsity,2026-09-10,17:30,Braintree High School,Durfee High School,Braintree High School,Braintree High School Herget Gymnasium,Braintree High School,2-0,N
2026-2027,Volleyball,Girls,Sub-Varsity,2026-09-11,17:30,Braintree High School,Somerset Berkley Regional High School,Braintree High School,Braintree High School Herget Gymnasium,Braintree High School,2-0,N
2026-2027,Volleyball,Girls,Sub-Varsity,2026-09-15,17:15,Braintree High School,Natick High School,Natick High School,Natick High School Gym,,,L
2026-2027,Volleyball,Girls,Sub-Varsity,2026-09-17,18:00,Braintree High School,Newton North High School,Braintree High School,Braintree High School Herget Gymnasium,,,L
2026-2027,Volleyball,Girls,Sub-Varsity,2026-09-24,17:30,Braintree High School,Milton High School,Milton High School,Milton High School Copeland Field House,,,L
2026-2027,Volleyball,Girls,Sub-Varsity,2026-09-29,17:30,Braintree High School,Walpole High School,Braintree High School,Braintree High School Herget Gymnasium,,,L
2026-2027,Volleyball,Girls,Sub-Varsity,2026-10-01,17:30,Braintree High School,Needham High School,Needham High School,Needham High School B Gym,,,L
2026-2027,Volleyball,Girls,Sub-Varsity,2026-10-05,16:00,Braintree High School,Durfee High School,Durfee High School,Durfee High School Gym - Court 2,,,N
2026-2027,Volleyball,Girls,Sub-Varsity,2026-10-06,17:30,Braintree High School,Framingham High School,Braintree High School,Braintree High School Herget Gymnasium,,,L
2026-2027,Volleyball,Girls,Sub-Varsity,2026-10-08,16:00,Braintree High School,Weymouth High School,Weymouth High School,Weymouth High School Gymnasium,,,L
2026-2027,Volleyball,Girls,Sub-Varsity,2026-10-13,16:30,Braintree High School,Westwood High School,Westwood High School,Westwood High School High School Gym,,,N
2026-2027,Volleyball,Girls,Sub-Varsity,2026-10-15,17:30,Braintree High School,Milton High School,Braintree High School,Braintree High School Herget Gymnasium,,,L
2026-2027,Volleyball,Girls,Sub-Varsity,2026-10-16,17:30,Braintree High School,North Attleboro High School,Braintree High School,Braintree High School Herget Gymnasium,,,N
2026-2027,Volleyball,Girls,Sub-Varsity,2026-10-19,16:00,Braintree High School,Bridgewater-Raynham Regional High School,Bridgewater-Raynham Regional High School,Bridgewater-Raynham Regional HS Gymasium,,,N
2026-2027,Volleyball,Girls,Sub-Varsity,2026-10-20,17:30,Braintree High School,Wellesley High School,Wellesley High School,Wellesley High School Gym,,,L
2026-2027,Volleyball,Girls,Sub-Varsity,2026-10-22,17:30,Braintree High School,Needham High School,Braintree High School,Braintree High School Herget Gymnasium,,,L
2026-2027,Volleyball,Girls,Sub-Varsity,2026-10-26,16:00,Braintree High School,Bridgewater-Raynham Regional High School,Braintree High School,Braintree High School Herget Gymnasium,,,N
2026-2027,Volleyball,Girls,Sub-Varsity,2026-10-27,17:30,Braintree High School,Weymouth High School,Braintree High School,Braintree High School Herget Gymnasium,,,L
2026-2027,Volleyball,Girls,Sub-Varsity,2026-10-29,17:30,Braintree High School,Brookline High School,Braintree High School,Braintree High School Herget Gymnasium,,,L
2026-2027,Volleyball,Girls,Varsity,2026-08-28,11:00,Braintree High School,Norwood High School - Varsity,Braintree High School,Braintree High School Herget Gymnasium,,,S
2026-2027,Volleyball,Girls,Varsity,2026-09-01,15:30,@ TBA,Braintree High School,@ TBA,TBA,,,S
2026-2027,Volleyball,Girls,Varsity,2026-09-03,16:00,Braintree High School,Oliver Ames High School with 5 others,Oliver Ames High School with 5 others,Oliver Ames High School Nixon Gym,,,S
2026-2027,Volleyball,Girls,Varsity,2026-09-09,16:00,Braintree High School,Walpole High School,Walpole High School,Walpole High School Fieldhouse,Braintree High School,3-0,L
2026-2027,Volleyball,Girls,Varsity,2026-09-10,16:00,Braintree High School,Durfee High School,Braintree High School,Braintree High School Herget Gymnasium,Braintree High School,3-1,N
2026-2027,Volleyball,Girls,Varsity,2026-09-11,16:00,Braintree High School,Somerset Berkley Regional High School,Braintree High School,Braintree High School Herget Gymnasium,Braintree High School,3-0,N
2026-2027,Volleyball,Girls,Varsity,2026-09-15,16:00,Braintree High School,Natick High School,Natick High School,Natick High School Gym,Natick High School,0-3,L
2026-2027,Volleyball,Girls,Varsity,2026-09-17,16:30,Braintree High School,Newton North High School - Newton North,Braintree High School,Braintree High School Herget Gymnasium,Newton North High School - Newton North,0-3,L
2026-2027,Volleyball,Girls,Varsity,2026-09-24,16:00,Braintree High School,Milton High School,Milton High School,Milton High School Copeland Field House,Milton High School,1-3,L
2026-2027,Volleyball,Girls,Varsity,2026-09-29,16:00,Braintree High School,Walpole High School,Braintree High School,Braintree High School Herget Gymnasium,,,L
2026-2027,Volleyball,Girls,Varsity,2026-10-01,16:00,Braintree High School,Needham High School,Needham High School,Needham High School A Gym,,,L
2026-2027,Volleyball,Girls,Varsity,2026-10-05,17:15,Braintree High School,Durfee High School,Durfee High School,Durfee High School Gym - Main Court,,,N
2026-2027,Volleyball,Girls,Varsity,2026-10-06,16:00,Braintree High School,Framingham High School,Braintree High School,Braintree High School Herget Gymnasium,,,L
2026-2027,Volleyball,Girls,Varsity,2026-10-08,17:30,Braintree High School,Weymouth High School,Weymouth High School,Weymouth HS Gym,,,L
2026-2027,Volleyball,Girls,Varsity,2026-10-13,18:00,Braintree High School,Westwood High School,Westwood High School,Westwood High School High School Gym,,,N
2026-2027,Volleyball,Girls,Varsity,2026-10-15,16:00,Braintree High School,Milton High School,Braintree High School,Braintree High School Herget Gymnasium,,,L
2026-2027,Volleyball,Girls,Varsity,2026-10-16,16:00,Braintree High School,North Attleboro High School,Braintree High School,Braintree High School Herget Gymnasium,,,N
2026-2027,Volleyball,Girls,Varsity,2026-10-19,17:15,Braintree High School,Bridgewater-Raynham Regional High School,Bridgewater-Raynham Regional High School,Bridgewater-Raynham Regional HS Gymasium,,,N
2026-2027,Volleyball,Girls,Varsity,2026-10-20,16:00,Braintree High School,Wellesley High School,Wellesley High School,Wellesley High School Gym,,,L
2026-2027,Volleyball,Girls,Varsity,2026-10-22,16:00,Braintree High School,Needham High School,Braintree High School,Braintree High School Herget Gymnasium,,,L
2026-2027,Volleyball,Girls,Varsity,2026-10-26,17:30,Braintree High School,Bridgewater-Raynham Regional High School,Braintree High School,Braintree High School Herget Gymnasium,,,N
2026-2027,Volleyball,Girls,Varsity,2026-10-27,16:00,Braintree High School,Weymouth High School,Braintree High School,Braintree High School Herget Gymnasium,,,L
2026-2027,Volleyball,Girls,Varsity,2026-10-29,16:00,Braintree High School,Brookline High School,Braintree High School,Braintree High School Herget Gymnasium,,,L
2026-2027,Baseball,Boys,Varsity,2027-03-30,16:00,Brookline High School,Walpole High School,Brookline High School,Brookline-Warren Fld Warren Field,,,L
2026-2027,Baseball,Boys,Varsity,2027-04-05,16:30,Brookline High School,Newton North High School,Newton North High School,Newton North High School Lowell Avenue Field,,,L
2026-2027,Baseball,Boys,Varsity,2027-04-07,16:00,Brookline High School,Natick High School,Brookline High School,Brookline-Warren Fld Warren Field,,,L
2026-2027,Baseball,Boys,Varsity,2027-04-14,16:00,Brookline High School,Wellesley High School,Brookline High School,Brookline-Warren Fld Warren Field,,,L
2026-2027,Baseball,Boys,Varsity,2027-04-26,16:00,Brookline High School,Framingham High School,Framingham High School,Framingham - Bowditch Field,,,L
2026-2027,Baseball,Boys,Varsity,2027-04-28,16:00,Brookline High School,Newton North High School,Brookline High School,Brookline-Warren Fld Warren Field,,,L
2026-2027,Baseball,Boys,Varsity,2027-05-03,16:00,Brookline High School,Needham High School,Needham High School,Needham - Memorial Field Field 1,,,L
2026-2027,Baseball,Boys,Varsity,2027-05-05,16:00,Brookline High School,Milton High School,Brookline High School,Brookline-Warren Fld Warren Field,,,L
2026-2027,Baseball,Boys,Varsity,2027-05-10,16:00,Brookline High School,Natick High School,Natick High School,Natick High School Mahan Baseball Field,,,L
2026-2027,Baseball,Boys,Varsity,2027-05-17,16:00,Brookline High School,Wellesley High School,Wellesley High School,Wellesley- Sprague Baseball Field,,,L
2026-2027,Baseball,Boys,Varsity,2027-05-19,16:00,Brookline High School,Framingham High School,Brookline High School,Brookline-Warren Fld Warren Field,,,L
2026-2027,Baseball,Boys,Varsity,2027-05-24,16:00,Brookline High School,Weymouth High School,Weymouth High School,Weymouth - Libby Field Baseball Diamond,,,L
2026-2027,Baseball,Boys,Sub-Varsity,2027-03-30,15:45,Brookline High School,Walpole High School,Brookline High School,Amory Playground Amory Baseball Field,,,L
2026-2027,Baseball,Boys,Sub-Varsity,2027-04-05,16:30,Brookline High School,Newton North High School,Newton North High School,Newton/Waban - Lincoln-Warren Field Baseball Field,,,L
2026-2027,Baseball,Boys,Sub-Varsity,2027-04-07,15:45,Brookline High School,Natick High School,Brookline High School,Amory Playground Amory Baseball Field,,,L
2026-2027,Baseball,Boys,Sub-Varsity,2027-04-14,15:45,Brookline High School,Wellesley High School,Brookline High School,Amory Playground Amory Baseball Field,,,L
2026-2027,Baseball,Boys,Sub-Varsity,2027-04-26,15:45,Brookline High School,Framingham High School,Framingham High School,Framingham High School Read Field,,,L
2026-2027,Baseball,Boys,Sub-Varsity,2027-04-28,15:45,Brookline High School,Newton North High School,Brookline High School,Amory Playground Amory Baseball Field,,,L
2026-2027,Baseball,Boys,Sub-Varsity,2027-05-03,15:45,Brookline High School,Needham High School,Needham High School,Needham-Defazio Complex Warner Baseball Diamond,,,L
2026-2027,Baseball,Boys,Sub-Varsity,2027-05-05,15:45,Brookline High School,Milton High School,Brookline High School,Amory Playground Amory Baseball Field,,,L
2026-2027,Baseball,Boys,Sub-Varsity,2027-05-10,15:45,Brookline High School,Natick High School,Natick High School,Natick - Wilson Middle School Baseball Diamond,,,L
2026-2027,Baseball,Boys,Sub-Varsity,2027-05-17,15:45,Brookline High School,Wellesley High School,Wellesley High School,Wellesley High School Baseball Field,,,L
2026-2027,Baseball,Boys,Sub-Varsity,2027-05-19,15:45,Brookline High School,Framingham High School,Brookline High School,Amory Playground Amory Baseball Field,,,L
2026-2027,Baseball,Boys,Sub-Varsity,2027-05-24,15:45,Brookline High School,Weymouth High School,Weymouth High School,Weymouth High School brad hawes field,,,L
2026-2027,Basketball,Boys,Sub-Varsity,2026-12-22,18:00,Brookline High School,Weymouth High School,Brookline High School,Brookline High School Schluntz Gym,,,L
2026-2027,Basketball,Boys,Sub-Varsity,2027-01-09,13:30,Brookline High School,Everett High School,Everett High School,Everett High School Gym,,,L
2026-2027,Basketball,Boys,Sub-Varsity,2027-01-12,17:15,Brookline High School,Walpole High School,Walpole High School,Walpole High School Gym,,,L
2026-2027,Basketball,Boys,Sub-Varsity,2027-02-04,17:30,Bridgewater-Raynham Regional High School,Brookline High School,Bridgewater-Raynham Regional High School,Bridgewater-Raynham Regional HS Gymasium,,,N
2026-2027,Basketball,Boys,Varsity,2026-12-22,16:30,Brookline High School,Weymouth High School,Brookline High School,Brookline High School Schluntz Gym,,,L
2026-2027,Basketball,Boys,Varsity,2027-01-09,15:00,Brookline High School,Everett High School,Everett High School,Everett High School Gym,,,L
2026-2027,Basketball,Boys,Varsity,2027-01-12,18:30,Brookline High School,Walpole High School,Walpole High School,Walpole High School Gym,,,L
2026-2027,Basketball,Boys,Varsity,2027-02-04,19:00,Bridgewater-Raynham Regional High School,Brookline High School,Bridgewater-Raynham Regional High School,Bridgewater-Raynham Regional HS Gymasium,,,N
2026-2027,Basketball,Girls,Varsity,2026-12-15,16:30,Brookline High School,Natick High School,Brookline High School,Brookline High School Schluntz Gym,,,Normal
2026-2027,Basketball,Girls,Varsity,2026-12-18,18:30,Brookline High School,Newton North High School - Newton North,Brookline High School,Brookline High School Schluntz Gym,,,Normal
2026-2027,Basketball,Girls,Varsity,2026-12-22,18:30,Brookline High School,Weymouth High School,Weymouth High School,Weymouth HS Gym,,,Normal
2026-2027,Basketball,Girls,Varsity,2026-12-28,TBA,Brookline High School,Cambridge Legends Classic,,,,,None
2026-2027,Basketball,Girls,Varsity,2027-01-05,16:30,Brookline High School,Wellesley High School,Brookline High School,Brookline High School Schluntz Gym,,,Normal
2026-2027,Basketball,Girls,Varsity,2027-01-12,16:30,Brookline High School,Walpole High School,Brookline High School,Brookline High School Schluntz Gym,,,Normal
2026-2027,Basketball,Girls,Varsity,2027-01-15,18:30,Brookline High School,Framingham High School,Brookline High School,Brookline High School Schluntz Gym,,,Normal
2026-2027,Basketball,Girls,Varsity,2027-01-19,18:30,Brookline High School,Natick High School,Natick High School,Natick High School Gym,,,Normal
2026-2027,Basketball,Girls,Varsity,2027-01-22,18:30,Brookline High School,Needham High School,Needham High School,Needham High School A Gym,,,Normal
2026-2027,Basketball,Girls,Varsity,2027-01-29,18:30,Brookline High School,Wellesley High School,Wellesley High School,Wellesley High School Gym,,,Normal
2026-2027,Basketball,Girls,Varsity,2027-02-02,16:30,Brookline High School,Milton High School,Brookline High School,Brookline High School Schluntz Gym,,,Normal
2026-2027,Basketball,Girls,Varsity,2027-02-04,18:00,Brookline High School,North Andover High School,Brookline High School,Brookline High School Schluntz Gym,,,Normal
2026-2027,Basketball,Girls,Varsity,2027-02-11,18:30,Brookline High School,Framingham High School,Framingham High School,Framingham High School Gym,,,Normal
2026-2027,Basketball,Boys,Sub-Varsity,2026-12-22,16:30,Brookline High School,Weymouth High School,Brookline High School,Brookline High School Tappan Gym,,,L
2026-2027,Basketball,Boys,Sub-Varsity,2027-01-09,12:00,Brookline High School,Everett High School,Everett High School,Everett High School Gym,,,L
2026-2027,Basketball,Boys,Sub-Varsity,2027-01-12,15:45,Brookline High School,Walpole High School,Walpole High School,Walpole High School Gym,,,L
2026-2027,Basketball,Boys,Sub-Varsity,2027-01-19,16:30,Brookline High School,Natick High School,Brookline High School,Brookline High School Schluntz Gym,,,L
2026-2027,Basketball,Boys,Sub-Varsity,2027-01-19,16:30,Brookline High School,Natick High School,Brookline High School,Brookline High School Tappan Gym,,,L
2026-2027,Basketball,Boys,Sub-Varsity,2027-01-19,16:30,Brookline High School,Natick High School,Brookline High School,Brookline High School Schluntz Gym,,,L
2026-2027,Basketball,Boys,Sub-Varsity,2027-01-19,16:30,Brookline High School,Natick High School,Brookline High School,Brookline High School Tappan Gym,,,L
2026-2027,Basketball,Boys,Sub-Varsity,2027-01-19,18:00,Brookline High School,Natick High School,Brookline High School,Brookline High School Schluntz Gym,,,L
2026-2027,Basketball,Boys,Sub-Varsity,2027-01-22,15:45,Brookline High School,Needham High School,Brookline High School,Brookline High School Schluntz Gym,,,L
2026-2027,Basketball,Boys,Sub-Varsity,2027-01-22,17:15,Brookline High School,Needham High School,Brookline High School,Brookline High School Schluntz Gym,,,L
2026-2027,Basketball,Boys,Sub-Varsity,2027-01-22,18:30,Brookline High School,Needham High School,Brookline High School,Brookline High School Schluntz Gym,,,L
2026-2027,Basketball,Boys,Sub-Varsity,2027-01-26,16:30,Brookline High School,Newton North High School,Brookline High School,Brookline High School Schluntz Gym,,,L
2026-2027,Basketball,Boys,Sub-Varsity,2027-01-26,16:30,Brookline High School,Newton North High School,Brookline High School,Brookline High School Tappan Gym,,,L
2026-2027,Basketball,Boys,Sub-Varsity,2027-01-26,16:30,Brookline High School,Newton North High School,Brookline High School,Brookline High School Schluntz Gym,,,L
2026-2027,Basketball,Boys,Sub-Varsity,2027-01-26,16:30,Brookline High School,Newton North High School,Brookline High School,Brookline High School Tappan Gym,,,L
2026-2027,Basketball,Boys,Sub-Varsity,2027-01-26,18:00,Brookline High School,Newton North High School,Brookline High School,Brookline High School Schluntz Gym,,,L
2026-2027,Basketball,Boys,Sub-Varsity,2027-01-29,15:45,Brookline High School,Wellesley High School,Brookline High School,Brookline High School Schluntz Gym,,,L
2026-2027,Basketball,Boys,Sub-Varsity,2027-01-29,17:15,Brookline High School,Wellesley High School,Brookline High School,Brookline High School Schluntz Gym,,,L
2026-2027,Basketball,Boys,Sub-Varsity,2027-01-29,18:30,Brookline High School,Wellesley High School,Brookline High School,Brookline High School Schluntz Gym,,,L
2026-2027,Basketball,Boys,Sub-Varsity,2027-01-31,TBA,Brookline High School,Cathedral High School,Brookline High School,Brookline High School Schluntz Gym,,,L
2026-2027,Basketball,Boys,Sub-Varsity,2027-02-11,15:45,Brookline High School,Framingham High School,Brookline High School,Brookline High School Schluntz Gym,,,L
2026-2027,Basketball,Boys,Sub-Varsity,2027-02-11,17:15,Brookline High School,Framingham High School,Brookline High School,Brookline High School Schluntz Gym,,,L
2026-2027,Basketball,Boys,Sub-Varsity,2027-02-11,18:30,Brookline High School,Framingham High School,Brookline High School,Brookline High School Schluntz Gym,,,L
2026-2027,Basketball,Girls,Sub-Varsity,2026-12-15,16:30,Brookline High School,Natick High School,Brookline High School,Brookline High School Tappan Gym,,,L
2026-2027,Basketball,Girls,Sub-Varsity,2026-12-18,15:45,Brookline High School,Newton North High School,Brookline High School,Brookline High School Schluntz Gym,,,L
2026-2027,Basketball,Girls,Sub-Varsity,2026-12-22,15:45,Brookline High School,Weymouth High School,Weymouth High School,Weymouth HS Gym,,,L
2026-2027,Basketball,Girls,Sub-Varsity,2027-01-05,16:30,Brookline High School,Wellesley High School,Brookline High School,Brookline High School Tappan Gym,,,L
2026-2027,Basketball,Girls,Sub-Varsity,2027-01-12,16:30,Brookline High School,Walpole High School,Brookline High School,Brookline High School Tappan Gym,,,L
2026-2027,Basketball,Girls,Sub-Varsity,2027-01-15,15:45,Brookline High School,Framingham High School,Brookline High School,Brookline High School Schluntz Gym,,,L
2026-2027,Basketball,Girls,Sub-Varsity,2027-01-19,15:45,Brookline High School,Natick High School,Natick High School,Natick High School Gym,,,L
2026-2027,Basketball,Girls,Sub-Varsity,2027-01-22,16:00,Brookline High School,Needham High School,Needham High School,Needham High School A Gym,,,L
2026-2027,Basketball,Girls,Sub-Varsity,2027-01-29,15:45,Brookline High School,Wellesley High School,Wellesley High School,Sprague School Sprague School,,,L
2026-2027,Basketball,Girls,Sub-Varsity,2027-02-02,16:30,Brookline High School,Milton High School,Brookline High School,Brookline High School Tappan Gym,,,L
2026-2027,Basketball,Girls,Sub-Varsity,2027-02-11,16:00,Brookline High School,Framingham High School,Framingham High School,Framingham High School Gym,,,L
2026-2027,Volleyball,Girls,Sub-Varsity,2026-08-28,12:30,Braintree High School,Norwood High School - Varsity,Braintree High School,Braintree High School Herget Gymnasium,,,S
2026-2027,Volleyball,Girls,Sub-Varsity,2026-09-09,17:30,Braintree High School,Walpole High School,Walpole High School,Walpole High School Fieldhouse,,,L
2026-2027,Volleyball,Girls,Sub-Varsity,2026-09-10,17:30,Braintree High School,Durfee High School,Braintree High School,Braintree High School Herget Gymnasium,Braintree High School,2-0,N
2026-2027,Volleyball,Girls,Sub-Varsity,2026-09-11,17:30,Braintree High School,Somerset Berkley Regional High School,Braintree High School,Braintree High School Herget Gymnasium,Somerset Berkley Regional High School,1-2,N
2026-2027,Volleyball,Girls,Sub-Varsity,2026-09-15,17:15,Braintree High School,Natick High School,Natick High School,Natick High School Gym,,,L
2026-2027,Volleyball,Girls,Sub-Varsity,2026-09-17,18:00,Braintree High School,Newton North High School,Braintree High School,Braintree High School Herget Gymnasium,,,L
2026-2027,Volleyball,Girls,Sub-Varsity,2026-09-24,17:30,Braintree High School,Milton High School,Milton High School,Milton High School Copeland Field House,,,L
2026-2027,Volleyball,Girls,Sub-Varsity,2026-09-29,17:30,Braintree High School,Walpole High School,Braintree High School,Braintree High School Herget Gymnasium,,,L
2026-2027,Volleyball,Girls,Sub-Varsity,2026-10-01,17:30,Braintree High School,Needham High School,Needham High School,Needham High School A Gym,,,L
2026-2027,Volleyball,Girls,Sub-Varsity,2026-10-05,16:00,Braintree High School,Durfee High School,Durfee High School,Durfee High School Gym - Main Court,,,N
2026-2027,Volleyball,Girls,Sub-Varsity,2026-10-06,17:30,Braintree High School,Framingham High School,Braintree High School,Braintree High School Herget Gymnasium,,,L
2026-2027,Volleyball,Girls,Sub-Varsity,2026-10-08,16:00,Braintree High School,Weymouth High School,Weymouth High School,Weymouth HS Gym,,,L
2026-2027,Volleyball,Girls,Sub-Varsity,2026-10-13,16:30,Braintree High School,Westwood High School,Westwood High School,Westwood High School High School Gym,,,N
2026-2027,Volleyball,Girls,Sub-Varsity,2026-10-15,17:30,Braintree High School,Milton High School,Braintree High School,Braintree High School Herget Gymnasium,,,L
2026-2027,Volleyball,Girls,Sub-Varsity,2026-10-16,17:30,Braintree High School,North Attleboro High School,Braintree High School,Braintree High School Herget Gymnasium,,,N
2026-2027,Volleyball,Girls,Sub-Varsity,2026-10-19,16:00,Braintree High School,Bridgewater-Raynham Regional High School,Bridgewater-Raynham Regional High School,Bridgewater-Raynham Regional HS Gymasium,,,N
2026-2027,Volleyball,Girls,Sub-Varsity,2026-10-20,17:30,Braintree High School,Wellesley High School,Wellesley High School,Wellesley High School Gym,,,L
2026-2027,Volleyball,Girls,Sub-Varsity,2026-10-22,17:30,Braintree High School,Needham High School,Braintree High School,Braintree High School Herget Gymnasium,,,L
2026-2027,Volleyball,Girls,Sub-Varsity,2026-10-26,16:00,Braintree High School,Bridgewater-Raynham Regional High School,Braintree High School,Braintree High School Herget Gymnasium,,,N
2026-2027,Volleyball,Girls,Sub-Varsity,2026-10-27,17:30,Braintree High School,Weymouth High School,Braintree High School,Braintree High School Herget Gymnasium,,,L
2026-2027,Volleyball,Girls,Sub-Varsity,2026-10-29,17:30,Braintree High School,Brookline High School,Braintree High School,Braintree High School Herget Gymnasium,,,L
2026-2027,Basketball,Coed,Unified,2026-09-16,16:00,Brookline High School,Newton South High School,Newton South High School,Newton South High School Gym,,,N
2026-2027,Basketball,Coed,Unified,2026-10-01,16:30,Brookline High School,Newton North High School,Brookline High School,Brookline High School Schluntz Gym,,,L
2026-2027,Basketball,Coed,Unified,2026-10-06,16:00,Brookline High School,Framingham High School,Framingham High School,Framingham High School Gym,,,L
2026-2027,Basketball,Coed,Unified,2026-10-15,16:00,Brookline High School,Natick High School,Brookline High School,Brookline High School Schluntz Gym,,,L
2026-2027,Basketball,Coed,Unified,2026-10-20,16:00,Brookline High School,Newton North High School,Newton North High School,Newton North High School Reggie Gym,,,L
2026-2027,Cross Country,Boys,Varsity,2026-09-09,16:00,Brookline High School,Needham High School,Brookline High School,Brookline - Larz Anderson Pond Field,Brookline High School,15-50,Normal
2026-2027,Cross Country,Boys,Varsity,2026-09-16,16:00,Brookline High School,Natick High School with 1 others,Brookline High School,Brookline - Larz Anderson Pond Field,,,Normal
2026-2027,Cross Country,Boys,Varsity,2026-09-26,TBA,@ TBA,Brookline High School,@ TBA,Not Listed,,,Canceled
2026-2027,Cross Country,Boys,Varsity,2026-09-30,16:00,Brookline High School,Wellesley High School,Wellesley High School,Morses Pond Morses Pond,,,Normal
2026-2027,Cross Country,Boys,Varsity,2026-10-07,16:00,Brookline High School,Weymouth High School,Weymouth High School,Weymouth High School Wompatuck State Park,,,Normal
2026-2027,Cross Country,Boys,Varsity,2026-10-11,TBA,@ TBA,Brookline High School,@ TBA,Not Listed,,,Normal
2026-2027,Cross Country,Boys,Varsity,2026-10-14,16:00,Brookline High School,Framingham High School,Framingham High School,Framingham High School Farm Pond,,,Normal
2026-2027,Cross Country,Boys,Varsity,2026-10-21,16:00,Brookline High School,Newton North High School,Brookline High School,Brookline - Larz Anderson Pond Field,,,Normal
2026-2027,Cross Country,Boys,Varsity,2026-10-31,TBA,@ TBA,Brookline High School,@ TBA,Not Listed,,,Normal
2026-2027,Cross Country,Boys,Varsity,2026-11-07,TBA,@ TBA,Brookline High School,@ TBA,Not Listed,,,Normal
2026-2027,Cross Country,Boys,Varsity,2026-11-14,16:00,@ TBA,Brookline High School,@ TBA,Not Listed,,,Normal
2026-2027,Cross Country,Boys,Varsity,2026-11-21,TBA,@ TBA,Brookline High School,@ TBA,Not Listed,,,Normal
2026-2027,Basketball,Girls,Sub-Varsity,2026-12-15,18:00,Brookline High School,Natick High School,Brookline High School,Brookline High School Schluntz Gym,,,L
2026-2027,Basketball,Girls,Sub-Varsity,2026-12-18,17:15,Brookline High School,Newton North High School,Brookline High School,Brookline High School Schluntz Gym,,,L
2026-2027,Basketball,Girls,Sub-Varsity,2026-12-22,17:15,Brookline High School,Weymouth High School,Weymouth High School,Weymouth HS Gym,,,L
2026-2027,Basketball,Girls,Sub-Varsity,2027-01-05,18:00,Brookline High School,Wellesley High School,Brookline High School,Brookline High School Schluntz Gym,,,L
2026-2027,Basketball,Girls,Sub-Varsity,2027-01-12,18:00,Brookline High School,Walpole High School,Brookline High School,Brookline High School Schluntz Gym,,,L
2026-2027,Basketball,Girls,Sub-Varsity,2027-01-15,17:15,Brookline High School,Framingham High School,Brookline High School,Brookline High School Schluntz Gym,,,L
2026-2027,Basketball,Girls,Sub-Varsity,2027-01-19,17:15,Brookline High School,Natick High School,Natick High School,Natick High School Gym,,,L
2026-2027,Basketball,Girls,Sub-Varsity,2027-01-22,17:15,Brookline High School,Needham High School,Needham High School,Needham High School A Gym,,,L
2026-2027,Basketball,Girls,Sub-Varsity,2027-01-29,17:15,Brookline High School,Wellesley High School,Wellesley High School,Wellesley High School Gym,,,L
2026-2027,Basketball,Girls,Sub-Varsity,2027-02-02,18:00,Brookline High School,Milton High School,Brookline High School,Brookline High School Schluntz Gym,,,L
2026-2027,Basketball,Girls,Sub-Varsity,2027-02-04,16:30,Brookline High School,North Andover High School,Brookline High School,Brookline High School Schluntz Gym,,,N
2026-2027,Basketball,Girls,Sub-Varsity,2027-02-11,17:15,Brookline High School,Framingham High School,Framingham High School,Framingham High School Gym,,,L
2026-2027,Competitive Cheerleading,Coed,Varsity,2026-09-10,19:00,Brookline High School,TBA,Brookline High School,Brookline - Parsons Parsons Field,,,Normal
2026-2027,Competitive Cheerleading,Coed,Varsity,2026-09-17,18:30,@ TBA,Brookline High School,@ TBA,Not Listed,,,Normal
2026-2027,Competitive Cheerleading,Coed,Varsity,2026-09-26,15:00,Brookline High School,TBA,Brookline High School,Brookline - Parsons Parsons Field,,,Canceled
2026-2027,Competitive Cheerleading,Coed,Varsity,2026-10-01,19:00,Brookline High School,TBA,Brookline High School,TBA TBA,,,Normal
2026-2027,Competitive Cheerleading,Coed,Varsity,2026-10-09,18:30,@ TBA,Brookline High School,@ TBA,Not Listed,,,Normal
2026-2027,Competitive Cheerleading,Coed,Varsity,2026-10-17,15:00,Brookline High School,TBA,Brookline High School,TBA TBA,,,Normal
2026-2027,Competitive Cheerleading,Coed,Varsity,2026-10-22,18:00,@ TBA,Brookline High School,@ TBA,Not Listed,,,Normal
2026-2027,Competitive Cheerleading,Coed,Varsity,2026-10-25,TBA,@ TBA,Brookline High School,@ TBA,Not Listed,,,Normal
2026-2027,Competitive Cheerleading,Coed,Varsity,2026-10-30,18:00,@ TBA,Brookline High School,@ TBA,Not Listed,,,Normal
2026-2027,Competitive Cheerleading,Coed,Varsity,2026-11-07,14:00,@ TBA,Brookline High School,@ TBA,TBA TBA,,,Normal
2026-2027,Competitive Cheerleading,Coed,Varsity,2026-11-26,10:00,@ TBA,Brookline High School,@ TBA,Newton North High School Dickinson Stadium,,,Normal
2026-2027,Cross Country,Girls,Varsity,2026-09-09,16:00,Brookline High School,Needham High School,Brookline High School,Brookline - Larz Anderson Pond Field,Needham High School,30-27,Normal
2026-2027,Cross Country,Girls,Varsity,2026-09-16,16:00,Brookline High School,Natick High School with 1 others,Brookline High School,Brookline - Larz Anderson Pond Field,,,Normal
2026-2027,Cross Country,Girls,Varsity,2026-09-26,TBA,@ TBA,Brookline High School,@ TBA,Not Listed,,,Canceled
2026-2027,Cross Country,Girls,Varsity,2026-09-30,16:00,Brookline High School,Wellesley High School,Wellesley High School,Morses Pond Morses Pond,,,Normal
2026-2027,Cross Country,Girls,Varsity,2026-10-03,12:00,@ TBA,Brookline High School,@ TBA,Not Listed,,,Normal
2026-2027,Cross Country,Girls,Varsity,2026-10-07,16:00,Brookline High School,Weymouth High School,Weymouth High School,Weymouth High School Wompatuck State Park,,,Normal
2026-2027,Cross Country,Girls,Varsity,2026-10-11,TBA,@ TBA,Brookline High School,@ TBA,Not Listed,,,Normal
2026-2027,Cross Country,Girls,Varsity,2026-10-14,16:00,Brookline High School,Framingham High School,Framingham High School,Framingham High School Farm Pond,,,Normal
2026-2027,Cross Country,Girls,Varsity,2026-10-21,16:00,Brookline High School,Newton North High School,Brookline High School,Brookline - Larz Anderson Pond Field,,,Normal
2026-2027,Cross Country,Girls,Varsity,2026-10-31,TBA,@ TBA,Brookline High School,@ TBA,Not Listed,,,Normal
2026-2027,Cross Country,Girls,Varsity,2026-11-07,TBA,@ TBA,Brookline High School,@ TBA,Not Listed,,,Normal
2026-2027,Cross Country,Girls,Varsity,2026-11-14,TBA,@ TBA,Brookline High School,@ TBA,Not Listed,,,Normal
2026-2027,Cross Country,Girls,Varsity,2026-11-21,TBA,@ TBA,Brookline High School,@ TBA,Not Listed,,,Normal
2026-2027,Football,Boys,Varsity,2026-09-04,17:00,Brookline High School,Dover-Sherborn High School,Dover-Sherborn High School,Dover-Sherborn HS Nora Searle Field (Turf),,,Normal
2026-2027,Football,Boys,Varsity,2026-09-10,19:00,Brookline High School,Newton South High School,Brookline High School,Brookline - Parsons Parsons Field,Brookline High School,31-9,Normal
2026-2027,Football,Boys,Varsity,2026-09-17,18:30,Brookline High School,Lexington High School,Lexington High School,Minuteman Regional Vocational High School turf stadium,Brookline High School,46-6,Normal
2026-2027,Football,Boys,Varsity,2026-09-25,15:30,Brookline High School,Watertown High School,Brookline High School,Watertown - Victory Field Turf,Watertown High School,7-35,Normal
2026-2027,Football,Boys,Varsity,2026-09-26,15:00,Brookline High School,Watertown High School,Brookline High School,Brookline - Parsons Parsons Field,,,Canceled
2026-2027,Football,Boys,Varsity,2026-10-01,19:00,Brookline High School,Hopkinton High School,Brookline High School,Brookline - Parsons Parsons Field,,,Normal
2026-2027,Football,Boys,Varsity,2026-10-09,18:30,Brookline High School,New Bedford High School,New Bedford High School,New Bedford High School Football Field - Maxfield St,,,Normal
2026-2027,Football,Boys,Varsity,2026-10-17,15:00,Brookline High School,Natick High School,Brookline High School,Brookline - Parsons Parsons Field,,,Normal
2026-2027,Football,Boys,Varsity,2026-10-22,19:00,Brookline High School,Framingham High School,Framingham High School,Framingham High School Bowditch,,,Normal
2026-2027,Football,Boys,Varsity,2026-10-30,18:00,Brookline High School,Wellesley High School,Wellesley High School,Wellesley High School Stadium,,,Normal
2026-2027,Football,Boys,Varsity,2026-11-26,10:00,Brookline High School,Newton North High School,Newton North High School,Newton North High School Dickinson Stadium,,,Normal
2026-2027,Field Hockey,Girls,Sub-Varsity,2026-09-09,16:00,Brookline High School,Milton High School,Brookline High School,Brookline-Fisher Hill Multipurpose Turf Field,,,Normal
2026-2027,Field Hockey,Girls,Sub-Varsity,2026-09-14,16:00,Brookline High School,Walpole High School,Brookline High School,Brookline-Fisher Hill Multipurpose Turf Field,,,Normal
2026-2027,Field Hockey,Girls,Sub-Varsity,2026-09-17,16:15,Belmont High School - -,Brookline High School,Brookline High School,Harry Downes Field Turf Field,,,Normal
2026-2027,Field Hockey,Girls,Sub-Varsity,2026-09-23,16:00,Brookline High School,Newton North High School,Brookline High School,Brookline-Fisher Hill Multipurpose Turf Field,,,Normal
2026-2027,Field Hockey,Girls,Sub-Varsity,2026-09-25,16:00,Brookline High School,Walpole High School,Walpole High School,Walpole High School Upper Field,,,Normal
2026-2027,Field Hockey,Girls,Sub-Varsity,2026-09-28,16:30,Brookline High School,Natick High School,Natick High School,Natick (Kennedy) MIddle School Multipurpose Turf Field,,,Normal
2026-2027,Field Hockey,Girls,Sub-Varsity,2026-09-30,16:00,Brookline High School,Wellesley High School,Brookline High School,Brookline-Fisher Hill Multipurpose Turf Field,,,Normal
2026-2027,Field Hockey,Girls,Sub-Varsity,2026-10-05,16:30,Belmont High School - -,Brookline High School,Belmont High School - -,Belmont (MA) High School Brendan Grant Field,,,Normal
2026-2027,Field Hockey,Girls,Sub-Varsity,2026-10-07,16:00,Brookline High School,Needham High School,Needham High School,Needham-Defazio Complex Turf #1 Founders,,,Normal
2026-2027,Field Hockey,Girls,Sub-Varsity,2026-10-14,16:00,Brookline High School,Framingham High School,Brookline High School,Brookline-Fisher Hill Multipurpose Turf Field,,,Canceled
2026-2027,Field Hockey,Girls,Sub-Varsity,2026-10-16,16:00,Brookline High School,Concord-Carlisle High School,Brookline High School,Brookline-Fisher Hill Fisher Hill Reservoir Park,,,Normal
2026-2027,Field Hockey,Girls,Sub-Varsity,2026-10-19,16:00,Brookline High School,Natick High School,Brookline High School,Brookline-Fisher Hill Multipurpose Turf Field,,,Normal
2026-2027,Field Hockey,Girls,Sub-Varsity,2026-10-21,16:30,Brookline High School,Newton North High School,Newton North High School,Newton/Waban - Lincoln-Warren Field Field Hockey Field,,,Normal
2026-2027,Field Hockey,Girls,Sub-Varsity,2026-10-26,16:00,Brookline High School,Wellesley High School,Wellesley High School,Sprague Turf Complex Turf Field 3,,,Normal
2026-2027,Field Hockey,Girls,Sub-Varsity,2026-09-03,17:15,Brookline High School,Norwood High School,Norwood High School,Norwood High School Stadium,,,S
2026-2027,Field Hockey,Girls,Sub-Varsity,2026-09-09,17:45,Brookline High School,Milton High School,Milton High School,Milton High School Brooks Field Turf,,,L
2026-2027,Field Hockey,Girls,Sub-Varsity,2026-09-14,17:45,Brookline High School,Walpole High School,Walpole High School,Walpole High School Multipurpose Turf Field,,,L
2026-2027,Field Hockey,Girls,Sub-Varsity,2026-09-16,17:30,Brookline High School,Framingham High School,Brookline High School,Harry Downes Field Turf Field,,,L
2026-2027,Field Hockey,Girls,Sub-Varsity,2026-09-23,18:00,Brookline High School,Newton North High School,Newton North High School,Albemarle Field Multipurpose Turf Field,,,L
2026-2027,Field Hockey,Girls,Sub-Varsity,2026-09-25,17:45,Brookline High School,Lexington High School,Lexington High School,Lexington: Lincoln Park #3,,,N
2026-2027,Field Hockey,Girls,Sub-Varsity,2026-09-28,17:15,Brookline High School,Natick High School,Brookline High School,Harry Downes Field Turf Field,,,L
2026-2027,Field Hockey,Girls,Sub-Varsity,2026-09-30,17:30,Brookline High School,Wellesley High School,Wellesley High School,Wellesley High School Stadium,,,L
2026-2027,Field Hockey,Girls,Sub-Varsity,2026-10-05,17:15,Brookline High School,Weymouth High School,Brookline High School,Harry Downes Field Turf Field,,,L
2026-2027,Field Hockey,Girls,Sub-Varsity,2026-10-07,17:15,Brookline High School,Needham High School,Brookline High School,Harry Downes Field Turf Field,,,L
2026-2027,Field Hockey,Girls,Sub-Varsity,2026-10-13,17:15,Brookline High School,Weston High School,Brookline High School,Downes Field (Brookline) Downes Field Turf,,,N
2026-2027,Field Hockey,Girls,Sub-Varsity,2026-10-14,17:45,Brookline High School,Framingham High School,Framingham High School,Framingham High School Multipurpose Turf Field,,,L
2026-2027,Field Hockey,Girls,Sub-Varsity,2026-10-17,09:00,Brookline High School,Westford Academy,Brookline High School,Downes Field (Brookline) Downes Field Turf,,,L
2026-2027,Field Hockey,Girls,Sub-Varsity,2026-10-19,17:15,Brookline High School,Natick High School,Natick High School,Natick High School Multipurpose Turf Field,,,L
2026-2027,Field Hockey,Girls,Sub-Varsity,2026-10-21,17:15,Brookline High School,Newton North High School,Brookline High School,Harry Downes Field Turf Field,,,L
2026-2027,Field Hockey,Girls,Sub-Varsity,2026-10-23,17:45,Brookline High School,Newton South High School,Newton South High School,Newton South High School Brandeis Turf Field,,,N
2026-2027,Field Hockey,Girls,Sub-Varsity,2026-10-26,17:15,Brookline High School,Wellesley High School,Brookline High School,Harry Downes Field Turf Field,,,L
2026-2027,Field Hockey,Girls,Varsity,2026-09-03,16:00,Brookline High School,Norwood High School,Norwood High School,Norwood High School Stadium,,,S
2026-2027,Field Hockey,Girls,Varsity,2026-09-09,16:30,Brookline High School,Milton High School,Milton High School,Milton High School Brooks Field Turf,Milton High School,0-2,L
2026-2027,Field Hockey,Girls,Varsity,2026-09-14,16:30,Brookline High School,Walpole High School,Walpole High School,Walpole High School Multipurpose Turf Field,Walpole High School,0-1,L
2026-2027,Field Hockey,Girls,Varsity,2026-09-16,16:15,Brookline High School,Framingham High School,Brookline High School,Harry Downes Field Turf Field,Brookline High School,6-0,L
2026-2027,Field Hockey,Girls,Varsity,2026-09-23,16:45,Brookline High School,Newton North High School,Newton North High School,Albemarle Field Multipurpose Turf Field,Tie,0-0,L
2026-2027,Field Hockey,Girls,Varsity,2026-09-25,16:15,Brookline High School,Lexington High School,Lexington High School,Lexington: Lincoln Park #3,Tie,2-2,N
2026-2027,Field Hockey,Girls,Varsity,2026-09-28,16:00,Brookline High School,Natick High School,Brookline High School,Harry Downes Field Turf Field,,,L
2026-2027,Field Hockey,Girls,Varsity,2026-09-30,16:15,Brookline High School,Wellesley High School,Wellesley High School,Wellesley High School Stadium,,,L
2026-2027,Field Hockey,Girls,Varsity,2026-10-02,16:00,Arlington High School,Brookline High School,Brookline High School,Downes Field (Brookline) Downes Field Turf,,,N
2026-2027,Field Hockey,Girls,Varsity,2026-10-05,16:00,Brookline High School,Weymouth High School,Brookline High School,Harry Downes Field Turf Field,,,L
2026-2027,Field Hockey,Girls,Varsity,2026-10-07,16:00,Brookline High School,Needham High School,Brookline High School,Harry Downes Field Turf Field,,,L
2026-2027,Field Hockey,Girls,Varsity,2026-10-13,16:00,Brookline High School,Weston High School,Brookline High School,Downes Field (Brookline) Downes Field Turf,,,N
2026-2027,Field Hockey,Girls,Varsity,2026-10-14,16:30,Brookline High School,Framingham High School,Framingham High School,Framingham High School Multipurpose Turf Field,,,L
2026-2027,Field Hockey,Girls,Varsity,2026-10-17,10:15,Brookline High School,Westford Academy,Brookline High School,Downes Field (Brookline) Downes Field Turf,,,N
2026-2027,Field Hockey,Girls,Varsity,2026-10-19,18:30,Brookline High School,Natick High School,Natick High School,Natick High School Multipurpose Turf Field,,,L
2026-2027,Field Hockey,Girls,Varsity,2026-10-21,16:00,Brookline High School,Newton North High School,Brookline High School,Harry Downes Field Turf Field,,,L
2026-2027,Field Hockey,Girls,Varsity,2026-10-23,16:30,Brookline High School,Newton South High School,Newton South High School,Newton South High School Brandeis Turf Field,,,N
2026-2027,Field Hockey,Girls,Varsity,2026-10-26,16:00,Brookline High School,Wellesley High School,Brookline High School,Harry Downes Field Turf Field,,,L
2026-2027,Football,Boys,Sub-Varsity,2026-10-16,17:00,Brookline High School,Natick High School,Natick High School,Natick High School Multipurpose Turf Field,,,L
2026-2027,Football,Boys,Sub-Varsity,2026-09-14,16:30,Brookline High School,Newton South High School,Newton South High School,Newton South High School Brandeis Turf Field,,,Canceled
2026-2027,Football,Boys,Sub-Varsity,2026-09-18,16:00,Brookline High School,Lexington High School,Brookline High School,Downes Field (Brookline) Downes Field Turf,,,Normal
2026-2027,Football,Boys,Sub-Varsity,2026-09-26,11:30,Brookline High School,Watertown High School,Watertown High School,Watertown - Victory Field Turf,,,Canceled
2026-2027,Football,Boys,Sub-Varsity,2026-10-03,10:00,Brookline High School,Hopkinton High School,Hopkinton High School,Hopkinton High School Field 1,,,Normal
2026-2027,Football,Boys,Sub-Varsity,2026-10-10,10:00,Brookline High School,New Bedford High School,Brookline High School,Downes Field (Brookline) Downes Field Turf,,,Normal
2026-2027,Football,Boys,Sub-Varsity,2026-10-24,10:00,Brookline High School,Framingham High School,Brookline High School,Downes Field (Brookline) Downes Field Turf,,,Normal
2026-2027,Football,Boys,Sub-Varsity,2026-10-31,10:00,Brookline High School,Wellesley High School,Brookline High School,Downes Field (Brookline) Downes Field Turf,,,Normal
2026-2027,Football,Boys,Sub-Varsity,2026-11-12,16:30,Brookline High School,Newton North High School,Newton North High School,Newton North High School Dickinson Stadium,,,Normal
2026-2027,Golf,Boys,Sub-Varsity,2026-09-10,15:30,Brookline High School,Wellesley High School,Brookline High School,Putterham Golf Course Robert T. Lynch Municipal Golf Course,,,L
2026-2027,Golf,Boys,Sub-Varsity,2026-09-14,15:30,Brookline High School,Newton South High School,Newton South High School,Newton Commonwealth Golf Club Newton Commonwealth Golf Club,,,N
2026-2027,Golf,Boys,Sub-Varsity,2026-09-15,15:30,Brookline High School,Natick High School,Brookline High School,Putterham Golf Course Robert T. Lynch Municipal Golf Course,,,L
2026-2027,Golf,Boys,Sub-Varsity,2026-09-16,15:45,Brookline High School,Natick High School,Natick High School,Natick High School Sassamon Trace Golf Course,,,L
2026-2027,Golf,Boys,Sub-Varsity,2026-09-22,15:30,Brookline High School,Newton North High School,Brookline High School,Putterham Golf Course Robert T. Lynch Municipal Golf Course,,,L
2026-2027,Golf,Boys,Sub-Varsity,2026-09-23,15:30,Brookline High School,Newton North High School,Newton North High School,Newton North High School Newton Commonwealth GC,,,L
2026-2027,Golf,Boys,Sub-Varsity,2026-09-24,15:30,Beaver Country Day School,Brookline High School,Brookline High School,Putterham Golf Course Robert T. Lynch Municipal Golf Course,,,L
2026-2027,Golf,Boys,Sub-Varsity,2026-09-29,15:30,Brookline High School,Newton South High School,Brookline High School,Putterham Golf Course Robert T. Lynch Municipal Golf Course,,,L
2026-2027,Golf,Boys,Sub-Varsity,2026-09-30,15:30,Boston College High School,Brookline High School,Boston College High School,Boston College High #1 Franklin Park,,,N
2026-2027,Golf,Boys,Sub-Varsity,2026-10-01,15:30,Boston College High School,Brookline High School,Brookline High School,Putterham Golf Course Robert T. Lynch Municipal Golf Course,,,N
2026-2027,Golf,Boys,Sub-Varsity,2026-10-05,15:15,Brookline High School,Milton High School,Milton High School,Ponkapoag Golf Course Ponkapoag Golf Course,,,L
2026-2027,Golf,Boys,Sub-Varsity,2026-10-07,15:30,Brookline High School,Catholic Memorial Middle/High School,Brookline High School,George Wright CC,,,N
2026-2027,Golf,Boys,Sub-Varsity,2026-10-14,15:30,Boston College High School,Brookline High School,Boston College High School,Boston College High #1 Franklin Park,,,N
2026-2027,Golf,Boys,Sub-Varsity,2026-10-15,15:30,Brookline High School,Milton High School,Brookline High School,Putterham Golf Course Robert T. Lynch Municipal Golf Course,,,N
2026-2027,Golf,Boys,Sub-Varsity,2026-10-19,15:00,Brookline High School,Wellesley High School,Wellesley High School,Wellesley High School Nehoiden Golf Club,,,L
2026-2027,Hockey,Boys,Varsity,2027-01-02,14:00,Brookline High School,St. Bernard's High School,St. Bernard's High School,Wallace Civic Center (Fitchburg) Rink,,,N
2026-2027,Hockey,Boys,Varsity,2027-01-13,20:00,Brookline High School,Walpole High School,Walpole High School,Rodman Arena Rodman Arena - NHL,,,L
2026-2027,Golf,Boys,Varsity,2026-09-01,15:30,Brookline High School,Milton High School,Brookline High School,The Country Club The Country Club,Milton High School,225-227,L
2026-2027,Golf,Boys,Varsity,2026-09-08,15:45,Brockton High School,Brookline High School,Brookline High School,The Country Club The Country Club,Brockton High School,94-15,L
2026-2027,Golf,Boys,Varsity,2026-09-09,15:30,Brookline High School,Natick High School,Brookline High School,The Country Club The Country Club,Natick High School,237-233,L
2026-2027,Golf,Boys,Varsity,2026-09-14,15:30,Brookline High School,Newton North High School,Newton North High School,Newton - Brae Burn Country Club Golf Course,Brookline High School,217-235,L
2026-2027,Golf,Boys,Varsity,2026-09-15,15:45,Brookline High School,Newton North High School,Brookline High School,The Country Club The Country Club,Newton North High School,240-256,L
2026-2027,Golf,Boys,Varsity,2026-09-16,15:15,Brockton High School,Brookline High School,Brockton High School,Brockton High School D.W. Field Golf Course,Brockton High School,36-152,L
2026-2027,Golf,Boys,Varsity,2026-09-17,15:30,Brookline High School,Wellesley High School,Wellesley High School,Nehoiden Nehoiden,Wellesley High School,220-206,L
2026-2027,Golf,Boys,Varsity,2026-09-22,TBA,Brookline High School,Weymouth High School,Weymouth High School,Weymouth High School weathervane,,,L
2026-2027,Golf,Boys,Varsity,2026-09-23,15:30,Brookline High School,Needham High School,Needham High School,Needham Golf Club Needham Golf Club,Brookline High School,249-238,L
2026-2027,Golf,Boys,Varsity,2026-09-24,15:30,Brookline High School,Dedham High School - Golf,Brookline High School,The Country Club The Country Club,Dedham High School - Golf,61-93,N
2026-2027,Golf,Boys,Varsity,2026-09-29,15:45,Brookline High School,Wellesley High School,Brookline High School,The Country Club The Country Club,,,L
2026-2027,Golf,Boys,Varsity,2026-09-30,15:30,Brookline High School,Framingham High School,Framingham High School,Framingham High School Framingham Country Club,,,L
2026-2027,Golf,Boys,Varsity,2026-10-01,15:30,Brookline High School,Dedham High School - Golf,Dedham High School - Golf,Dedham Country and Polo Club Dedham Country and Polo Club,,,L
2026-2027,Golf,Boys,Varsity,2026-10-06,15:45,Brookline High School,Walpole High School,Brookline High School,The Country Club The Country Club,,,L
2026-2027,Golf,Boys,Varsity,2026-10-07,15:30,Brookline High School,Catholic Memorial Middle/High School,Catholic Memorial Middle/High School,George Wright CC George Wright CC,,,N
2026-2027,Golf,Boys,Varsity,2026-10-13,15:30,Brookline High School,Natick High School,Natick High School,Natick High School Sassamon Trace Golf Course,,,L
2026-2027,Golf,Boys,Varsity,2026-10-15,15:45,Brookline High School,Framingham High School,Brookline High School,The Country Club The Country Club,,,L
2026-2027,Hockey,Girls,Varsity,2027-02-01,17:00,Belmont High School,Brookline High School,Belmont High School,Belmont-Ice Rink Ice RInk,,,N
2026-2027,Soccer,Boys,Sub-Varsity,2026-08-29,10:30,Brookline High School,Lincoln-Sudbury Regional High School,Lincoln-Sudbury Regional High School,Lincoln-Sudbury Regional High School (Sudbury) Grass Field 2,,,S
2026-2027,Soccer,Boys,Sub-Varsity,2026-09-04,16:30,Brookline High School,Lexington High School,Lexington High School,Lexington: Lincoln Park #1,,,S
2026-2027,Soccer,Boys,Sub-Varsity,2026-09-08,16:00,Brookline High School,Cambridge Rindge & Latin School,Brookline High School,Brookline-Warren Fld Warren Field,,,N
2026-2027,Soccer,Boys,Sub-Varsity,2026-09-15,16:00,Brookline High School,Milton High School,Brookline High School,Brookline High School Cypress Field,,,L
2026-2027,Soccer,Boys,Sub-Varsity,2026-09-17,16:00,Brookline High School,Walpole High School,Brookline High School,Brookline High School Cypress Field,,,L
2026-2027,Soccer,Boys,Sub-Varsity,2026-09-19,10:00,Brookline High School,St. John's Preparatory School,St. John's Preparatory School,St. John's Preparatory School Summer Street Field,,,N
2026-2027,Soccer,Boys,Sub-Varsity,2026-09-22,16:00,Brookline High School,Newton North High School,Brookline High School,Brookline High School Cypress Field,,,L
2026-2027,Soccer,Boys,Sub-Varsity,2026-09-24,16:30,Brookline High School,Framingham High School,Framingham High School,Framingham High School Winch Field #1 (Framingham HS)-Framingham,,,L
2026-2027,Soccer,Boys,Sub-Varsity,2026-09-29,16:00,Brookline High School,Newton South High School,Brookline High School,Brookline High School Cypress Field,,,N
2026-2027,Soccer,Boys,Sub-Varsity,2026-10-01,16:30,Brookline High School,Natick High School,Natick High School,Natick High School Grass #12,,,L
2026-2027,Soccer,Boys,Sub-Varsity,2026-10-06,16:00,Brookline High School,Wellesley High School,Brookline High School,Brookline-Warren Fld Warren Field,,,L
2026-2027,Soccer,Boys,Sub-Varsity,2026-10-08,16:30,Brookline High School,Weymouth High School,Weymouth High School,Weymouth HS Stadium,,,L
2026-2027,Soccer,Boys,Sub-Varsity,2026-10-15,16:00,Brookline High School,Needham High School - JV1,Needham High School - JV1,Needham-Defazio Complex Conroy Grass,,,L
2026-2027,Soccer,Boys,Sub-Varsity,2026-10-20,16:00,Brookline High School,Framingham High School,Brookline High School,Brookline-Warren Fld Warren Field,,,L
2026-2027,Soccer,Boys,Sub-Varsity,2026-10-22,16:00,Brookline High School,Natick High School,Brookline High School,Brookline-Warren Fld Warren Field,,,L
2026-2027,Soccer,Boys,Sub-Varsity,2026-10-27,16:00,Brookline High School,Newton North High School,Newton North High School,Newton - Warren Fields #1,,,L
2026-2027,Soccer,Boys,Sub-Varsity,2026-10-29,16:00,Brookline High School,Wellesley High School,Wellesley High School,Wellesley High School Hunnewell JV Field,,,L
2026-2027,Soccer,Boys,Varsity,2026-08-26,15:30,Acton-Boxborough,Brookline High School,Acton-Boxborough,Acton-Boxborough Lower Turf Field Complex #1,,,S
2026-2027,Soccer,Boys,Varsity,2026-08-29,10:30,Brookline High School,Lincoln-Sudbury Regional High School,Lincoln-Sudbury Regional High School,Lincoln-Sudbury Regional High School (Sudbury) Turf #2,,,S
2026-2027,Soccer,Boys,Varsity,2026-09-04,16:30,Brookline High School,Lexington High School,Lexington High School,Lexington: Lincoln Park #2,,,S
2026-2027,Soccer,Boys,Varsity,2026-09-08,16:30,Brookline High School,Cambridge Rindge & Latin School,Brookline High School,Brookline-Skyline Park Turf,Tie,1-1,N
2026-2027,Soccer,Boys,Varsity,2026-09-15,16:30,Brookline High School,Milton High School,Brookline High School,Brookline-Skyline Park Turf,Brookline High School,1-0,L
2026-2027,Soccer,Boys,Varsity,2026-09-17,16:00,Brookline High School,Walpole High School,Brookline High School,Brookline-Skyline Park Turf,Brookline High School,4-0,L
2026-2027,Soccer,Boys,Varsity,2026-09-19,10:00,Brookline High School,St. John's Preparatory School,St. John's Preparatory School,St. John's Preparatory School Cronin Glatz,Tie,2-2,N
2026-2027,Soccer,Boys,Varsity,2026-09-24,16:30,Brookline High School,Framingham High School,Framingham High School,Framingham-Fuller MS Fld # 1,Framingham High School,1-2,L
2026-2027,Soccer,Boys,Varsity,2026-09-29,16:30,Brookline High School,Newton South High School,Brookline High School,Brookline-Skyline Park Turf,,,N
2026-2027,Soccer,Boys,Varsity,2026-10-01,18:00,Brookline High School,Natick High School,Natick High School,Natick High School Multipurpose Turf Field,,,L
2026-2027,Soccer,Boys,Varsity,2026-10-06,16:15,Brookline High School,Wellesley High School,Brookline High School,Brookline-Skyline Park Turf,,,L
2026-2027,Soccer,Boys,Varsity,2026-10-08,18:00,Brookline High School,Weymouth High School,Weymouth High School,Weymouth HS Stadium,,,L
2026-2027,Soccer,Boys,Varsity,2026-10-13,16:00,Brookline High School,Newton North High School,Brookline High School,Brookline-Skyline Park Turf,,,L
2026-2027,Soccer,Boys,Varsity,2026-10-13,16:00,Brookline High School,Newton North High School,Brookline High School,Brookline-Skyline Park Turf,,,L
2026-2027,Soccer,Boys,Varsity,2026-10-13,16:00,Brookline High School,Newton North High School,Brookline High School,Brookline-Skyline Park Turf,,,Postponed
2026-2027,Soccer,Boys,Varsity,2026-10-13,16:00,Brookline High School,Newton North High School,Brookline High School,Brookline-Skyline Park Turf,,,Normal
2026-2027,Soccer,Boys,Varsity,2026-10-15,16:00,Brookline High School,Needham High School,Needham High School,Needham-Defazio Complex Turf #2 Brock,,,L
2026-2027,Soccer,Boys,Varsity,2026-10-20,16:00,Brookline High School,Framingham High School,Brookline High School,Brookline-Skyline Park Turf,,,L
2026-2027,Soccer,Boys,Varsity,2026-10-22,16:00,Brookline High School,Natick High School,Brookline High School,Brookline-Skyline Park Turf,,,L
2026-2027,Soccer,Boys,Varsity,2026-10-27,16:30,Brookline High School,Newton North High School,Newton North High School,Newton North High School Lowell Avenue Field,,,L
2026-2027,Soccer,Boys,Varsity,2026-10-29,16:00,Brookline High School,Wellesley High School,Wellesley High School,Wellesley High School Stadium,,,L
2026-2027,Soccer,Boys,Varsity,2026-11-03,18:00,Boston College High School,Brookline High School,Boston College High School,BC High School Soccer Field,,,N
2026-2027,Soccer,Girls,Varsity,2026-08-27,17:30,Brookline High School,TBA,Brookline High School,Concord Carlisle High School Doug White Turf #2,,,S
2026-2027,Soccer,Girls,Varsity,2026-09-01,09:00,Boston Latin School,Brookline High School,Brookline High School,Brookline-Skyline Park Turf,,,S
2026-2027,Soccer,Girls,Varsity,2026-09-05,TBA,@ TBA,Brookline High School,@ TBA,Not Listed,,,S
2026-2027,Soccer,Girls,Varsity,2026-09-09,16:15,Brookline High School,Needham High School,Needham High School,Needham-Cricket Field Field #1,Needham High School,0-5,N
2026-2027,Soccer,Girls,Varsity,2026-09-15,16:30,Brookline High School,Milton High School,Milton High School,Milton High School Brooks Field Turf,Brookline High School,2-1,L
2026-2027,Soccer,Girls,Varsity,2026-09-17,16:30,Brookline High School,Walpole High School,Walpole High School,Walpole Middle School Soccer Field,Brookline High School,2-1,L
2026-2027,Soccer,Girls,Varsity,2026-09-19,14:00,Brookline High School,Newton South High School,Newton South High School,Newton South High School Football Stadium,Brookline High School,3-0,N
2026-2027,Soccer,Girls,Varsity,2026-09-24,16:30,Brookline High School,Framingham High School,Brookline High School,Brookline-Skyline Park Turf,Brookline High School,3-0,L
2026-2027,Soccer,Girls,Varsity,2026-09-29,18:00,Brookline High School,Newton North High School - Newton North,Newton North High School - Newton North,Newton North High School Dickinson Stadium,,,L
2026-2027,Soccer,Girls,Varsity,2026-10-01,16:30,Brookline High School,Natick High School,Brookline High School,Brookline-Skyline Park Turf,,,L
2026-2027,Soccer,Girls,Varsity,2026-10-06,16:00,Brookline High School,Wellesley High School,Wellesley High School,Wellesley High School Stadium,,,L
2026-2027,Soccer,Girls,Varsity,2026-10-08,16:15,Brookline High School,Weymouth High School,Brookline High School,Brookline-Skyline Park Turf,,,L
2026-2027,Soccer,Girls,Varsity,2026-10-15,16:00,Brookline High School,Needham High School,Brookline High School,Brookline-Skyline Park Turf,,,L
2026-2027,Soccer,Girls,Varsity,2026-10-17,17:00,Belmont High School,Brookline High School,Belmont High School,Belmont (MA) High School Harris Field,,,N
2026-2027,Soccer,Girls,Varsity,2026-10-20,16:30,Brookline High School,Framingham High School,Framingham High School,Framingham-Fuller MS Fld # 1,,,L
2026-2027,Soccer,Girls,Varsity,2026-10-22,18:00,Brookline High School,Natick High School,Natick High School,Natick High School Multipurpose Turf Field,,,L
2026-2027,Soccer,Girls,Varsity,2026-10-27,16:00,Brookline High School,Newton North High School - Newton North,Brookline High School,Brookline-Skyline Park Turf,,,L
2026-2027,Soccer,Girls,Varsity,2026-10-29,16:00,Brookline High School,Wellesley High School,Brookline High School,Brookline-Skyline Park Turf,,,L
2026-2027,Soccer,Boys,Sub-Varsity,2026-09-10,16:30,Brookline High School,Milton High School,Milton High School,Milton-Kelly Field Kelly Soccer Field,,,L
2026-2027,Soccer,Boys,Sub-Varsity,2026-09-14,16:30,Brookline High School,Walpole High School,Walpole High School,Walpole Middle School Soccer Field,,,L
2026-2027,Soccer,Boys,Sub-Varsity,2026-09-18,16:00,Brookline High School,Framingham High School,Brookline High School,Brookline High School Cypress Field,,,L
2026-2027,Soccer,Boys,Sub-Varsity,2026-09-19,10:00,Brookline High School,St. John's Preparatory School,St. John's Preparatory School,St. John's Preparatory School Ryken Field,,,N
2026-2027,Soccer,Boys,Sub-Varsity,2026-09-22,16:00,Brookline High School,Newton South High School,Brookline High School,Brookline-Warren Fld Warren Field,,,L
2026-2027,Soccer,Boys,Sub-Varsity,2026-09-25,16:30,Brookline High School,Newton North High School,Newton North High School,Newton - Warren Fields #1,,,L
2026-2027,Soccer,Boys,Sub-Varsity,2026-09-30,16:00,Brookline High School,Natick High School,Brookline High School,Brookline-Warren Fld Warren Field,,,L
2026-2027,Soccer,Boys,Sub-Varsity,2026-10-02,16:00,Brookline High School,Wellesley High School,Wellesley High School,Wellesley High School Freshmen Field,,,L
2026-2027,Soccer,Boys,Sub-Varsity,2026-10-03,10:00,Boston College High School,Brookline High School,Boston College High School,BC High School Soccer Field,,,N
2026-2027,Soccer,Boys,Sub-Varsity,2026-10-05,16:30,Brookline High School,Weymouth High School,Weymouth High School,Weymouth Lovell Field Field 1,,,L
2026-2027,Soccer,Boys,Sub-Varsity,2026-10-09,16:00,Brookline High School,Needham High School,Brookline High School,Brookline-Warren Fld Warren Field,,,L
2026-2027,Soccer,Boys,Sub-Varsity,2026-10-16,16:30,Brookline High School,Framingham High School,Framingham High School,Framingham High School #1,,,L
2026-2027,Soccer,Boys,Sub-Varsity,2026-10-19,16:30,Brookline High School,Natick High School,Natick High School,Natick High School Grass #13,,,L
2026-2027,Soccer,Boys,Sub-Varsity,2026-10-23,16:00,Brookline High School,Newton North High School,Brookline High School,Brookline-Warren Fld Warren Field,,,L
2026-2027,Soccer,Boys,Sub-Varsity,2026-10-26,16:00,Brookline High School,Wellesley High School,Brookline High School,Brookline-Warren Fld Warren Field,,,L
2026-2027,Soccer,Girls,Sub-Varsity,2026-09-10,16:00,Brookline High School,Milton High School,Brookline High School,Brookline High School Cypress Field,,,L
2026-2027,Soccer,Girls,Sub-Varsity,2026-09-14,16:00,Brookline High School,Walpole High School,Brookline High School,Brookline High School Cypress Field,,,L
2026-2027,Soccer,Girls,Sub-Varsity,2026-09-18,16:30,Brookline High School,Framingham High School,Framingham High School,Framingham High School #1,,,L
2026-2027,Soccer,Girls,Sub-Varsity,2026-09-22,16:15,Brookline High School,Newton South High School,Newton South High School,Newton South High School Grass 1,,,N
2026-2027,Soccer,Girls,Sub-Varsity,2026-09-25,16:00,Brookline High School,Newton North High School,Brookline High School,Brookline High School Cypress Field,,,L
2026-2027,Soccer,Girls,Sub-Varsity,2026-09-30,16:30,Brookline High School,Natick High School,Natick High School,Natick High School Grass #13,,,L
2026-2027,Soccer,Girls,Sub-Varsity,2026-10-02,16:00,Brookline High School,Wellesley High School,Brookline High School,Brookline-Warren Fld Warren Field,,,L
2026-2027,Soccer,Girls,Sub-Varsity,2026-10-05,16:30,Brookline High School,Weymouth High School,Weymouth High School,Weymouth Lovell Field Field 1,,,L
2026-2027,Soccer,Girls,Sub-Varsity,2026-10-09,16:00,Brookline High School,Needham High School,Needham High School,Needham-Cricket Field Field #1,,,L
2026-2027,Soccer,Girls,Sub-Varsity,2026-10-16,16:00,Brookline High School,Framingham High School,Brookline High School,Brookline-Warren Fld Warren Field,,,L
2026-2027,Soccer,Girls,Sub-Varsity,2026-10-19,16:00,Brookline High School,Natick High School,Brookline High School,Brookline-Warren Fld Warren Field,,,L
2026-2027,Soccer,Girls,Sub-Varsity,2026-10-23,16:30,Brookline High School,Newton North High School,Newton North High School,Cold Springs Park (Newton) <BLANK>,,,L
2026-2027,Soccer,Girls,Sub-Varsity,2026-10-26,16:00,Brookline High School,Wellesley High School,Wellesley High School,Wellesley High School Freshmen Field,,,L
2026-2027,Soccer,Girls,Sub-Varsity,2026-09-01,11:00,Boston Latin School,Brookline High School,Brookline High School,Brookline-Skyline Park Turf,,,S
2026-2027,Soccer,Girls,Sub-Varsity,2026-09-09,16:15,Brookline High School,Needham High School,Needham High School,Needham-Cricket Field Field #2,,,N
2026-2027,Soccer,Girls,Sub-Varsity,2026-09-15,16:30,Brookline High School,Milton High School,Milton High School,Milton High School Gile Grass (MHS),,,L
2026-2027,Soccer,Girls,Sub-Varsity,2026-09-17,16:30,Brookline High School,Walpole High School,Walpole High School,Walpole Middle School Soccer Field,,,L
2026-2027,Soccer,Girls,Sub-Varsity,2026-09-19,14:00,Brookline High School,Newton South High School,Newton South High School,Newton South High School Grass 1,Newton South High School,1-2,N
2026-2027,Soccer,Girls,Sub-Varsity,2026-09-24,16:00,Brookline High School,Framingham High School,Brookline High School,Brookline-Warren Fld Warren Field,,,L
2026-2027,Soccer,Girls,Sub-Varsity,2026-09-29,16:30,Brookline High School,Newton North High School,Newton North High School,Cold Springs Park (Newton) <BLANK>,,,L
2026-2027,Soccer,Girls,Sub-Varsity,2026-10-01,16:00,Brookline High School,Natick High School,Brookline High School,Brookline High School Cypress Field,,,L
2026-2027,Soccer,Girls,Sub-Varsity,2026-10-06,16:00,Brookline High School,Wellesley High School,Wellesley High School,Wellesley High School Hunnewell JV Field,,,L
2026-2027,Soccer,Girls,Sub-Varsity,2026-10-08,16:00,Brookline High School,Weymouth High School,Brookline High School,Brookline-Warren Fld Warren Field,,,L
2026-2027,Soccer,Girls,Sub-Varsity,2026-10-15,16:00,Brookline High School,Needham High School,Brookline High School,Brookline-Warren Fld Warren Field,,,L
2026-2027,Soccer,Girls,Sub-Varsity,2026-10-17,15:00,Belmont High School,Brookline High School,Belmont High School,Belmont (MA) High School Harris Field,,,N
2026-2027,Soccer,Girls,Sub-Varsity,2026-10-20,16:30,Brookline High School,Framingham High School,Framingham High School,Framingham High School Winch Field,,,L
2026-2027,Soccer,Girls,Sub-Varsity,2026-10-22,16:00,Brookline High School,Natick High School,Natick High School,Natick High School Grass #12,,,L
2026-2027,Soccer,Girls,Sub-Varsity,2026-10-27,16:00,Brookline High School,Newton North High School,Brookline High School,Brookline-Warren Fld Warren Field,,,L
2026-2027,Soccer,Girls,Sub-Varsity,2026-10-29,16:00,Brookline High School,Wellesley High School,Brookline High School,Brookline-Warren Fld Warren Field,,,L
2026-2027,Softball,Girls,Varsity,2027-05-07,16:30,Brookline High School,Watertown High School,Watertown High School,Watertown-Hosmer School Softball Field,,,L
2026-2027,Swimming & Diving,Girls,Varsity,2026-09-08,16:00,Acton-Boxborough,Brookline High School,Brookline High School,Brookline Pool - Kirrane Aquatics Center Kirrane Aquatics Center - Brookline High School,Brookline High School,87-99,N
2026-2027,Swimming & Diving,Girls,Varsity,2026-09-14,16:00,Brookline High School,Weymouth High School,Brookline High School,Brookline Pool - Kirrane Aquatics Center Kirrane Aquatics Center - Brookline High School,,,L
2026-2027,Swimming & Diving,Girls,Varsity,2026-09-15,16:00,Brookline High School,Weymouth High School,Weymouth High School,Connell Rink - Weymouth MDC pool,,,L
2026-2027,Swimming & Diving,Girls,Varsity,2026-09-17,16:00,Brookline High School,Milton High School,Brookline High School,Brookline Pool - Kirrane Aquatics Center Kirrane Aquatics Center - Brookline High School,Milton High School,85-96,L
2026-2027,Swimming & Diving,Girls,Varsity,2026-09-25,16:00,Brookline High School,Wellesley High School,Brookline High School,Brookline Pool - Kirrane Aquatics Center Kirrane Aquatics Center - Brookline High School,Wellesley High School,87-93,L
2026-2027,Swimming & Diving,Girls,Varsity,2026-09-29,16:00,Brookline High School,Natick High School,Brookline High School,Brookline Pool - Kirrane Aquatics Center Kirrane Aquatics Center - Brookline High School,,,L
2026-2027,Swimming & Diving,Girls,Varsity,2026-10-02,16:00,Brookline High School,Walpole High School,Brookline High School,Brookline Pool - Kirrane Aquatics Center Kirrane Aquatics Center - Brookline High School,,,L
2026-2027,Swimming & Diving,Girls,Varsity,2026-10-06,19:30,Brookline High School,Needham High School,Needham High School,Babson College Morse Swimming Pool,,,L
2026-2027,Swimming & Diving,Girls,Varsity,2026-10-13,16:30,Brookline High School,Framingham High School,Brookline High School,Brookline Pool - Kirrane Aquatics Center Kirrane Aquatics Center - Brookline High School,,,L
2026-2027,Swimming & Diving,Girls,Varsity,2026-10-20,16:00,Brookline High School,Newton North High School,Brookline High School,Brookline Pool - Kirrane Aquatics Center Kirrane Aquatics Center - Brookline High School,,,L
2026-2027,Swimming & Diving,Girls,Varsity,2026-10-25,TBA,@ TBA,Brookline High School,@ TBA,Not Listed,,,N
2026-2027,Swimming & Diving,Girls,Varsity,2026-11-08,TBA,@ TBA,Brookline High School,@ TBA,Not Listed,,,N
2026-2027,Swimming & Diving,Girls,Varsity,2026-11-15,TBA,@ TBA,Brookline High School,@ TBA,Not Listed,,,N
2026-2027,Volleyball,Girls,Varsity,2026-09-03,18:00,Brookline High School,Madison Park Vocational High School,Brookline High School,Brookline High School Schluntz Gym,,,Normal
2026-2027,Volleyball,Girls,Varsity,2026-09-09,16:30,Brookline High School,Milton High School,Milton High School,Milton High School Copeland Field House,Brookline High School,3-0,Normal
2026-2027,Volleyball,Girls,Varsity,2026-09-15,16:30,Brookline High School,Walpole High School,Walpole High School,Walpole High School Fieldhouse,Brookline High School,3-0,Normal
2026-2027,Volleyball,Girls,Varsity,2026-09-17,17:15,Brookline High School,Framingham High School,Brookline High School,Brookline High School Schluntz Gym,Brookline High School,3-0,Normal
2026-2027,Volleyball,Girls,Varsity,2026-09-18,16:00,Brookline High School,Needham High School,Needham High School,Needham High School A Gym,Brookline High School,3-0,Normal
2026-2027,Volleyball,Girls,Varsity,2026-09-23,17:45,Brookline High School,Winchester High School,Brookline High School,Brookline High School Schluntz Gym,Winchester High School,1-3,Normal
2026-2027,Volleyball,Girls,Varsity,2026-09-24,16:30,Brookline High School,Newton North High School - Newton North,Newton North High School - Newton North,Newton North High School Reggie Gym,Brookline High School,3-1,Normal
2026-2027,Volleyball,Girls,Varsity,2026-09-26,11:00,Boston Latin School,Brookline High School,Boston Latin School,Boston Latin School Barbara & Patrick Roche '46 Gymnasium,,,Postponed
2026-2027,Volleyball,Girls,Varsity,2026-09-29,17:15,Brookline High School,Natick High School,Brookline High School,Brookline High School Schluntz Gym,,,Normal
2026-2027,Volleyball,Girls,Varsity,2026-10-01,16:00,Brookline High School,Wellesley High School,Wellesley High School,Wellesley High School Gym,,,Normal
2026-2027,Volleyball,Girls,Varsity,2026-10-05,17:45,Bishop Feehan High School,Brookline High School,Bishop Feehan High School,Bishop Feehan High School McIntyre Gymnasium,,,Normal
2026-2027,Volleyball,Girls,Varsity,2026-10-06,17:15,Brookline High School,Weymouth High School,Brookline High School,Brookline High School Schluntz Gym,,,Normal
2026-2027,Volleyball,Girls,Varsity,2026-10-08,17:15,Brookline High School,Needham High School,Brookline High School,Brookline High School Schluntz Gym,,,Normal
2026-2027,Volleyball,Girls,Varsity,2026-10-15,16:30,Brookline High School,Framingham High School,Framingham High School,Framingham High School Gym,,,Normal
2026-2027,Volleyball,Girls,Varsity,2026-10-20,16:30,Brookline High School,Natick High School,Natick High School,Natick High School Gym,,,Normal
2026-2027,Volleyball,Girls,Varsity,2026-10-22,17:45,Brookline High School,Newton North High School - Newton North,Brookline High School,Brookline High School Schluntz Gym,,,Normal
2026-2027,Volleyball,Girls,Varsity,2026-10-27,17:15,Brookline High School,Wellesley High School,Brookline High School,Brookline High School Schluntz Gym,,,Normal
2026-2027,Volleyball,Girls,Varsity,2026-10-30,17:30,Brookline High School,Newton South High School,Newton South High School,Newton South High School Field House,,,Normal
2026-2027,Wrestling,Boys,Varsity,2027-01-06,18:00,Brookline High School,Wellesley High School,Brookline High School,Brookline High School Schluntz Gym,,,L
2026-2027,Wrestling,Boys,Varsity,2027-01-16,TBA,Brookline High School,TBA,Brookline High School,Brookline High School Schluntz Gym,,,L
2026-2027,Wrestling,Boys,Varsity,2027-01-27,18:00,Brookline High School,Natick High School,Brookline High School,Brookline High School Schluntz Gym,,,L
2026-2027,Volleyball,Girls,Sub-Varsity,2026-09-09,18:00,Brookline High School,Milton High School,Milton High School,Milton High School Copeland Field House,,,L
2026-2027,Volleyball,Girls,Sub-Varsity,2026-09-15,18:00,Brookline High School,Walpole High School,Walpole High School,Walpole High School Fieldhouse,,,L
2026-2027,Volleyball,Girls,Sub-Varsity,2026-09-17,16:00,Brookline High School,Framingham High School,Brookline High School,Brookline High School Schluntz Gym,,,L
2026-2027,Volleyball,Girls,Sub-Varsity,2026-09-18,17:30,Brookline High School,Needham High School,Needham High School,Needham High School A Gym,,,N
2026-2027,Volleyball,Girls,Sub-Varsity,2026-09-23,16:30,Brookline High School,Winchester High School,Brookline High School,Brookline High School Schluntz Gym,,,N
2026-2027,Volleyball,Girls,Sub-Varsity,2026-09-24,18:15,Brookline High School,Newton North High School,Newton North High School,Newton North High School Reggie Gym,,,L
2026-2027,Volleyball,Girls,Sub-Varsity,2026-09-29,16:00,Brookline High School,Natick High School,Brookline High School,Brookline High School Schluntz Gym,,,L
2026-2027,Volleyball,Girls,Sub-Varsity,2026-10-01,17:30,Brookline High School,Wellesley High School,Wellesley High School,Wellesley High School Gym,,,L
2026-2027,Volleyball,Girls,Sub-Varsity,2026-10-05,16:30,Bishop Feehan High School,Brookline High School,Bishop Feehan High School,Bishop Feehan High School McIntyre Gymnasium,,,N
2026-2027,Volleyball,Girls,Sub-Varsity,2026-10-06,16:00,Brookline High School,Weymouth High School,Brookline High School,Brookline High School Schluntz Gym,,,L
2026-2027,Volleyball,Girls,Sub-Varsity,2026-10-08,16:00,Brookline High School,Needham High School,Brookline High School,Brookline High School Schluntz Gym,,,L
2026-2027,Volleyball,Girls,Sub-Varsity,2026-10-14,16:30,Boston Latin School,Brookline High School,Boston Latin School,Boston Latin School Barbara & Patrick Roche '46 Gymnasium,,,L
2026-2027,Volleyball,Girls,Sub-Varsity,2026-10-15,18:00,Brookline High School,Framingham High School,Framingham High School,Framingham High School Gym,,,L
2026-2027,Volleyball,Girls,Sub-Varsity,2026-10-20,17:45,Brookline High School,Natick High School,Natick High School,Natick High School Gym,,,L
2026-2027,Volleyball,Girls,Sub-Varsity,2026-10-22,16:30,Brookline High School,Newton North High School,Brookline High School,Brookline High School Schluntz Gym,,,L
2026-2027,Volleyball,Girls,Sub-Varsity,2026-10-27,16:00,Brookline High School,Wellesley High School,Brookline High School,Brookline High School Schluntz Gym,,,L
2026-2027,Volleyball,Girls,Sub-Varsity,2026-10-30,16:30,Brookline High School,Newton South High School,Newton South High School,Newton South High School Field House,,,N
2026-2027,Volleyball,Girls,Sub-Varsity,2026-09-09,18:00,Brookline High School,Milton High School,Milton High School,Milton High School Copeland Field House,,,L
2026-2027,Volleyball,Girls,Sub-Varsity,2026-09-15,18:00,Brookline High School,Walpole High School,Walpole High School,Walpole High School Fieldhouse,,,L
2026-2027,Volleyball,Girls,Sub-Varsity,2026-09-17,16:00,Brookline High School,Framingham High School,Brookline High School,Brookline High School Tappan Gym,,,L
2026-2027,Volleyball,Girls,Sub-Varsity,2026-09-18,17:30,Brookline High School,Needham High School,Needham High School,Needham High School B Gym,,,N
2026-2027,Volleyball,Girls,Sub-Varsity,2026-09-23,16:30,Brookline High School,Winchester High School,Brookline High School,Brookline High School Tappan Gym,,,N
2026-2027,Volleyball,Girls,Sub-Varsity,2026-09-24,18:15,Brookline High School,Newton North High School,Newton North High School,Newton North High School Reggie Gym,,,L
2026-2027,Volleyball,Girls,Sub-Varsity,2026-09-29,16:00,Brookline High School,Natick High School,Brookline High School,Brookline High School Tappan Gym,,,L
2026-2027,Volleyball,Girls,Sub-Varsity,2026-10-01,17:30,Brookline High School,Wellesley High School,Wellesley High School,Wellesley High School Gym,,,L
2026-2027,Volleyball,Girls,Sub-Varsity,2026-10-05,16:30,Bishop Feehan High School,Brookline High School,Bishop Feehan High School,Bishop Feehan High School The Rock,,,N
2026-2027,Volleyball,Girls,Sub-Varsity,2026-10-06,16:00,Brookline High School,Weymouth High School,Brookline High School,Brookline High School Tappan Gym,,,L
2026-2027,Volleyball,Girls,Sub-Varsity,2026-10-08,16:00,Brookline High School,Needham High School,Brookline High School,Brookline High School Tappan Gym,,,L
2026-2027,Volleyball,Girls,Sub-Varsity,2026-10-14,16:30,Boston Latin School,Brookline High School,Boston Latin School,Boston Latin School Lower Gym,,,L
2026-2027,Volleyball,Girls,Sub-Varsity,2026-10-15,18:00,Brookline High School,Framingham High School,Framingham High School,Framingham High School Gym,,,L
2026-2027,Volleyball,Girls,Sub-Varsity,2026-10-20,17:45,Brookline High School,Natick High School,Natick High School,Natick High School Gym,,,L
2026-2027,Volleyball,Girls,Sub-Varsity,2026-10-22,16:30,Brookline High School,Newton North High School,Brookline High School,Brookline High School Tappan Gym,,,L
2026-2027,Volleyball,Girls,Sub-Varsity,2026-10-27,16:00,Brookline High School,Wellesley High School,Brookline High School,Brookline High School Tappan Gym,,,L
2026-2027,Volleyball,Girls,Sub-Varsity,2026-10-30,16:30,Brookline High School,Newton South High School,Newton South High School,Newton South High School Gym,,,N
2026-2027,Basketball,Boys,Varsity,2027-01-12,18:30,Framingham High School,Weymouth High School,Weymouth High School,Weymouth High School Gymnasium,,,L
2026-2027,Basketball,Boys,Varsity,2027-01-22,18:30,Framingham High School,Walpole High School,Walpole High School,Walpole High School Gym,,,L
2026-2027,Basketball,Boys,Varsity,2027-01-30,TBA,Framingham High School,Reading Memorial High School,Reading Memorial High School,Reading Memorial HS Hawkes Field House,,,N
2026-2027,Baseball,Boys,Sub-Varsity,2027-03-29,15:45,Framingham High School,Milton High School,Milton High School,Milton High School Gile Grass (MHS),,,L
2026-2027,Baseball,Boys,Sub-Varsity,2027-03-31,15:45,Framingham High School,Needham High School,Framingham High School,Framingham High School Read Field,,,L
2026-2027,Baseball,Boys,Sub-Varsity,2027-04-07,16:30,Framingham High School,Newton North High School,Newton North High School,Newton/Waban - Lincoln-Warren Field Baseball Field,,,L
2026-2027,Baseball,Boys,Sub-Varsity,2027-04-12,15:45,Framingham High School,Wellesley High School,Wellesley High School,Wellesley High School Baseball Field,,,L
2026-2027,Baseball,Boys,Sub-Varsity,2027-04-14,15:45,Framingham High School,Natick High School,Framingham High School,Framingham High School Read Field,,,L
2026-2027,Baseball,Boys,Sub-Varsity,2027-05-04,15:45,Framingham High School,Walpole High School,Walpole High School,Walpole SM Lorusso & Sons Athletic Complex Baseball Field,,,L
2026-2027,Baseball,Boys,Sub-Varsity,2027-05-05,15:45,Framingham High School,Weymouth High School,Weymouth High School,Weymouth High School brad hawes field,,,L
2026-2027,Baseball,Boys,Sub-Varsity,2027-05-10,15:45,Framingham High School,Newton North High School,Framingham High School,Framingham High School Read Field,,,L
2026-2027,Baseball,Boys,Sub-Varsity,2027-05-12,15:45,Framingham High School,Wellesley High School,Framingham High School,Framingham High School Read Field,,,L
2026-2027,Baseball,Boys,Sub-Varsity,2027-05-17,15:45,Framingham High School,Natick High School,Natick High School,Natick - Wilson Middle School Baseball Diamond,,,L
2026-2027,Basketball,Boys,Sub-Varsity,2027-01-12,17:15,Framingham High School,Weymouth High School,Weymouth High School,Weymouth High School Gymnasium,,,L
2026-2027,Basketball,Girls,Varsity,2026-12-05,13:00,Framingham High School,Waltham High School,Waltham High School,Waltham HS Main Gym,,,S
2026-2027,Basketball,Girls,Varsity,2026-12-11,19:00,Framingham High School,Lincoln-Sudbury Regional High School,Lincoln-Sudbury Regional High School,Lincoln-Sudbury Regional High School (Sudbury) Gym 1,,,N
2026-2027,Basketball,Girls,Varsity,2026-12-15,18:30,Framingham High School,Newton North High School - Newton North,Framingham High School,Framingham High School Gym,,,L
2026-2027,Basketball,Girls,Varsity,2026-12-18,18:30,Framingham High School,Wellesley High School,Framingham High School,Framingham High School Gym,,,L
2026-2027,Basketball,Girls,Varsity,2026-12-28,19:00,Framingham High School,King Philip Regional High School,Framingham High School,Framingham High School Gym,,,T
2026-2027,Basketball,Girls,Varsity,2027-01-08,18:30,Framingham High School,Natick High School,Framingham High School,Framingham High School Gym,,,L
2026-2027,Basketball,Girls,Varsity,2027-01-12,18:30,Framingham High School,Weymouth High School,Framingham High School,Framingham High School Gym,,,L
2026-2027,Basketball,Girls,Varsity,2027-01-22,17:15,Framingham High School,Walpole High School,Walpole High School,Walpole High School Gym,,,L
2026-2027,Basketball,Girls,Varsity,2027-01-25,18:30,Framingham High School,Lexington High School,Framingham High School,Framingham High School Gym,,,L
2026-2027,Basketball,Girls,Varsity,2027-01-26,18:30,Framingham High School,Wellesley High School,Wellesley High School,Wellesley High School Gym,,,L
2026-2027,Basketball,Girls,Varsity,2027-02-02,18:30,Framingham High School,Needham High School,Framingham High School,Framingham High School Gym,,,L
2026-2027,Basketball,Girls,Varsity,2027-02-05,18:30,Framingham High School,Natick High School,Natick High School,Natick High School Gym,,,L
2026-2027,Basketball,Girls,Varsity,2027-02-09,18:30,Framingham High School,Milton High School,Milton High School,Milton High School Copeland Field House,,,L
2026-2027,Basketball,Girls,Varsity,2027-02-15,18:30,Framingham High School,Wayland High School,Framingham High School,Framingham High School Gym,,,L
2026-2027,Basketball,Girls,Varsity,2027-02-17,18:00,Framingham High School,Shrewsbury,Shrewsbury,Shrewsbury High School SHS Field House- Main Court,,,N
2026-2027,Baseball,Boys,Varsity,2027-03-29,16:00,Framingham High School,Milton High School,Milton High School,Milton - Cunningham Park Baseball Diamond,,,L
2026-2027,Baseball,Boys,Varsity,2027-03-31,16:00,Framingham High School,Needham High School,Framingham High School,Framingham - Bowditch Field,,,L
2026-2027,Baseball,Boys,Varsity,2027-04-07,16:30,Framingham High School,Newton North High School,Newton North High School,Newton North High School Lowell Avenue Field,,,L
2026-2027,Baseball,Boys,Varsity,2027-04-12,16:00,Framingham High School,Wellesley High School,Wellesley High School,Wellesley- Sprague Baseball Field,,,L
2026-2027,Baseball,Boys,Varsity,2027-04-14,16:00,Framingham High School,Natick High School,Framingham High School,Framingham - Bowditch Field,,,L
2026-2027,Baseball,Boys,Varsity,2027-05-04,16:00,Framingham High School,Walpole High School,Walpole High School,Walpole Middle School Soccer Field,,,L
2026-2027,Baseball,Boys,Varsity,2027-05-05,16:00,Framingham High School,Weymouth High School,Weymouth High School,Weymouth - Libby Field Baseball Diamond,,,L
2026-2027,Baseball,Boys,Varsity,2027-05-10,16:00,Framingham High School,Newton North High School,Framingham High School,Framingham - Bowditch Field,,,L
2026-2027,Baseball,Boys,Varsity,2027-05-12,16:00,Framingham High School,Wellesley High School,Framingham High School,Framingham - Bowditch Field,,,L
2026-2027,Baseball,Boys,Varsity,2027-05-17,16:00,Framingham High School,Natick High School,Natick High School,Natick High School Mahan Baseball Field,,,L
2026-2027,Basketball,Coed,Unified,2026-09-28,15:15,Framingham High School,Natick High School,Natick High School,Natick High School NHS Gymnasium,,,L
2026-2027,Basketball,Coed,Unified,2026-10-14,15:00,Framingham High School,Walpole High School,Walpole High School,Walpole High School Fieldhouse,,,L
2026-2027,Basketball,Coed,Unified,2026-10-22,03:45,Framingham High School,Natick High School,Framingham High School,Framingham High School @ Bowditch Field,,,L
2026-2027,Basketball,Coed,Unified,2026-10-26,16:00,Framingham High School,Newton North High School,Newton North High School,Newton North High School Reggie Gym,,,L
2026-2027,Basketball,Girls,Sub-Varsity,2026-12-11,16:00,Framingham High School,Lincoln-Sudbury Regional High School,Lincoln-Sudbury Regional High School,Lincoln-Sudbury Regional High School (Sudbury) Gym 4,,,L
2026-2027,Basketball,Girls,Sub-Varsity,2026-12-15,16:00,Framingham High School,Newton North High School,Framingham High School,Framingham High School Gym,,,L
2026-2027,Basketball,Girls,Sub-Varsity,2026-12-18,16:00,Framingham High School,Wellesley High School,Framingham High School,Framingham High School Gym,,,L
2026-2027,Basketball,Girls,Sub-Varsity,2027-01-08,16:00,Framingham High School,Natick High School,Framingham High School,Framingham High School Gym,,,L
2026-2027,Basketball,Girls,Sub-Varsity,2027-01-12,16:00,Framingham High School,Weymouth High School,Framingham High School,Framingham High School Gym,,,L
2026-2027,Basketball,Girls,Sub-Varsity,2027-01-26,15:45,Framingham High School,Wellesley High School,Wellesley High School,Sprague School Sprague School,,,L
2026-2027,Basketball,Girls,Sub-Varsity,2027-02-02,16:00,Framingham High School,Needham High School,Framingham High School,Framingham High School Gym,,,L
2026-2027,Basketball,Girls,Sub-Varsity,2027-02-05,15:45,Framingham High School,Natick High School,Natick High School,Natick High School Gym,,,L
2026-2027,Basketball,Girls,Sub-Varsity,2027-02-09,15:45,Framingham High School,Milton High School,Milton High School,Milton High School Copeland Field House,,,L
2026-2027,Basketball,Girls,Sub-Varsity,2026-12-05,11:30,Framingham High School,Waltham High School,Waltham High School,Waltham HS Main Gym,,,S
2026-2027,Basketball,Girls,Sub-Varsity,2026-12-11,17:30,Framingham High School,Lincoln-Sudbury Regional High School,Lincoln-Sudbury Regional High School,Lincoln-Sudbury Regional High School (Sudbury) Gym 1,,,L
2026-2027,Basketball,Girls,Sub-Varsity,2026-12-15,17:15,Framingham High School,Newton North High School,Framingham High School,Framingham High School Gym,,,L
2026-2027,Basketball,Girls,Sub-Varsity,2026-12-18,17:15,Framingham High School,Wellesley High School,Framingham High School,Framingham High School Gym,,,L
2026-2027,Basketball,Girls,Sub-Varsity,2027-01-08,17:15,Framingham High School,Natick High School,Framingham High School,Framingham High School Gym,,,L
2026-2027,Basketball,Girls,Sub-Varsity,2027-01-12,17:15,Framingham High School,Weymouth High School,Framingham High School,Framingham High School Gym,,,L
2026-2027,Basketball,Girls,Sub-Varsity,2027-01-22,15:45,Framingham High School,Walpole High School,Walpole High School,Walpole High School Gym,,,L
2026-2027,Basketball,Girls,Sub-Varsity,2027-01-25,17:15,Framingham High School,Lexington High School,Framingham High School,Framingham High School Gym,,,L
2026-2027,Basketball,Girls,Sub-Varsity,2027-01-26,17:15,Framingham High School,Wellesley High School,Wellesley High School,Wellesley High School Gym,,,L
2026-2027,Basketball,Girls,Sub-Varsity,2027-02-02,17:15,Framingham High School,Needham High School,Framingham High School,Framingham High School Gym,,,L
2026-2027,Basketball,Girls,Sub-Varsity,2027-02-05,17:15,Framingham High School,Natick High School,Natick High School,Natick High School Gym,,,L
2026-2027,Basketball,Girls,Sub-Varsity,2027-02-09,17:15,Framingham High School,Milton High School,Milton High School,Milton High School Copeland Field House,,,L
2026-2027,Basketball,Girls,Sub-Varsity,2027-02-15,17:00,Framingham High School,Wayland High School,Framingham High School,Framingham High School Gym,,,L
2026-2027,Basketball,Girls,Sub-Varsity,2027-02-17,16:30,Framingham High School,Shrewsbury - JV1,Shrewsbury - JV1,Shrewsbury High School SHS Field House- Main Court,,,N
2026-2027,Basketball,Boys,Sub-Varsity,2027-01-12,15:45,Framingham High School,Weymouth High School,Weymouth High School,Weymouth High School Gymnasium,,,L
2026-2027,Competitive Cheerleading,Coed,Varsity,2026-10-30,18:00,Framingham High School,Needham High School,Framingham High School,Framingham High School @ Bowditch Field Bowditch Field,,,L
2026-2027,Competitive Cheerleading,Coed,Varsity,2026-11-07,14:00,Bay State Conference,Framingham High School,Framingham High School,Framingham High School,,,L
2026-2027,Cross Country,Boys,Varsity,2026-09-09,16:00,Framingham High School,Wellesley High School,Framingham High School,Weymouth High School Wompatuck State Park,Wellesley High School,34-23,L
2026-2027,Cross Country,Boys,Varsity,2026-09-23,16:00,Framingham High School,Walpole High School,Framingham High School,Framingham High School Farm Pond,,,L
2026-2027,Cross Country,Boys,Varsity,2026-09-30,16:00,Framingham High School,Milton High School,Milton High School,Houghton's Pond XC Course,,,L
2026-2027,Cross Country,Boys,Varsity,2026-10-07,16:30,Framingham High School,Newton North High School,Newton North High School,Newton North High School Cold Springs Park,,,L
2026-2027,Cross Country,Boys,Varsity,2026-10-21,16:00,Framingham High School,Natick High School,Framingham High School,Framingham High School Farm Pond,,,L
2026-2027,Field Hockey,Girls,Sub-Varsity,2026-08-31,16:45,Framingham High School,Grafton High School,Framingham High School,Framingham High School Multipurpose Turf Field,,,Normal
2026-2027,Field Hockey,Girls,Sub-Varsity,2026-09-09,17:15,Framingham High School,Natick High School,Natick High School,Natick High School Multipurpose Turf Field,,,Normal
2026-2027,Field Hockey,Girls,Sub-Varsity,2026-09-14,17:15,Framingham High School,Weymouth High School,Framingham High School,Framingham High School Multipurpose Turf Field,,,Normal
2026-2027,Field Hockey,Girls,Sub-Varsity,2026-09-20,14:45,Arlington Catholic High School,Framingham High School,Framingham High School,Framingham High School Multipurpose Turf Field,,,Canceled
2026-2027,Field Hockey,Girls,Sub-Varsity,2026-09-23,17:15,Framingham High School,Wellesley High School,Framingham High School,Framingham High School Multipurpose Turf Field,,,Normal
2026-2027,Field Hockey,Girls,Sub-Varsity,2026-09-28,16:30,Framingham High School,Newton North High School,Newton North High School,Newton North High School Dickinson Stadium,,,Normal
2026-2027,Field Hockey,Girls,Sub-Varsity,2026-09-30,17:15,Framingham High School,Walpole High School,Framingham High School,Framingham High School Multipurpose Turf Field,,,Normal
2026-2027,Field Hockey,Girls,Sub-Varsity,2026-10-03,14:15,Framingham High School,Wayland High School,Framingham High School,Framingham High School Multipurpose Turf Field,,,Normal
2026-2027,Field Hockey,Girls,Sub-Varsity,2026-10-07,17:15,Framingham High School,Natick High School,Framingham High School,Framingham High School Multipurpose Turf Field,,,Normal
2026-2027,Field Hockey,Girls,Sub-Varsity,2026-10-19,17:45,Framingham High School,Newton North High School,Framingham High School,Framingham High School Multipurpose Turf Field,,,Normal
2026-2027,Field Hockey,Girls,Sub-Varsity,2026-10-21,17:30,Framingham High School,Wellesley High School,Wellesley High School,Wellesley High School Stadium,,,Normal
2026-2027,Field Hockey,Girls,Sub-Varsity,2026-10-23,17:30,Framingham High School,Wayland High School,Wayland High School,Wayland HS Stadium Field,,,Normal
2026-2027,Field Hockey,Girls,Sub-Varsity,2026-10-26,16:15,Framingham High School,Needham High School,Needham High School,Needham-Defazio Complex Turf #1 Founders,,,Normal
2026-2027,Field Hockey,Girls,Sub-Varsity,2026-10-28,17:15,Framingham High School,Milton High School,Framingham High School,Framingham High School Multipurpose Turf Field,,,Normal
2026-2027,Cross Country,Girls,Varsity,2026-09-09,16:00,Framingham High School,Wellesley High School,Framingham High School,Weymouth High School Wompatuck State Park,Wellesley High School,50-15,L
2026-2027,Cross Country,Girls,Varsity,2026-09-23,16:00,Framingham High School,Walpole High School,Framingham High School,Framingham High School Farm Pond,,,L
2026-2027,Cross Country,Girls,Varsity,2026-09-30,16:00,Framingham High School,Milton High School,Milton High School,Houghton's Pond XC Course,,,L
2026-2027,Cross Country,Girls,Varsity,2026-10-07,16:30,Framingham High School,Newton North High School,Newton North High School,Newton North High School Cold Springs Park,,,L
2026-2027,Cross Country,Girls,Varsity,2026-10-21,16:00,Framingham High School,Natick High School,Framingham High School,Framingham High School Farm Pond,,,L
2026-2027,Field Hockey,Girls,Varsity,2026-08-31,15:30,Framingham High School,Grafton High School,Framingham High School,Framingham High School Multipurpose Turf Field,,,S
2026-2027,Field Hockey,Girls,Varsity,2026-09-04,15:45,Framingham High School,Stoughton High School,Stoughton High School,Stoughton High School Veterans Memorial Stadium,,,S
2026-2027,Field Hockey,Girls,Varsity,2026-09-09,18:30,Framingham High School,Natick High School,Natick High School,Natick High School Multipurpose Turf Field,Natick High School,0-8,L
2026-2027,Field Hockey,Girls,Varsity,2026-09-14,16:00,Framingham High School,Weymouth High School,Framingham High School,Framingham High School Multipurpose Turf Field,Framingham High School,2-1,L
2026-2027,Field Hockey,Girls,Varsity,2026-09-20,13:00,Arlington Catholic High School,Framingham High School,Framingham High School,Framingham High School Multipurpose Turf Field,Framingham High School,0-6,N
2026-2027,Field Hockey,Girls,Varsity,2026-09-23,16:00,Framingham High School,Wellesley High School,Framingham High School,Framingham High School Multipurpose Turf Field,Wellesley High School,0-5,L
2026-2027,Field Hockey,Girls,Varsity,2026-09-28,17:45,Framingham High School,Newton North High School,Newton North High School,Newton North High School Dickinson Stadium,,,L
2026-2027,Field Hockey,Girls,Varsity,2026-09-30,16:00,Framingham High School,Walpole High School,Framingham High School,Framingham High School Multipurpose Turf Field,,,L
2026-2027,Field Hockey,Girls,Varsity,2026-10-03,13:00,Framingham High School,Wayland High School,Framingham High School,Framingham High School Multipurpose Turf Field,,,N
2026-2027,Field Hockey,Girls,Varsity,2026-10-07,16:00,Framingham High School,Natick High School,Framingham High School,Framingham High School Multipurpose Turf Field,,,L
2026-2027,Field Hockey,Girls,Varsity,2026-10-10,10:00,Arlington Catholic High School,Framingham High School,Arlington Catholic High School,Arlington Catholic Turf Field & Athletic Complex Kathleen Hintlian Turf Field,,,N
2026-2027,Field Hockey,Girls,Varsity,2026-10-19,16:30,Framingham High School,Newton North High School,Framingham High School,Framingham High School Multipurpose Turf Field,,,L
2026-2027,Field Hockey,Girls,Varsity,2026-10-21,16:15,Framingham High School,Wellesley High School,Wellesley High School,Wellesley High School Stadium,,,L
2026-2027,Field Hockey,Girls,Varsity,2026-10-23,16:00,Framingham High School,Wayland High School,Wayland High School,Wayland HS Stadium Field,,,N
2026-2027,Field Hockey,Girls,Varsity,2026-10-26,18:00,Framingham High School,Needham High School,Needham High School,Needham-Defazio Complex Turf #1 Founders,,,L
2026-2027,Field Hockey,Girls,Varsity,2026-10-28,16:00,Framingham High School,Milton High School,Framingham High School,Framingham High School Multipurpose Turf Field,,,L
2026-2027,Field Hockey,Girls,Sub-Varsity,2026-09-30,16:00,Framingham High School,Walpole High School,Walpole High School,Walpole High School Grass Field Hockey Field,,,Canceled
2026-2027,Field Hockey,Girls,Sub-Varsity,2026-10-05,16:00,Framingham High School,TBA,Framingham High School,Framingham High School Multipurpose Turf Field,,,Canceled
2026-2027,Field Hockey,Girls,Sub-Varsity,2026-10-28,16:00,Framingham High School,Milton High School,Milton High School,Milton High School Brooks Field Turf,,,Canceled
2026-2027,Football,Boys,Varsity,2026-09-03,18:15,Framingham High School,Mansfield High School,Mansfield High School,Mansfield High School Alumni Field,,,S
2026-2027,Football,Boys,Varsity,2026-09-10,18:00,Framingham High School,Milford High School,Milford High School,Milford High School-Campus Turf,Milford High School,7-49,N
2026-2027,Football,Boys,Varsity,2026-09-18,18:30,Framingham High School,Shrewsbury,Shrewsbury,Shrewsbury High School David J. Adams Memorial Field at Central One Feder,Shrewsbury,12-21,N
2026-2027,Football,Boys,Varsity,2026-10-02,18:00,Framingham High School,Newton North High School,Newton North High School,Newton North High School Dickinson Stadium,,,L
2026-2027,Football,Boys,Varsity,2026-10-08,18:00,Framingham High School,Wellesley High School,Framingham High School,Framingham High School Bowditch,,,L
2026-2027,Football,Boys,Varsity,2026-10-16,18:00,Durfee High School,Framingham High School,Framingham High School,Framingham- Bowditch Stadium,,,L
2026-2027,Football,Boys,Varsity,2026-10-30,18:00,Framingham High School,Needham High School,Framingham High School,Framingham High School Bowditch,,,L
2026-2027,Football,Boys,Varsity,2026-11-26,10:00,Framingham High School,Natick High School,Natick High School,Natick High School Multipurpose Turf Field,,,L
2026-2027,Football,Boys,Sub-Varsity,2026-09-19,09:30,Framingham High School,TBA,Framingham High School,Framingham High School Read Field,,,Canceled
2026-2027,Football,Boys,Sub-Varsity,2026-09-26,09:30,Framingham High School,TBA,Framingham High School,Framingham High School Read Field,,,Canceled
2026-2027,Football,Boys,Sub-Varsity,2026-10-17,11:00,Durfee High School,Framingham High School,Durfee High School,Durfee High School Stadium Turf,,,Canceled
2026-2027,Football,Boys,Sub-Varsity,2026-11-02,16:00,Framingham High School,Needham High School,Needham High School,Needham - Memorial Field HS Turf,,,Canceled
2026-2027,Golf,Boys,Varsity,2026-09-01,15:30,Framingham High School,Natick High School,Framingham High School,Framingham High School Framingham Country Club,Natick High School,277-237,L
2026-2027,Golf,Boys,Varsity,2026-09-09,15:30,Framingham High School,Newton North High School,Newton North High School,Newton - Brae Burn Country Club Golf Course,Newton North High School,256-241,L
2026-2027,Golf,Boys,Varsity,2026-09-14,15:30,Framingham High School,Wellesley High School,Wellesley High School,Nehoiden Nehoiden,Wellesley High School,266-228,L
2026-2027,Golf,Boys,Varsity,2026-09-16,15:30,Framingham High School,Walpole High School,Framingham High School,Framingham High School Framingham Country Club,Walpole High School,268-241,L
2026-2027,Golf,Boys,Varsity,2026-09-17,15:30,Framingham High School,Weymouth High School,Framingham High School,Framingham High School Framingham Country Club,,,L
2026-2027,Golf,Boys,Varsity,2026-09-22,15:30,Framingham High School,Natick High School,Natick High School,Natick High School Sassamon Trace Golf Course,Natick High School,256-214,L
2026-2027,Golf,Boys,Varsity,2026-09-28,15:15,Framingham High School,Milton High School,Milton High School,Granite Links Granite Links,,,L
2026-2027,Golf,Boys,Varsity,2026-10-06,15:30,Framingham High School,Newton North High School,Framingham High School,Framingham High School Framingham Country Club,,,L
2026-2027,Golf,Boys,Varsity,2026-10-07,15:30,Framingham High School,Wellesley High School,Framingham High School,Framingham CC Framingham CC,,,L
2026-2027,Golf,Boys,Varsity,2026-10-14,15:30,Framingham High School,Needham High School,Needham High School,Needham Golf Club Needham Golf Club,,,L
2026-2027,Football,Boys,Sub-Varsity,2026-09-12,10:00,Framingham High School,Milford High School,Framingham High School,Framingham High School Read Field,Framingham High School,13-7,Normal
2026-2027,Football,Boys,Sub-Varsity,2026-09-19,09:30,Framingham High School,Shrewsbury - JV1,Framingham High School,Framingham High School Read Field,,,Normal
2026-2027,Football,Boys,Sub-Varsity,2026-09-26,11:30,Braintree High School,Framingham High School,Framingham High School,Framingham High School Read Field,,,Canceled
2026-2027,Football,Boys,Sub-Varsity,2026-10-03,09:30,Framingham High School,Newton North High School,Framingham High School,Framingham High School Read Field,,,Normal
2026-2027,Football,Boys,Sub-Varsity,2026-10-10,10:00,Framingham High School,Wellesley High School,Wellesley High School,Wellesley High School Stadium,,,Canceled
2026-2027,Football,Boys,Sub-Varsity,2026-10-17,12:30,Durfee High School,Framingham High School,Durfee High School,Durfee High School Stadium Turf,,,Normal
2026-2027,Golf,Boys,Sub-Varsity,2026-09-22,15:30,Framingham High School,Natick High School,Framingham High School,Framingham High School Framingham Country Club,,,L
2026-2027,Golf,Boys,Sub-Varsity,2026-09-29,TBA,Framingham High School,Newton North High School,Framingham High School,Framingham High School Southborough GC,,,L
2026-2027,Golf,Boys,Sub-Varsity,2026-10-07,15:30,Framingham High School,Wellesley High School,Framingham High School,Framingham CC Framingham CC,,,L
2026-2027,Hockey,Girls,Varsity,2026-12-21,TBA,Framingham High School,Wayland High School - Wayland-Weston-Newton South,Wayland High School - Wayland-Weston-Newton South,Rivers School (Weston) MacDowell Athletic Center,,,N
2026-2027,Hockey,Girls,Varsity,2027-01-23,19:50,Framingham High School,Walpole High School,Walpole High School,Cadillac Ice Arena - Walpole Olympic Rink,,,L
2026-2027,Soccer,Boys,Sub-Varsity,2026-09-11,16:00,Framingham High School,Natick High School,Natick High School,Natick High School Grass #13,Framingham High School,3-1,L
2026-2027,Soccer,Boys,Sub-Varsity,2026-09-14,16:00,Framingham High School,Weymouth High School,Framingham High School,Framingham High School #1,Framingham High School,6-1,L
2026-2027,Soccer,Boys,Sub-Varsity,2026-09-25,16:00,Framingham High School,Wellesley High School,Framingham High School,Framingham High School #1,,,L
2026-2027,Soccer,Boys,Sub-Varsity,2026-09-28,16:30,Framingham High School,Newton North High School,Newton North High School,Newton - Warren Fields #1,,,L
2026-2027,Soccer,Boys,Sub-Varsity,2026-10-02,16:00,Framingham High School,Walpole High School,Framingham High School,Framingham High School #1,,,L
2026-2027,Soccer,Boys,Sub-Varsity,2026-10-09,16:00,Framingham High School,Natick High School,Framingham High School,Framingham High School #1,,,L
2026-2027,Soccer,Boys,Sub-Varsity,2026-10-19,16:00,Framingham High School,Newton North High School,Framingham High School,Framingham High School #1,,,L
2026-2027,Soccer,Boys,Sub-Varsity,2026-10-23,16:00,Framingham High School,Wellesley High School,Wellesley High School,Wellesley High School Freshmen Field,,,L
2026-2027,Soccer,Boys,Sub-Varsity,2026-10-26,16:00,Framingham High School,Needham High School,Needham High School,Needham-High Rock Field Grass Field,,,L
2026-2027,Soccer,Boys,Sub-Varsity,2026-10-30,16:00,Framingham High School,Milton High School,Framingham High School,Framingham High School #1,,,L
2026-2027,Soccer,Boys,Varsity,2026-08-27,15:30,Framingham High School,Wayland High School,Wayland High School,Wayland HS Stadium Field,,,S
2026-2027,Soccer,Boys,Varsity,2026-09-01,16:00,Framingham High School,Hopkinton High School,Hopkinton High School,Hopkinton High School HS Turf,,,S
2026-2027,Soccer,Boys,Varsity,2026-09-03,16:00,Framingham High School,Leominster,Framingham High School,Framingham-Fuller MS Fld # 1,,,S
2026-2027,Soccer,Boys,Varsity,2026-09-07,13:00,Boston International High School,Framingham High School,Framingham High School,Framingham-Fuller MS Fld # 1,Framingham High School,2-4,N
2026-2027,Soccer,Boys,Varsity,2026-09-10,16:30,Concord-Carlisle High School,Framingham High School,Framingham High School,Framingham High School fuller middle school,Concord-Carlisle High School,4-0,N
2026-2027,Soccer,Boys,Varsity,2026-09-15,16:00,Framingham High School,Natick High School,Framingham High School,Framingham-Fuller MS Fld # 1,Tie,1-1,L
2026-2027,Soccer,Boys,Varsity,2026-09-17,18:00,Framingham High School,Weymouth High School,Weymouth High School,Weymouth HS Stadium,Framingham High School,4-1,L
2026-2027,Soccer,Boys,Varsity,2026-09-19,11:00,Framingham High School,Holliston High School,Holliston High School,Holliston High School Kamitian Field (Turf),Tie,1-1,N
2026-2027,Soccer,Boys,Varsity,2026-09-22,16:00,Framingham High School,St. John's Preparatory School,Framingham High School,Framingham-Fuller MS Fld # 1,Tie,1-1,N
2026-2027,Soccer,Boys,Varsity,2026-09-29,16:00,Framingham High School,Wellesley High School,Wellesley High School,Wellesley High School Stadium,,,L
2026-2027,Soccer,Boys,Varsity,2026-10-01,16:30,Framingham High School,Newton North High School,Framingham High School,Framingham-Fuller MS Fld # 1,,,L
2026-2027,Soccer,Boys,Varsity,2026-10-06,16:00,Framingham High School,Walpole High School,Walpole High School,Walpole Middle School Soccer Field,,,L
2026-2027,Soccer,Boys,Varsity,2026-10-10,18:00,Framingham High School,Newton South High School,Newton South High School,Newton South High School Stadium,,,N
2026-2027,Soccer,Boys,Varsity,2026-10-15,16:00,Framingham High School,Natick High School,Natick High School,Natick High School Multipurpose Turf Field,,,L
2026-2027,Soccer,Boys,Varsity,2026-10-22,16:30,Framingham High School,Newton North High School,Newton North High School,Newton North High School Lowell Avenue Field,,,L
2026-2027,Soccer,Boys,Varsity,2026-10-24,11:00,Framingham High School,Lexington High School,Framingham High School,Fuller Middle School Fuller Middle School,,,L
2026-2027,Soccer,Boys,Varsity,2026-10-27,16:00,Framingham High School,Wellesley High School,Framingham High School,Framingham-Fuller MS Fld # 1,,,L
2026-2027,Soccer,Boys,Varsity,2026-10-29,16:00,Framingham High School,Needham High School,Framingham High School,Framingham-Fuller MS Fld # 1,,,L
2026-2027,Soccer,Boys,Varsity,2026-11-02,16:00,Framingham High School,Milton High School,Milton High School,Milton High School Brooks Field Turf,,,L
2026-2027,Soccer,Girls,Sub-Varsity,2026-08-26,15:30,Framingham High School,Lincoln-Sudbury Regional High School,Framingham High School,Framingham-Fuller MS Fld # 2,,,L
2026-2027,Soccer,Girls,Sub-Varsity,2026-09-04,16:00,Framingham High School,Westborough,Westborough,Westborough - Mill Pond School soccer field,,,S
2026-2027,Soccer,Girls,Sub-Varsity,2026-09-08,16:00,Framingham High School,Shrewsbury - JV1,Framingham High School,Framingham High School Winch Field #1 (Framingham HS)-Framingham,Shrewsbury - JV1,0-2,L
2026-2027,Soccer,Girls,Sub-Varsity,2026-09-11,15:45,Boston Latin School,Framingham High School,Framingham High School,Framingham-Fuller MS Fld # 2,,,L
2026-2027,Soccer,Girls,Sub-Varsity,2026-09-15,16:00,Framingham High School,Natick High School,Natick High School,Natick High School Grass #12,,,L
2026-2027,Soccer,Girls,Sub-Varsity,2026-09-17,16:00,Framingham High School,Weymouth High School,Framingham High School,Framingham-Fuller MS Fld # 2,Weymouth High School,0-4,L
2026-2027,Soccer,Girls,Sub-Varsity,2026-09-29,16:00,Framingham High School,Wellesley High School,Framingham High School,Framingham High School Winch Field,,,L
2026-2027,Soccer,Girls,Sub-Varsity,2026-10-01,16:00,Framingham High School,Newton North High School,Newton North High School,Cold Springs Park (Newton) <BLANK>,,,L
2026-2027,Soccer,Girls,Sub-Varsity,2026-10-03,13:00,Framingham High School,Medford High School,Framingham High School,Framingham-Fuller MS Fld # 2,,,L
2026-2027,Soccer,Girls,Sub-Varsity,2026-10-06,16:00,Framingham High School,Walpole High School,Framingham High School,Framingham High School Winch Field,,,L
2026-2027,Soccer,Girls,Sub-Varsity,2026-10-15,16:00,Framingham High School,Natick High School,Framingham High School,Framingham High School Winch Field,,,L
2026-2027,Soccer,Girls,Sub-Varsity,2026-10-17,11:00,Framingham High School,Milford High School,Framingham High School,Framingham High School Winch Field,,,N
2026-2027,Soccer,Girls,Sub-Varsity,2026-10-22,16:30,Framingham High School,Newton North High School,Framingham High School,Framingham High School Winch Field,,,L
2026-2027,Soccer,Girls,Sub-Varsity,2026-10-24,11:00,Framingham High School,Woburn Memorial High School,Framingham High School,Framingham-Fuller MS Fld # 2,,,L
2026-2027,Soccer,Girls,Sub-Varsity,2026-10-26,16:00,Framingham High School,Wellesley High School,Wellesley High School,Wellesley High School Hunnewell JV Field,,,L
2026-2027,Soccer,Girls,Sub-Varsity,2026-10-29,16:15,Framingham High School,Needham High School,Needham High School,Needham-Cricket Field Field #1,,,L
2026-2027,Soccer,Girls,Sub-Varsity,2026-11-02,16:00,Framingham High School,Milton High School,Framingham High School,Framingham-Fuller MS Fld # 2,,,L
2026-2027,Soccer,Girls,Varsity,2026-08-26,15:30,Framingham High School,Lincoln-Sudbury Regional High School,Framingham High School,Framingham-Fuller MS Fld # 1,,,L
2026-2027,Soccer,Girls,Varsity,2026-08-30,11:00,Framingham High School,Malden Catholic High School,Malden Catholic High School,Medford High School # 2,,,S
2026-2027,Soccer,Girls,Varsity,2026-08-30,12:00,Framingham High School,Revere High School,Revere High School,Medford High School # 1,Tie,0-0,S
2026-2027,Soccer,Girls,Varsity,2026-09-04,16:00,Framingham High School,Westborough,Westborough,Westborough High School Lower Mewhiney Turf,,,S
2026-2027,Soccer,Girls,Varsity,2026-09-08,16:00,Framingham High School,Shrewsbury,Framingham High School,Framingham-Fuller MS Fld # 1,Shrewsbury,0-3,L
2026-2027,Soccer,Girls,Varsity,2026-09-11,15:45,Boston Latin School,Framingham High School,Framingham High School,Framingham High School fuller middle school,Boston Latin School,2-1,L
2026-2027,Soccer,Girls,Varsity,2026-09-15,18:00,Framingham High School,Natick High School,Natick High School,Natick High School Multipurpose Turf Field,Natick High School,0-1,L
2026-2027,Soccer,Girls,Varsity,2026-09-17,16:00,Framingham High School,Weymouth High School,Framingham High School,Framingham-Fuller MS Fld # 1,Framingham High School,5-3,L
2026-2027,Soccer,Girls,Varsity,2026-09-29,16:00,Framingham High School,Wellesley High School,Framingham High School,Framingham-Fuller MS Fld # 1,,,L
2026-2027,Soccer,Girls,Varsity,2026-10-01,16:30,Framingham High School,Newton North High School - Newton North,Newton North High School - Newton North,Newton North High School Lowell Ave Field,,,L
2026-2027,Soccer,Girls,Varsity,2026-10-03,13:00,Framingham High School,Medford High School,Framingham High School,Framingham-Fuller MS Fld # 1,,,L
2026-2027,Soccer,Girls,Varsity,2026-10-06,16:00,Framingham High School,Walpole High School,Framingham High School,Framingham-Fuller MS Fld # 1,,,L
2026-2027,Soccer,Girls,Varsity,2026-10-15,16:00,Framingham High School,Natick High School,Framingham High School,Framingham-Fuller MS Fld # 1,,,L
2026-2027,Soccer,Girls,Varsity,2026-10-17,11:00,Framingham High School,Milford High School,Framingham High School,Framingham High School fuller middle school,,,N
2026-2027,Soccer,Girls,Varsity,2026-10-22,16:30,Framingham High School,Newton North High School - Newton North,Framingham High School,Framingham-Fuller MS Fld # 1,,,L
2026-2027,Soccer,Girls,Varsity,2026-10-24,13:00,Framingham High School,Woburn Memorial High School,Framingham High School,Framingham-Fuller MS Fld # 1,,,L
2026-2027,Soccer,Girls,Varsity,2026-10-26,16:00,Framingham High School,Wellesley High School,Wellesley High School,Wellesley High School Stadium,,,L
2026-2027,Soccer,Girls,Varsity,2026-10-29,18:00,Framingham High School,Needham High School,Needham High School,Needham - Memorial Field HS Turf,,,L
2026-2027,Soccer,Girls,Varsity,2026-11-02,16:00,Framingham High School,Milton High School,Framingham High School,Framingham-Fuller MS Fld # 1,,,L
2026-2027,Soccer,Girls,Sub-Varsity,2026-09-11,16:00,Framingham High School,Natick High School,Framingham High School,Framingham High School #1,,,L
2026-2027,Soccer,Girls,Sub-Varsity,2026-09-14,16:00,Framingham High School,Weymouth High School,Weymouth High School,Weymouth Lovell Field Field 1,,,L
2026-2027,Soccer,Girls,Sub-Varsity,2026-09-25,16:00,Framingham High School,Wellesley High School,Framingham High School,Framingham High School fuller middle school,,,L
2026-2027,Soccer,Girls,Sub-Varsity,2026-09-28,16:00,Framingham High School,Newton North High School,Framingham High School,Framingham High School #1,,,L
2026-2027,Soccer,Girls,Sub-Varsity,2026-10-02,16:00,Framingham High School,Walpole High School,Walpole High School,Walpole Middle School Soccer Field,,,L
2026-2027,Soccer,Girls,Sub-Varsity,2026-10-09,16:00,Framingham High School,Natick High School,Natick High School,Natick High School Natick High School,,,L
2026-2027,Soccer,Girls,Sub-Varsity,2026-10-19,16:30,Framingham High School,Newton North High School,Newton North High School,Cold Springs Park (Newton) <BLANK>,,,L
2026-2027,Soccer,Girls,Sub-Varsity,2026-10-23,16:00,Framingham High School,Wellesley High School,Framingham High School,Framingham High School #1,,,L
2026-2027,Soccer,Girls,Sub-Varsity,2026-10-26,16:00,Framingham High School,Needham High School,Framingham High School,Framingham High School #1,,,L
2026-2027,Soccer,Girls,Sub-Varsity,2026-10-30,16:00,Framingham High School,Milton High School,Milton High School,Milton-Kelly Field Kelly Soccer Field,,,L
2026-2027,Soccer,Boys,Sub-Varsity,2026-08-27,15:30,Framingham High School,Wayland High School,Wayland High School,Wayland HS Wetlands Field,Wayland High School,0-1,S
2026-2027,Soccer,Boys,Sub-Varsity,2026-09-01,16:00,Framingham High School,Hopkinton High School - JV 1,Hopkinton High School - JV 1,Hopkinton High School Field 13,Tie,1-1,S
2026-2027,Soccer,Boys,Sub-Varsity,2026-09-07,13:00,Boston International High School,Framingham High School,Framingham High School,Framingham-Fuller MS Fld # 2,Framingham High School,1-6,L
2026-2027,Soccer,Boys,Sub-Varsity,2026-09-10,16:00,Concord-Carlisle High School,Framingham High School,Framingham High School,Framingham High School Winch Field,Tie,1-1,L
2026-2027,Soccer,Boys,Sub-Varsity,2026-09-15,16:00,Framingham High School,Natick High School,Framingham High School,Framingham High School Winch Field,Natick High School,0-2,L
2026-2027,Soccer,Boys,Sub-Varsity,2026-09-17,16:30,Framingham High School,Weymouth High School,Weymouth High School,Weymouth HS Stadium,,,L
2026-2027,Soccer,Boys,Sub-Varsity,2026-09-19,11:00,Framingham High School,Holliston High School,Holliston High School,Holliston High School Grass Soccer Field,,,N
2026-2027,Soccer,Boys,Sub-Varsity,2026-09-22,16:00,Framingham High School,St. John's Preparatory School,Framingham High School,Framingham-Fuller MS Fld # 2,St. John's Preparatory School,1-2,L
2026-2027,Soccer,Boys,Sub-Varsity,2026-09-29,16:00,Framingham High School,Wellesley High School,Wellesley High School,Wellesley High School Hunnewell JV Field,,,L
2026-2027,Soccer,Boys,Sub-Varsity,2026-10-01,16:30,Framingham High School,Newton North High School,Framingham High School,Framingham High School Winch Field,,,L
2026-2027,Soccer,Boys,Sub-Varsity,2026-10-06,16:00,Framingham High School,Walpole High School,Walpole High School,Walpole Middle School Soccer Field,,,L
2026-2027,Soccer,Boys,Sub-Varsity,2026-10-15,16:00,Framingham High School,Natick High School,Natick High School,Natick High School Grass #12,,,L
2026-2027,Soccer,Boys,Sub-Varsity,2026-10-22,16:00,Framingham High School,Newton North High School,Newton North High School,Newton - Warren Fields #1,,,L
2026-2027,Soccer,Boys,Sub-Varsity,2026-10-27,16:00,Framingham High School,Wellesley High School,Framingham High School,Framingham High School Winch Field,,,L
2026-2027,Soccer,Boys,Sub-Varsity,2026-10-29,16:00,Framingham High School,Needham High School - JV1,Framingham High School,Framingham High School Winch Field,,,L
2026-2027,Soccer,Boys,Sub-Varsity,2026-11-02,16:00,Framingham High School,Milton High School,Milton High School,Milton High School Gile Grass (MHS),,,L
2026-2027,Softball,Girls,Varsity,2027-04-08,16:30,Framingham High School,Westford Academy,Framingham High School,Framingham High School Softball Diamond,,,N
2026-2027,Softball,Girls,Sub-Varsity,2027-04-08,16:30,Framingham High School,Westford Academy,Framingham High School,Framingham High School Softball Field 2,,,N
2026-2027,Swimming & Diving,Girls,Varsity,2026-09-08,19:30,Framingham High School,Needham High School,Needham High School,Babson College Morse Swimming Pool,Framingham High School,95-83,L
2026-2027,Swimming & Diving,Girls,Varsity,2026-09-19,12:45,Framingham High School,Walpole High School,Framingham High School,Wayland Community Pool Wayland Community Pool,Framingham High School,63-47,L
2026-2027,Swimming & Diving,Girls,Varsity,2026-09-22,16:30,Acton-Boxborough,Framingham High School,Acton-Boxborough,Acton-Boxborough Regional High School Jeff Johnson Pool,Framingham High School,87-94,L
2026-2027,Swimming & Diving,Girls,Varsity,2026-09-25,16:00,Framingham High School,Milton High School,Milton High School,Blue Hills Regional HS Pool,Framingham High School,93-90,L
2026-2027,Swimming & Diving,Girls,Varsity,2026-09-28,16:00,Framingham High School,Weymouth High School,Framingham High School,Wayland Community Pool Wayland Community Pool,,,L
2026-2027,Swimming & Diving,Girls,Varsity,2026-09-29,16:00,Framingham High School,Weymouth High School,Weymouth High School,Connell Rink - Weymouth MDC pool,,,L
2026-2027,Swimming & Diving,Girls,Varsity,2026-10-06,16:15,Framingham High School,Newton North High School,Newton North High School,Newton North High School Swimming Pool,,,L
2026-2027,Swimming & Diving,Girls,Varsity,2026-10-08,18:00,Framingham High School,Wellesley High School,Wellesley High School,Boston Sports Institute Boston Sports Instititute,,,L
2026-2027,Swimming & Diving,Girls,Varsity,2026-10-09,17:00,Framingham High School,Wellesley High School,Framingham High School,Framingham High School Swimming Pool,,,L
2026-2027,Swimming & Diving,Girls,Varsity,2026-10-16,18:00,Framingham High School,Natick High School,Framingham High School,Weston Middle School Varsity Swimming Pool,,,L
2026-2027,Swimming & Diving,Girls,Varsity,2026-10-17,12:45,Framingham High School,Notre Dame Academy - Hing,Framingham High School,Wayland Community Pool Wayland Community Pool,,,L
2026-2027,Swimming & Diving,Girls,Varsity,2026-10-31,11:00,Acton-Boxborough with 1 others,Framingham High School,Acton-Boxborough with 1 others,Acton-Boxborough Regional High School Jeff Johnson Pool,,,L
2026-2027,Wrestling,Boys,Varsity,2027-01-16,09:00,Framingham High School,Marshfield High School with 3 others,Marshfield High School with 3 others,Marshfield HS MHS Gymnasium,,,L
2026-2027,Volleyball,Girls,Sub-Varsity,2026-09-09,17:30,Framingham High School,Natick High School,Natick High School,Natick High School Gym,,,L
2026-2027,Volleyball,Girls,Sub-Varsity,2026-09-15,16:30,Framingham High School,Weymouth High School,Framingham High School,Framingham High School Gym,,,L
2026-2027,Volleyball,Girls,Sub-Varsity,2026-09-18,17:30,Framingham High School,Waltham High School,Framingham High School,Framingham High School Gym,,,L
2026-2027,Volleyball,Girls,Sub-Varsity,2026-09-23,16:45,Burlington High School,Framingham High School,Burlington High School,Burlington HS BHS Wood Floor (main court),Framingham High School,1-2,N
2026-2027,Volleyball,Girls,Sub-Varsity,2026-09-24,16:00,Framingham High School,Wellesley High School,Framingham High School,Framingham High School Gym,,,L
2026-2027,Volleyball,Girls,Sub-Varsity,2026-09-29,18:15,Framingham High School,Newton North High School,Newton North High School,Newton North High School Reggie Gym,,,L
2026-2027,Volleyball,Girls,Sub-Varsity,2026-10-01,17:30,Framingham High School,Walpole High School,Framingham High School,Framingham High School Gym,,,L
2026-2027,Volleyball,Girls,Sub-Varsity,2026-10-08,17:30,Framingham High School,Natick High School,Framingham High School,Framingham High School Gym,,,L
2026-2027,Volleyball,Girls,Sub-Varsity,2026-10-14,15:45,Framingham High School,Milford High School,Milford High School,Milford High School-Campus MHS Gymnasium,,,N
2026-2027,Volleyball,Girls,Sub-Varsity,2026-10-20,18:00,Framingham High School,Newton North High School,Framingham High School,Framingham High School Gym,,,L
2026-2027,Volleyball,Girls,Sub-Varsity,2026-10-22,17:30,Framingham High School,Wellesley High School,Wellesley High School,Wellesley High School Gym,,,L
2026-2027,Volleyball,Girls,Sub-Varsity,2026-10-27,16:00,Framingham High School,Needham High School,Needham High School,Needham High School B Gym,,,L
2026-2027,Volleyball,Girls,Sub-Varsity,2026-10-28,16:00,Framingham High School,Waltham High School,Waltham High School,Waltham HS Side Gym,,,N
2026-2027,Volleyball,Girls,Sub-Varsity,2026-10-29,18:00,Framingham High School,Milton High School,Framingham High School,Framingham High School Gym,,,L
2026-2027,Volleyball,Girls,Varsity,2026-09-03,16:45,Framingham High School,Hudson High School,Hudson High School,Hudson High School Hudson High School Gym,,,S
2026-2027,Volleyball,Girls,Varsity,2026-09-09,16:00,Framingham High School,Natick High School,Natick High School,Natick High School Gym,Natick High School,0-3,L
2026-2027,Volleyball,Girls,Varsity,2026-09-15,18:00,Framingham High School,Weymouth High School,Framingham High School,Framingham High School Gym,Weymouth High School,0-3,L
2026-2027,Volleyball,Girls,Varsity,2026-09-18,16:00,Framingham High School,Waltham High School,Framingham High School,Framingham High School Gym,,,L
2026-2027,Volleyball,Girls,Varsity,2026-09-23,18:00,Burlington High School,Framingham High School,Burlington High School,Burlington HS BHS Wood Floor (main court),Burlington High School,3-0,N
2026-2027,Volleyball,Girls,Varsity,2026-09-24,17:30,Framingham High School,Wellesley High School,Framingham High School,Framingham High School Gym,Wellesley High School,0-3,L
2026-2027,Volleyball,Girls,Varsity,2026-09-29,16:30,Framingham High School,Newton North High School - Newton North,Newton North High School - Newton North,Newton North High School Reggie Gym,,,L
2026-2027,Volleyball,Girls,Varsity,2026-10-01,16:00,Framingham High School,Walpole High School,Framingham High School,Framingham High School Gym,,,L
2026-2027,Volleyball,Girls,Varsity,2026-10-08,16:00,Framingham High School,Natick High School,Framingham High School,Framingham High School Gym,,,L
2026-2027,Volleyball,Girls,Varsity,2026-10-14,17:15,Framingham High School,Milford High School - Gym,Milford High School - Gym,Milford High School-Campus MHS Gymnasium,,,N
2026-2027,Volleyball,Girls,Varsity,2026-10-20,16:30,Framingham High School,Newton North High School - Newton North,Framingham High School,Framingham High School Gym,,,L
2026-2027,Volleyball,Girls,Varsity,2026-10-22,16:00,Framingham High School,Wellesley High School,Wellesley High School,Wellesley High School Gym,,,L
2026-2027,Volleyball,Girls,Varsity,2026-10-26,17:15,Framingham High School,Marlborough,Marlborough,Marlborough High School Field House,,,N
2026-2027,Volleyball,Girls,Varsity,2026-10-27,17:15,Framingham High School,Needham High School,Needham High School,Needham High School A Gym,,,L
2026-2027,Volleyball,Girls,Varsity,2026-10-28,17:30,Framingham High School,Waltham High School,Waltham High School,Waltham HS Main Gym,,,N
2026-2027,Volleyball,Girls,Varsity,2026-10-29,16:00,Framingham High School,Milton High School,Framingham High School,Framingham High School Gym,,,L
2026-2027,Baseball,Boys,Sub-Varsity,2027-03-31,15:45,Milton High School,Newton North High School,Milton High School,Milton High School Gile Grass (MHS),,,L
2026-2027,Baseball,Boys,Sub-Varsity,2027-04-07,15:45,Milton High School,Walpole High School,Walpole High School,Walpole SM Lorusso & Sons Athletic Complex Baseball Field,,,L
2026-2027,Baseball,Boys,Sub-Varsity,2027-04-26,15:45,Milton High School,Weymouth High School,Milton High School,Milton High School Gile Grass (MHS),,,L
2026-2027,Baseball,Boys,Sub-Varsity,2027-04-28,15:45,Milton High School,Needham High School,Milton High School,Milton High School Gile Grass (MHS),,,L
2026-2027,Baseball,Boys,Sub-Varsity,2027-05-03,15:45,Milton High School,Wellesley High School,Wellesley High School,Wellesley High School Baseball Field,,,L
2026-2027,Baseball,Boys,Sub-Varsity,2027-05-10,15:45,Milton High School,Walpole High School,Milton High School,Milton High School Gile Grass (MHS),,,L
2026-2027,Baseball,Boys,Sub-Varsity,2027-05-19,15:45,Milton High School,Weymouth High School,Weymouth High School,Weymouth High School brad hawes field,,,L
2026-2027,Baseball,Boys,Sub-Varsity,2027-05-24,15:45,Milton High School,Natick High School,Milton High School,Milton High School Gile Grass (MHS),,,L
2026-2027,Basketball,Boys,Varsity,2027-01-02,13:00,Archbishop Williams High School,Milton High School,Archbishop Williams High School,Archbishop Williams Gym,,,L
2026-2027,Basketball,Boys,Varsity,2027-01-08,18:30,Milton High School,Weymouth High School,Weymouth High School,Weymouth High School Gymnasium,,,L
2026-2027,Basketball,Boys,Varsity,2027-01-15,17:15,Milton High School,Walpole High School,Walpole High School,Walpole High School Gym,,,L
2026-2027,Basketball,Boys,Varsity,2027-02-11,17:15,Milton High School,Walpole High School,Walpole High School,Walpole High School Gym,,,L
2026-2027,Baseball,Boys,Varsity,2027-03-31,16:00,Milton High School,Newton North High School,Milton High School,Milton - Cunningham Park Baseball Diamond,,,L
2026-2027,Baseball,Boys,Varsity,2027-04-05,16:00,Milton High School,Needham High School,Needham High School,Needham - Memorial Field Field 1,,,L
2026-2027,Baseball,Boys,Varsity,2027-04-07,16:00,Milton High School,Walpole High School,Walpole High School,Walpole High School Bird Middle School,,,L
2026-2027,Baseball,Boys,Varsity,2027-04-26,16:00,Milton High School,Weymouth High School,Milton High School,Milton - Cunningham Park Baseball Diamond,,,L
2026-2027,Baseball,Boys,Varsity,2027-05-10,16:00,Milton High School,Walpole High School,Milton High School,Milton - Cunningham Park Baseball Diamond,,,L
2026-2027,Baseball,Boys,Varsity,2027-05-19,16:00,Milton High School,Weymouth High School,Weymouth High School,Weymouth - Libby Field Baseball Diamond,,,L
2026-2027,Baseball,Boys,Varsity,2027-05-24,16:00,Milton High School,Natick High School,Milton High School,Milton - Cunningham Park Baseball Diamond,,,L
2026-2027,Volleyball,Girls,Sub-Varsity,2026-09-09,17:30,Framingham High School,Natick High School,Natick High School,Natick High School Gym,,,L
2026-2027,Volleyball,Girls,Sub-Varsity,2026-09-15,16:30,Framingham High School,Weymouth High School,Framingham High School,Framingham High School Gym,,,L
2026-2027,Volleyball,Girls,Sub-Varsity,2026-09-18,17:30,Framingham High School,Waltham High School,Framingham High School,Framingham High School Gym,,,L
2026-2027,Volleyball,Girls,Sub-Varsity,2026-09-23,16:45,Burlington High School,Framingham High School,Burlington High School,Burlington HS BHS Wood Floor (main court),Burlington High School,2-0,N
2026-2027,Volleyball,Girls,Sub-Varsity,2026-09-24,16:00,Framingham High School,Wellesley High School,Framingham High School,Framingham High School Gym,,,L
2026-2027,Volleyball,Girls,Sub-Varsity,2026-09-29,18:15,Framingham High School,Newton North High School,Newton North High School,Newton North High School Reggie Gym,,,L
2026-2027,Volleyball,Girls,Sub-Varsity,2026-10-01,17:30,Framingham High School,Walpole High School,Framingham High School,Framingham High School Gym,,,L
2026-2027,Volleyball,Girls,Sub-Varsity,2026-10-08,17:30,Framingham High School,Natick High School,Framingham High School,Framingham High School Gym,,,L
2026-2027,Volleyball,Girls,Sub-Varsity,2026-10-14,15:45,Framingham High School,Milford High School,Milford High School,Milford High School-Campus MHS Gymnasium,,,N
2026-2027,Volleyball,Girls,Sub-Varsity,2026-10-20,18:00,Framingham High School,Newton North High School,Framingham High School,Framingham High School Gym,,,L
2026-2027,Volleyball,Girls,Sub-Varsity,2026-10-22,17:30,Framingham High School,Wellesley High School,Wellesley High School,Wellesley High School Gym,,,L
2026-2027,Volleyball,Girls,Sub-Varsity,2026-10-26,16:00,Framingham High School,Marlborough - JV2,Marlborough - JV2,Marlborough High School Field House,,,N
2026-2027,Volleyball,Girls,Sub-Varsity,2026-10-26,16:00,Framingham High School,Marlborough - JV1,Marlborough - JV1,Marlborough High School Field House,,,N
2026-2027,Volleyball,Girls,Sub-Varsity,2026-10-27,16:00,Framingham High School,Needham High School,Needham High School,Needham High School A Gym,,,L
2026-2027,Volleyball,Girls,Sub-Varsity,2026-10-28,16:00,Framingham High School,Waltham High School,Waltham High School,Waltham HS Main Gym,,,N
2026-2027,Volleyball,Girls,Sub-Varsity,2026-10-29,17:30,Framingham High School,Milton High School,Framingham High School,Framingham High School Gym,,,L
2026-2027,Basketball,Girls,Varsity,2026-12-18,18:30,Milton High School,Needham High School,Milton High School,Milton High School Copeland Field House,,,L
2026-2027,Basketball,Girls,Varsity,2026-12-22,18:30,Milton High School,Natick High School,Natick High School,Natick High School Gym,,,L
2026-2027,Basketball,Girls,Varsity,2027-01-08,18:30,Milton High School,Weymouth High School,Milton High School,Milton High School Copeland Field House,,,L
2026-2027,Basketball,Girls,Varsity,2027-01-12,18:30,Milton High School,Newton North High School - Newton North,Milton High School,Milton High School Copeland Field House,,,L
2026-2027,Basketball,Girls,Varsity,2027-01-15,18:30,Milton High School,Walpole High School,Walpole High School,Walpole High School Gym,,,L
2026-2027,Basketball,Girls,Varsity,2027-01-22,18:30,Milton High School,Wellesley High School,Milton High School,Milton High School Copeland Field House,,,L
2026-2027,Basketball,Girls,Varsity,2027-01-26,18:30,Milton High School,Needham High School,Needham High School,Needham High School A Gym,,,L
2026-2027,Basketball,Girls,Varsity,2027-02-05,18:30,Milton High School,Weymouth High School,Weymouth High School,Weymouth High School Gymnasium,,,L
2026-2027,Basketball,Girls,Varsity,2027-02-11,18:30,Milton High School,Walpole High School,Milton High School,Milton High School Copeland Field House,,,L
2026-2027,Basketball,Boys,Sub-Varsity,2027-01-02,10:00,Archbishop Williams High School - Freshman,Milton High School,Archbishop Williams High School - Freshman,Archbishop Williams Gym,,,L
2026-2027,Basketball,Boys,Sub-Varsity,2027-01-08,15:45,Milton High School,Weymouth High School,Weymouth High School,Weymouth High School Gymnasium,,,L
2026-2027,Basketball,Girls,Sub-Varsity,2026-12-18,15:45,Milton High School,Needham High School,Milton High School,Milton High School Copeland Field House,,,L
2026-2027,Basketball,Girls,Sub-Varsity,2026-12-22,15:45,Milton High School,Natick High School,Natick High School,Natick High School Gym,,,L
2026-2027,Basketball,Girls,Sub-Varsity,2027-01-08,15:45,Milton High School,Weymouth High School,Milton High School,Milton High School Copeland Field House,,,L
2026-2027,Basketball,Girls,Sub-Varsity,2027-01-12,15:45,Milton High School,Newton North High School,Milton High School,Milton High School Copeland Field House,,,L
2026-2027,Basketball,Girls,Sub-Varsity,2027-01-15,17:15,Milton High School,Walpole High School,Milton High School,Milton High School Copeland Field House,,,L
2026-2027,Basketball,Girls,Sub-Varsity,2027-01-22,15:45,Milton High School,Wellesley High School,Milton High School,Milton High School Copeland Field House,,,L
2026-2027,Basketball,Girls,Sub-Varsity,2027-01-26,16:00,Milton High School,Needham High School,Needham High School,Needham High School A Gym,,,L
2026-2027,Basketball,Girls,Sub-Varsity,2027-02-05,15:45,Milton High School,Weymouth High School,Weymouth High School,Weymouth HS Gym,,,L
2026-2027,Basketball,Girls,Sub-Varsity,2027-02-11,18:30,Milton High School,Walpole High School,Walpole High School,Walpole High School Gym,,,L
2026-2027,Basketball,Girls,Sub-Varsity,2026-12-18,17:15,Milton High School,Needham High School,Milton High School,Milton High School Copeland Field House,,,L
2026-2027,Basketball,Girls,Sub-Varsity,2026-12-22,17:15,Milton High School,Natick High School,Natick High School,Natick High School Gym,,,L
2026-2027,Basketball,Girls,Sub-Varsity,2027-01-08,17:15,Milton High School,Weymouth High School,Milton High School,Milton High School Copeland Field House,,,L
2026-2027,Basketball,Girls,Sub-Varsity,2027-01-12,17:15,Milton High School,Newton North High School,Milton High School,Milton High School Copeland Field House,,,L
2026-2027,Basketball,Girls,Sub-Varsity,2027-01-15,15:45,Milton High School,Walpole High School,Milton High School,Milton High School Copeland Field House,,,L
2026-2027,Basketball,Girls,Sub-Varsity,2027-01-22,17:15,Milton High School,Wellesley High School,Milton High School,Milton High School Copeland Field House,,,L
2026-2027,Basketball,Girls,Sub-Varsity,2027-01-26,17:15,Milton High School,Needham High School,Needham High School,Needham High School A Gym,,,L
2026-2027,Basketball,Girls,Sub-Varsity,2027-02-05,17:15,Milton High School,Weymouth High School,Weymouth High School,Weymouth HS Gym,,,L
2026-2027,Basketball,Girls,Sub-Varsity,2027-02-11,17:15,Milton High School,Walpole High School,Milton High School,Milton High School Copeland Field House,,,L
2026-2027,Field Hockey,Girls,Varsity,2026-08-28,16:00,Foxborough High School,Milton High School,Foxborough High School,Foxboro High School FHS - Sam Berns Field (Turf),,,S
2026-2027,Field Hockey,Girls,Varsity,2026-09-02,16:00,Dedham High School,Milton High School,Dedham High School,Dedham High School Multipurpose Turf Field,,,S
2026-2027,Field Hockey,Girls,Varsity,2026-09-11,16:30,Milton High School,Notre Dame Academy - Hing,Milton High School,Milton High School Brooks Field Turf,Milton High School,3-1,N
2026-2027,Field Hockey,Girls,Varsity,2026-09-14,16:45,Milton High School,Newton North High School,Newton North High School,Albemarle Field Multipurpose Turf Field,Milton High School,4-1,L
2026-2027,Field Hockey,Girls,Varsity,2026-09-16,16:00,Milton High School,Needham High School,Needham High School,Needham-Defazio Complex Turf #1 Founders,Milton High School,5-2,L
2026-2027,Field Hockey,Girls,Varsity,2026-09-28,16:30,Milton High School,Wellesley High School,Milton High School,Milton High School Brooks Field Turf,,,L
2026-2027,Field Hockey,Girls,Varsity,2026-09-30,16:30,Milton High School,Weymouth High School,Milton High School,Milton High School Brooks Field Turf,,,L
2026-2027,Field Hockey,Girls,Varsity,2026-10-05,18:30,Milton High School,Natick High School,Natick High School,Natick High School Multipurpose Turf Field,,,L
2026-2027,Field Hockey,Girls,Varsity,2026-10-07,16:00,Milton High School,Walpole High School,Milton High School,Milton High School Brooks Field Turf,,,L
2026-2027,Field Hockey,Girls,Varsity,2026-10-19,16:00,Milton High School,Needham High School,Milton High School,Milton High School Brooks Field Turf,,,L
2026-2027,Field Hockey,Girls,Varsity,2026-10-21,16:00,Milton High School,Weymouth High School,Weymouth High School,Legion Field (Weymouth) Multipurpose Turf Field,,,L
2026-2027,Field Hockey,Girls,Varsity,2026-10-23,17:15,Milton High School,Oliver Ames High School,Oliver Ames High School,Oliver Ames High School Muscato Stadium,,,N
2026-2027,Field Hockey,Girls,Varsity,2026-10-26,16:00,Milton High School,Walpole High School,Walpole High School,Walpole High School Turco Field (turf),,,L
2026-2027,Field Hockey,Girls,Varsity,2026-10-30,18:00,Marshfield High School,Milton High School,Milton High School,Milton High School Brooks Field Turf,,,N
2026-2027,Cross Country,Boys,Varsity,2026-09-16,16:00,Brookline High School with 1 others,Milton High School,Brookline High School with 1 others,Brookline - Larz Anderson Pond Field,,,L
2026-2027,Cross Country,Boys,Varsity,2026-09-23,16:00,Milton High School,Newton North High School with 1 others,Milton High School,Houghton's Pond XC Course,,,L
2026-2027,Cross Country,Boys,Varsity,2026-10-07,16:00,Milton High School,Wellesley High School,Wellesley High School,Morses Pond Morses Pond,,,L
2026-2027,Cross Country,Boys,Varsity,2026-10-14,16:00,Milton High School,Walpole High School with 1 others,Walpole High School with 1 others,Walpole High School Multipurpose Turf Field,,,L
2026-2027,Cross Country,Girls,Varsity,2026-09-16,16:00,Brookline High School with 1 others,Milton High School,Brookline High School with 1 others,Brookline - Larz Anderson Pond Field,,,L
2026-2027,Cross Country,Girls,Varsity,2026-09-23,16:00,Milton High School,Newton North High School with 1 others,Milton High School,Houghton's Pond XC Course,,,L
2026-2027,Cross Country,Girls,Varsity,2026-10-07,16:00,Milton High School,Wellesley High School,Wellesley High School,Morses Pond Morses Pond,,,L
2026-2027,Cross Country,Girls,Varsity,2026-10-14,16:00,Milton High School,Walpole High School with 1 others,Walpole High School with 1 others,Walpole High School Multipurpose Turf Field,,,L
2026-2027,Football,Boys,Varsity,2026-09-01,19:00,Milton High School,Westwood High School with 3 others,Westwood High School with 3 others,Westwood High School Flahive Field,,,S
2026-2027,Football,Boys,Varsity,2026-09-04,19:00,Milton High School,Stoughton High School,Milton High School,Milton High School Brooks Field Turf,,,S
2026-2027,Football,Boys,Varsity,2026-09-10,19:00,Marshfield High School,Milton High School,Milton High School,Milton High School Brooks Field Turf,Marshfield High School,42-25,N
2026-2027,Football,Boys,Varsity,2026-09-18,18:00,Milton High School,Natick High School,Natick High School,Natick High School Multipurpose Turf Field,Milton High School,35-22,L
2026-2027,Football,Boys,Varsity,2026-09-25,19:00,Diman Reg Voc/Tech High School,Milton High School,Milton High School,Milton High School Brooks Field Turf,,,L
2026-2027,Football,Boys,Varsity,2026-10-02,19:00,Acton-Boxborough,Milton High School,Milton High School,Milton High School Brooks Field Turf,,,L
2026-2027,Football,Boys,Varsity,2026-10-09,18:30,Milton High School,Needham High School,Needham High School,Needham - Memorial Field HS Turf,,,L
2026-2027,Football,Boys,Varsity,2026-10-16,19:00,Milton High School,Walpole High School,Milton High School,Milton High School Brooks Field Turf,,,L
2026-2027,Football,Boys,Varsity,2026-10-23,19:00,Franklin High School,Milton High School,Milton High School,Milton High School Brooks Field Turf,,,L
2026-2027,Football,Boys,Varsity,2026-10-29,19:00,Milton High School,Weymouth High School,Weymouth High School,Weymouth HS Stadium,,,L
2026-2027,Field Hockey,Girls,Sub-Varsity,2026-09-14,18:00,Milton High School,Newton North High School,Newton North High School,Albemarle Field Multipurpose Turf Field,,,L
2026-2027,Field Hockey,Girls,Sub-Varsity,2026-09-16,17:15,Milton High School,Needham High School,Needham High School,Needham-Defazio Complex Turf #1 Founders,,,L
2026-2027,Field Hockey,Girls,Sub-Varsity,2026-09-28,17:45,Milton High School,Wellesley High School,Milton High School,Milton High School Brooks Field Turf,,,L
2026-2027,Field Hockey,Girls,Sub-Varsity,2026-09-30,17:45,Milton High School,Weymouth High School,Milton High School,Milton High School Brooks Field Turf,,,L
2026-2027,Field Hockey,Girls,Sub-Varsity,2026-10-05,17:15,Milton High School,Natick High School,Natick High School,Natick High School Multipurpose Turf Field,,,L
2026-2027,Field Hockey,Girls,Sub-Varsity,2026-10-07,17:15,Milton High School,Walpole High School,Milton High School,Milton High School Brooks Field Turf,,,L
2026-2027,Field Hockey,Girls,Sub-Varsity,2026-10-19,17:15,Milton High School,Needham High School,Milton High School,Milton High School Brooks Field Turf,,,L
2026-2027,Field Hockey,Girls,Sub-Varsity,2026-10-21,17:15,Milton High School,Weymouth High School,Weymouth High School,Legion Field (Weymouth) Multipurpose Turf Field,,,L
2026-2027,Field Hockey,Girls,Sub-Varsity,2026-10-23,15:45,Milton High School,Oliver Ames High School,Oliver Ames High School,Oliver Ames High School South Athletic Field #2,,,N
2026-2027,Field Hockey,Girls,Sub-Varsity,2026-10-26,17:15,Milton High School,Walpole High School,Walpole High School,Walpole High School Turco Field (turf),,,L
2026-2027,Field Hockey,Girls,Sub-Varsity,2026-10-30,16:30,Marshfield High School,Milton High School,Milton High School,Milton High School Brooks Field Turf,,,N
2026-2027,Football,Boys,Sub-Varsity,2026-09-19,09:30,Milton High School,Natick High School,Milton High School,Milton High School Brooks Field Turf,,,Normal
2026-2027,Football,Boys,Sub-Varsity,2026-09-26,12:00,Diman Reg Voc/Tech High School,Milton High School,Diman Reg Voc/Tech High School,Diman Reg Vo-Tech. HS Atlantis Charter School,,,Canceled
2026-2027,Football,Boys,Sub-Varsity,2026-10-01,16:30,Acton-Boxborough,Milton High School,Acton-Boxborough,Acton-Leary Fld.,,,Normal
2026-2027,Football,Boys,Sub-Varsity,2026-10-10,12:00,Milton High School,Needham High School,Milton High School,Milton High School Brooks Field Turf,,,Normal
2026-2027,Football,Boys,Sub-Varsity,2026-10-24,12:00,Franklin High School,Milton High School,Franklin High School,Franklin High School FHS Pisini Stadium,,,Normal
2026-2027,Football,Boys,Sub-Varsity,2026-11-07,12:00,Milton High School,Needham High School,Milton High School,Milton High School Brooks Field Turf,,,Normal
2026-2027,Football,Boys,Sub-Varsity,2026-09-05,12:00,Milton High School,Xaverian Brothers High School,Xaverian Brothers High School,Xaverian Brothers High School Varsity Stadium,,,Normal
2026-2027,Football,Boys,Sub-Varsity,2026-09-10,17:00,Marshfield High School,Milton High School,Marshfield High School,Marshfield HS Community Track & Field,,,Normal
2026-2027,Football,Boys,Sub-Varsity,2026-09-19,11:00,Milton High School,Natick High School,Milton High School,Milton High School Brooks Field Turf,,,Normal
2026-2027,Football,Boys,Sub-Varsity,2026-09-26,09:00,Milton High School,Westwood High School,Westwood High School,Westwood High School Multi-Purpose Field,,,Normal
2026-2027,Football,Boys,Sub-Varsity,2026-09-26,15:00,Milton High School,TBA,Milton High School,Milton High School Brooks Field Turf,,,Canceled
2026-2027,Football,Boys,Sub-Varsity,2026-10-03,10:00,Milton High School,Randolph High School,Randolph High School,Randolph HS Football Field,,,Normal
2026-2027,Football,Boys,Sub-Varsity,2026-10-10,10:00,Milton High School,Needham High School,Milton High School,Milton High School Brooks Field Turf,,,Normal
2026-2027,Football,Boys,Sub-Varsity,2026-10-17,09:00,Milton High School,Walpole High School,Walpole High School,Walpole High School Turco Field (turf),,,Normal
2026-2027,Football,Boys,Sub-Varsity,2026-10-24,10:00,Franklin High School,Milton High School,Franklin High School,Franklin High School FHS Pisini Stadium,,,Normal
2026-2027,Football,Boys,Sub-Varsity,2026-11-07,10:00,Milton High School,Needham High School,Milton High School,Milton High School Brooks Field Turf,,,Normal
2026-2027,Field Hockey,Girls,Sub-Varsity,2026-09-14,17:30,Milton High School,Newton North High School,Milton High School,Milton High School Brooks Field Turf,,,Normal
2026-2027,Field Hockey,Girls,Sub-Varsity,2026-09-16,17:30,Milton High School,Needham High School,Milton High School,Milton High School Brooks Field Turf,,,Normal
2026-2027,Field Hockey,Girls,Sub-Varsity,2026-09-28,16:00,Milton High School,Wellesley High School,Wellesley High School,Sprague Turf Complex Turf Field 3,,,Normal
2026-2027,Field Hockey,Girls,Sub-Varsity,2026-09-30,16:00,Milton High School,Notre Dame Academy - Hing,Notre Dame Academy - Hing,Notre Dame Academy-Hingham Front Field,,,Normal
2026-2027,Field Hockey,Girls,Sub-Varsity,2026-10-05,17:30,Milton High School,Natick High School,Milton High School,Milton High School Brooks Field Turf,,,Normal
2026-2027,Field Hockey,Girls,Sub-Varsity,2026-10-07,16:00,Milton High School,Walpole High School,Walpole High School,Walpole High School Upper Turco (grass),,,Normal
2026-2027,Field Hockey,Girls,Sub-Varsity,2026-10-19,16:00,Milton High School,Needham High School,Needham High School,Needham-Defazio Complex Turf #1 Founders,,,Normal
2026-2027,Field Hockey,Girls,Sub-Varsity,2026-10-21,17:30,Milton High School,TBA,Milton High School,Milton High School Brooks Field Turf,,,Normal
2026-2027,Field Hockey,Girls,Sub-Varsity,2026-10-23,16:15,Belmont High School - -,Milton High School,Belmont High School - -,Belmont (MA) High School Brendan Grant Field,,,Normal
2026-2027,Field Hockey,Girls,Sub-Varsity,2026-10-26,16:00,Milton High School,Walpole High School,Milton High School,Milton High School Brooks Field Turf,,,Normal
2026-2027,Basketball,Boys,Sub-Varsity,2027-01-02,11:30,Archbishop Williams High School,Milton High School,Archbishop Williams High School,Archbishop Williams Gym,,,L
2026-2027,Basketball,Boys,Sub-Varsity,2027-01-08,17:15,Milton High School,Weymouth High School,Weymouth High School,Weymouth High School Gymnasium,,,L
2026-2027,Basketball,Boys,Sub-Varsity,2027-01-15,15:45,Milton High School,Walpole High School,Walpole High School,Walpole High School Gym,,,L
2026-2027,Basketball,Boys,Sub-Varsity,2027-02-11,15:45,Milton High School,Walpole High School,Walpole High School,Walpole High School Gym,,,L
2026-2027,Hockey,Boys,Varsity,2026-12-30,TBA,Canton High School,Milton High School,Canton High School,Canton Metropolis Rink Canton Metropolis Rink,,,N
2026-2027,Hockey,Boys,Varsity,2027-02-10,20:00,Milton High School,Walpole High School,Walpole High School,Rodman Arena Rodman Arena - NHL,,,L
2026-2027,Hockey,Girls,Varsity,2026-12-07,17:00,Belmont High School,Milton High School,Belmont High School,Belmont-Ice Rink Ice RInk,,,S
2026-2027,Hockey,Girls,Varsity,2027-01-15,19:00,Milton High School,Walpole High School,Walpole High School,Cadillac Ice Arena - Walpole Olympic Rink,,,L
2026-2027,Hockey,Girls,Varsity,2027-01-16,19:20,Milton High School,Notre Dame Academy - Hing,Notre Dame Academy - Hing,Notre Dame Academy-Hingham Rockland Ice Rink,,,N
2026-2027,Hockey,Girls,Varsity,2027-01-30,14:00,Milton High School,Winchester High School,Winchester High School,O'Brien Ice Rink Woburn - O'Brien Rink,,,N
2026-2027,Hockey,Girls,Varsity,2027-02-10,20:00,Milton High School,Walpole High School,Milton High School,Ulin Rink (Milton) Ulin Rink,,,L
2026-2027,Hockey,Girls,Varsity,2027-02-16,TBA,Duxbury High School,Milton High School,Duxbury High School,Bog Ice Rink Hockey - Bog Ice Rink,,,N
2026-2027,Hockey,Girls,Varsity,2027-02-18,12:20,Billerica Memorial High School,Milton High School,Billerica Memorial High School,Hallenborg Pavilion Ice Rink Ice Rink,,,N
2026-2027,Golf,Boys,Sub-Varsity,2026-09-03,15:00,Milton High School,TBA,Milton High School,Ponkapoag Golf Course Ponkapoag Golf Course,,,N
2026-2027,Golf,Boys,Sub-Varsity,2026-09-08,15:15,Milton High School,Natick High School,Milton High School,Ponkapoag Golf Course Ponkapoag Golf Course,,,L
2026-2027,Golf,Boys,Sub-Varsity,2026-09-09,15:30,Milton High School,Wellesley High School,Wellesley High School,Wellesley High School Nehoiden Golf Club,,,L
2026-2027,Golf,Boys,Sub-Varsity,2026-09-17,15:15,Milton High School,Westwood High School,Milton High School,Ponkapoag Golf Course Ponkapoag Golf Course,,,N
2026-2027,Golf,Boys,Sub-Varsity,2026-09-23,15:30,Milton High School,Wellesley High School,Milton High School,Wollaston Golf Club Wollaston Golf Club,,,L
2026-2027,Golf,Boys,Sub-Varsity,2026-09-24,15:30,Milton High School,Newton North High School,Newton North High School,Newton North High School Newton Commonwealth GC,,,L
2026-2027,Golf,Boys,Sub-Varsity,2026-09-28,15:45,Milton High School,Natick High School,Natick High School,Natick High School Sassamon Trace Golf Course,,,L
2026-2027,Golf,Boys,Sub-Varsity,2026-09-30,15:15,Milton High School,Newton North High School,Milton High School,Wollaston Golf Club Wollaston Golf Club,,,L
2026-2027,Golf,Boys,Sub-Varsity,2026-10-01,15:15,Milton High School,Weymouth High School,Milton High School,Ponkapoag Golf Course Ponkapoag Golf Course,,,L
2026-2027,Golf,Boys,Varsity,2026-08-31,15:15,Canton High School,Milton High School,Milton High School,Milton Hoosic Club Milton Hoosic Club,Milton High School,235-220,N
2026-2027,Golf,Boys,Varsity,2026-09-03,15:30,Milton High School,Wellesley High School,Wellesley High School,Nehoiden Nehoiden,Wellesley High School,223-201,L
2026-2027,Golf,Boys,Varsity,2026-09-08,15:15,Milton High School,Westwood High School,Milton High School,Milton Hoosic Club Milton Hoosic Club,Westwood High School,230-236,N
2026-2027,Golf,Boys,Varsity,2026-09-09,15:30,Milton High School,Needham High School,Needham High School,Needham Golf Club Needham Golf Club,Milton High School,233-229,L
2026-2027,Golf,Boys,Varsity,2026-09-16,15:15,Milton High School,Needham High School,Milton High School,Milton Hoosic Club Milton Hoosic Club,Milton High School,237-222,L
2026-2027,Golf,Boys,Varsity,2026-09-23,15:15,Milton High School,Newton North High School,Milton High School,Milton Hoosic Club Milton Hoosic Club,Milton High School,259-230,L
2026-2027,Golf,Boys,Varsity,2026-09-29,TBA,Milton High School,Weymouth High School,Weymouth High School,Weymouth High School weathervane,,,L
2026-2027,Golf,Boys,Varsity,2026-09-30,15:15,Milton High School,Weymouth High School,Milton High School,Milton Hoosic Club Milton Hoosic Club,,,L
2026-2027,Golf,Boys,Varsity,2026-10-06,15:15,Milton High School,Natick High School,Milton High School,Milton Hoosic Club Milton Hoosic Club,,,L
2026-2027,Golf,Boys,Varsity,2026-10-08,15:30,Milton High School,Walpole High School,Walpole High School,Walpole Country Club Walpole Coutry Club,,,L
2026-2027,Golf,Boys,Varsity,2026-10-13,15:15,Milton High School,Walpole High School,Milton High School,Milton Hoosic Club Milton Hoosic Club,,,L
2026-2027,Golf,Boys,Varsity,2026-10-14,15:15,Medfield Senior High School,Milton High School,Milton High School,Milton Hoosic Club Milton Hoosic Club,,,N
2026-2027,Soccer,Boys,Varsity,2026-08-27,15:30,Archbishop Williams High School,Milton High School,Archbishop Williams High School,Braintree-Ted Healy Complex #1,,,S
2026-2027,Soccer,Boys,Varsity,2026-09-03,16:00,Boston Latin School,Milton High School,Boston Latin School,Boston-West Roxbury Acad-Turf Stadium,,,S
2026-2027,Soccer,Boys,Varsity,2026-09-17,18:00,Milton High School,Newton North High School,Milton High School,Milton High School Brooks Field Turf,Milton High School,1-0,L
2026-2027,Soccer,Boys,Varsity,2026-09-19,13:00,Milton High School,West Springfield High School,West Springfield High School,West Springfield - Clark Field West Springfield - Clark Field,West Springfield High School,0-1,N
2026-2027,Soccer,Boys,Varsity,2026-09-24,18:00,Milton High School,Needham High School,Milton High School,Milton High School Brooks Field Turf,Tie,1-1,L
2026-2027,Soccer,Boys,Varsity,2026-10-01,16:00,Milton High School,Wellesley High School,Wellesley High School,Wellesley High School Stadium,,,L
2026-2027,Soccer,Boys,Varsity,2026-10-03,11:00,Milton High School,Sharon High School,Sharon High School,Sharon High School Stadium,,,N
2026-2027,Soccer,Boys,Varsity,2026-10-06,17:30,Milton High School,Weymouth High School,Weymouth High School,Weymouth HS Stadium,,,L
2026-2027,Soccer,Boys,Varsity,2026-10-08,16:30,Milton High School,Natick High School,Milton High School,Milton High School Brooks Field Turf,,,L
2026-2027,Soccer,Boys,Varsity,2026-10-10,11:00,Milton High School,Stoughton High School,Stoughton High School,Stoughton High School Veterans Memorial Stadium,,,N
2026-2027,Soccer,Boys,Varsity,2026-10-12,11:00,Milton High School,O'Bryant High School,Milton High School,Milton High School Brooks Field Turf,,,N
2026-2027,Soccer,Boys,Varsity,2026-10-13,16:30,Excel Academy Charter High School,Milton High School,Milton High School,Milton High School Brooks Field Turf,,,N
2026-2027,Soccer,Boys,Varsity,2026-10-15,16:30,Milton High School,Walpole High School,Milton High School,Milton High School Brooks Field Turf,,,L
2026-2027,Soccer,Boys,Varsity,2026-10-22,16:00,Milton High School,Needham High School,Needham High School,Needham-Defazio Complex Turf #2 Brock,,,L
2026-2027,Soccer,Boys,Varsity,2026-10-27,18:00,Milton High School,Weymouth High School,Milton High School,Milton High School Brooks Field Turf,,,L
2026-2027,Soccer,Boys,Varsity,2026-10-29,18:00,Milton High School,Walpole High School,Walpole High School,Walpole High School Turco Field (turf),,,L
2026-2027,Soccer,Girls,Sub-Varsity,2026-08-29,11:00,Archbishop Williams High School,Milton High School,Archbishop Williams High School,Braintree-Ted Healy Complex #1,,,S
2026-2027,Soccer,Girls,Sub-Varsity,2026-09-04,14:30,Milton High School,North Quincy High School,North Quincy High School,Creedon Field - North Quincy H.S. Field #1,,,S
2026-2027,Soccer,Girls,Sub-Varsity,2026-09-17,16:30,Milton High School,Newton North High School,Newton North High School,Cold Springs Park (Newton) <BLANK>,Newton North High School,2-3,L
2026-2027,Soccer,Girls,Sub-Varsity,2026-09-22,16:00,Bridgewater-Raynham Regional High School,Milton High School,Bridgewater-Raynham Regional High School,Bridgewater-Raynham Regional HS Varsity Baseball Field,,,N
2026-2027,Soccer,Girls,Sub-Varsity,2026-09-24,16:15,Milton High School,Needham High School,Needham High School,Needham-Cricket Field Field #2,,,L
2026-2027,Soccer,Girls,Sub-Varsity,2026-10-01,16:00,Milton High School,Wellesley High School,Milton High School,Milton High School Gile Grass (MHS),,,L
2026-2027,Soccer,Girls,Sub-Varsity,2026-10-06,16:00,Milton High School,Weymouth High School,Milton High School,Milton High School Gile Grass (MHS),,,L
2026-2027,Soccer,Girls,Sub-Varsity,2026-10-08,16:00,Milton High School,Natick High School,Natick High School,Natick High School Grass #12,,,L
2026-2027,Soccer,Girls,Sub-Varsity,2026-10-15,16:00,Milton High School,Walpole High School,Walpole High School,Walpole Middle School Soccer Field,,,L
2026-2027,Soccer,Girls,Sub-Varsity,2026-10-22,16:00,Milton High School,Needham High School,Milton High School,Milton High School Gile Grass (MHS),,,L
2026-2027,Soccer,Girls,Sub-Varsity,2026-10-27,16:00,Milton High School,Weymouth High School,Weymouth High School,Weymouth HS #2,,,L
2026-2027,Soccer,Girls,Sub-Varsity,2026-10-29,16:00,Milton High School,Walpole High School,Milton High School,Milton High School Gile Grass (MHS),,,L
2026-2027,Soccer,Boys,Sub-Varsity,2026-09-14,16:30,Milton High School,Newton North High School,Newton North High School,Newton - Warren Fields #1,,,L
2026-2027,Soccer,Boys,Sub-Varsity,2026-09-18,16:00,Milton High School,Needham High School,Needham High School,Needham-High Rock Field Grass Field,,,L
2026-2027,Soccer,Boys,Sub-Varsity,2026-09-28,16:00,Milton High School,Wellesley High School,Milton High School,Milton-Kelly Field Kelly Soccer Field,,,L
2026-2027,Soccer,Boys,Sub-Varsity,2026-10-02,16:00,Milton High School,Weymouth High School,Milton High School,Milton-Kelly Field Kelly Soccer Field,,,L
2026-2027,Soccer,Boys,Sub-Varsity,2026-10-05,16:00,Milton High School,Natick High School,Natick High School,Natick High School Grass #13,,,L
2026-2027,Soccer,Boys,Sub-Varsity,2026-10-09,16:00,Milton High School,Walpole High School,Walpole High School,Walpole Middle School Soccer Field,,,L
2026-2027,Soccer,Boys,Sub-Varsity,2026-10-19,16:00,Milton High School,Needham High School,Milton High School,Milton-Kelly Field Kelly Soccer Field,,,L
2026-2027,Soccer,Boys,Sub-Varsity,2026-10-23,16:00,Milton High School,Weymouth High School,Weymouth High School,Weymouth Lovell Field Field 1,,,L
2026-2027,Soccer,Boys,Sub-Varsity,2026-10-26,16:00,Milton High School,Walpole High School,Milton High School,Milton-Kelly Field Kelly Soccer Field,,,L
2026-2027,Soccer,Girls,Sub-Varsity,2026-09-14,16:30,Milton High School,Newton North High School,Milton High School,Milton High School Kelly Field Milton,Tie,1-1,L
2026-2027,Soccer,Girls,Sub-Varsity,2026-09-18,16:00,Milton High School,Needham High School,Milton High School,Milton-Kelly Field Kelly Soccer Field,,,L
2026-2027,Soccer,Girls,Sub-Varsity,2026-09-28,16:00,Milton High School,Wellesley High School,Wellesley High School,Wellesley High School Freshmen Field,,,L
2026-2027,Soccer,Girls,Sub-Varsity,2026-10-02,16:00,Milton High School,Weymouth High School,Weymouth High School,Weymouth Lovell Field Field 1,,,L
2026-2027,Soccer,Girls,Sub-Varsity,2026-10-05,16:00,Milton High School,Natick High School,Milton High School,Milton-Kelly Field Kelly Soccer Field,,,L
2026-2027,Soccer,Girls,Sub-Varsity,2026-10-09,16:00,Milton High School,Walpole High School,Milton High School,Milton-Kelly Field Kelly Soccer Field,,,L
2026-2027,Soccer,Girls,Sub-Varsity,2026-10-19,16:00,Milton High School,Needham High School,Needham High School,Needham-Cricket Field Field #1,,,L
2026-2027,Soccer,Girls,Sub-Varsity,2026-10-23,16:00,Milton High School,Weymouth High School,Milton High School,Milton-Kelly Field Kelly Soccer Field,,,L
2026-2027,Soccer,Girls,Sub-Varsity,2026-10-26,16:00,Milton High School,Walpole High School,Walpole High School,Walpole Middle School Soccer Field,,,L
2026-2027,Soccer,Boys,Sub-Varsity,2026-09-03,16:00,Boston Latin School,Milton High School,Boston Latin School,Boston-West Roxbury Acad-Turf Side Field,,,S
2026-2027,Soccer,Boys,Sub-Varsity,2026-09-17,16:30,Milton High School,Newton North High School,Milton High School,Milton High School Gile Grass (MHS),,,L
2026-2027,Soccer,Boys,Sub-Varsity,2026-09-19,13:00,Milton High School,West Springfield High School,West Springfield High School,West Springfield High School Front HS Field,,,N
2026-2027,Soccer,Boys,Sub-Varsity,2026-09-24,16:00,Milton High School,Needham High School - JV1,Milton High School,Milton High School Gile Grass (MHS),,,L
2026-2027,Soccer,Boys,Sub-Varsity,2026-10-01,16:00,Milton High School,Wellesley High School,Wellesley High School,Wellesley High School Hunnewell JV Field,,,L
2026-2027,Soccer,Boys,Sub-Varsity,2026-10-06,17:30,Milton High School,Weymouth High School,Weymouth High School,Weymouth High School Turf,,,L
2026-2027,Soccer,Boys,Sub-Varsity,2026-10-08,16:00,Milton High School,Natick High School,Milton High School,Milton High School Gile Grass (MHS),,,L
2026-2027,Soccer,Boys,Sub-Varsity,2026-10-15,16:00,Milton High School,Walpole High School,Milton High School,Milton High School Gile Grass (MHS),,,L
2026-2027,Soccer,Boys,Sub-Varsity,2026-10-22,16:00,Milton High School,Needham High School - JV1,Needham High School - JV1,Needham-Defazio Complex Conroy Grass,,,L
2026-2027,Soccer,Boys,Sub-Varsity,2026-10-27,16:00,Milton High School,Weymouth High School,Milton High School,Milton High School Gile Grass (MHS),,,L
2026-2027,Soccer,Boys,Sub-Varsity,2026-10-29,16:30,Milton High School,Walpole High School,Walpole High School,Walpole Middle School Soccer Field,,,L
2026-2027,Soccer,Girls,Varsity,2026-08-29,13:00,Martha's Vineyard Regional High School,Milton High School,Martha's Vineyard Regional High School,Martha's Vineyard RHS McCarthy Stadium Field,,,L
2026-2027,Soccer,Girls,Varsity,2026-08-29,13:30,Archbishop Williams High School,Milton High School,Archbishop Williams High School,Braintree-Ted Healy Complex #1,,,S
2026-2027,Soccer,Girls,Varsity,2026-08-31,16:00,Hanover High School - MA,Milton High School,Hanover High School - MA,Hanover High School Grass,,,S
2026-2027,Soccer,Girls,Varsity,2026-09-04,13:00,Milton High School,North Quincy High School,North Quincy High School,Creedon Field - North Quincy H.S. Field #1,,,S
2026-2027,Soccer,Girls,Varsity,2026-09-08,16:30,Milton High School,Notre Dame Academy - Hing,Milton High School,Milton High School Brooks Field Turf,Milton High School,1-0,N
2026-2027,Soccer,Girls,Varsity,2026-09-17,16:30,Milton High School,Newton North High School - Newton North,Newton North High School - Newton North,Newton North High School Lowell Ave Field,Tie,1-1,L
2026-2027,Soccer,Girls,Varsity,2026-09-22,16:00,Bridgewater-Raynham Regional High School,Milton High School,Bridgewater-Raynham Regional High School,Bridgewater-Raynham Regional HS Stadium,Milton High School,0-2,N
2026-2027,Soccer,Girls,Varsity,2026-09-24,16:00,Milton High School,Needham High School,Needham High School,Needham-Cricket Field Field #1,Needham High School,0-2,L
2026-2027,Soccer,Girls,Varsity,2026-10-01,16:30,Milton High School,Wellesley High School,Milton High School,Milton High School Brooks Field Turf,,,L
2026-2027,Soccer,Girls,Varsity,2026-10-03,16:00,East Bridgewater Jr/Sr High School,Milton High School,Milton High School,Milton High School Brooks Field Turf,,,N
2026-2027,Soccer,Girls,Varsity,2026-10-06,17:30,Milton High School,Weymouth High School,Milton High School,Milton High School Brooks Field Turf,,,L
2026-2027,Soccer,Girls,Varsity,2026-10-08,18:00,Milton High School,Natick High School,Natick High School,Natick High School Multipurpose Turf Field,,,L
2026-2027,Soccer,Girls,Varsity,2026-10-10,15:00,Hingham High School,Milton High School,Milton High School,Milton High School Brooks Field Turf,,,N
2026-2027,Soccer,Girls,Varsity,2026-10-15,16:00,Milton High School,Walpole High School,Walpole High School,Walpole Middle School Soccer Field,,,L
2026-2027,Soccer,Girls,Varsity,2026-10-22,16:30,Milton High School,Needham High School,Milton High School,Milton High School Brooks Field Turf,,,L
2026-2027,Soccer,Girls,Varsity,2026-10-27,17:30,Milton High School,Weymouth High School,Weymouth High School,Weymouth High School Turf,,,L
2026-2027,Soccer,Girls,Varsity,2026-10-29,17:00,Milton High School,Walpole High School,Milton High School,Milton High School Brooks Field Turf,,,L
2026-2027,Soccer,Girls,Varsity,2026-10-31,10:30,Brockton High School,Milton High School,Milton High School,Milton High School Brooks Field Turf,,,N
2026-2027,Swimming & Diving,Girls,Varsity,2026-09-09,16:00,Milton High School,Newton North High School,Milton High School,Blue Hills Regional HS Pool,Milton High School,101-81,L
2026-2027,Swimming & Diving,Girls,Varsity,2026-09-15,19:30,Milton High School,Needham High School,Needham High School,Babson College Morse Swimming Pool,Milton High School,95-85,L
2026-2027,Swimming & Diving,Girls,Varsity,2026-09-29,18:00,Milton High School,Wellesley High School,Wellesley High School,Boston Sports Institute Boston Sports Instititute,,,L
2026-2027,Swimming & Diving,Girls,Varsity,2026-10-02,16:00,Milton High School,Natick High School,Milton High School,Blue Hills Regional HS Pool,,,L
2026-2027,Swimming & Diving,Girls,Varsity,2026-10-09,16:00,Milton High School,Weymouth High School,Weymouth High School,Connell Rink - Weymouth MDC pool,,,L
2026-2027,Swimming & Diving,Girls,Varsity,2026-10-16,16:00,Milton High School,Walpole High School,Milton High School,Blue Hills Regional HS Pool,,,L
2026-2027,Volleyball,Girls,Sub-Varsity,2026-09-15,18:15,Milton High School,Newton North High School,Newton North High School,Newton North High School Reggie Gym,,,L
2026-2027,Volleyball,Girls,Sub-Varsity,2026-09-17,17:30,Milton High School,Needham High School,Needham High School,Needham High School A Gym,,,L
2026-2027,Volleyball,Girls,Sub-Varsity,2026-09-25,17:15,Brockton High School,Milton High School,Milton High School,Milton High School Copeland Field House,,,N
2026-2027,Volleyball,Girls,Sub-Varsity,2026-09-28,17:30,Milton High School,Ursuline Academy (MA),Milton High School,Milton High School Copeland Field House,,,L
2026-2027,Volleyball,Girls,Sub-Varsity,2026-09-29,17:30,Milton High School,Wellesley High School,Milton High School,Milton High School Copeland Field House,,,L
2026-2027,Volleyball,Girls,Sub-Varsity,2026-10-01,16:00,Milton High School,Weymouth High School,Milton High School,Milton High School Copeland Field House,,,L
2026-2027,Volleyball,Girls,Sub-Varsity,2026-10-06,17:30,Milton High School,Natick High School,Natick High School,Natick High School Gym,,,L
2026-2027,Volleyball,Girls,Sub-Varsity,2026-10-08,17:30,Milton High School,Walpole High School,Walpole High School,Walpole High School Fieldhouse,,,L
2026-2027,Volleyball,Girls,Sub-Varsity,2026-10-09,16:00,Milton High School,Stoughton High School,Milton High School,Milton High School Copeland Field House,,,L
2026-2027,Volleyball,Girls,Sub-Varsity,2026-10-13,17:30,Milton High School,Westborough - JV1,Milton High School,Milton High School Copeland Field House,,,L
2026-2027,Volleyball,Girls,Sub-Varsity,2026-10-20,17:30,Milton High School,Needham High School,Milton High School,Milton High School Copeland Field House,,,L
2026-2027,Volleyball,Girls,Sub-Varsity,2026-10-22,16:00,Milton High School,Weymouth High School,Weymouth High School,Weymouth HS Gym,,,L
2026-2027,Volleyball,Girls,Sub-Varsity,2026-10-27,17:30,Milton High School,Walpole High School,Milton High School,Milton High School Copeland Field House,,,L
2026-2027,Volleyball,Girls,Sub-Varsity,2026-10-30,16:00,Brockton High School,Milton High School,Brockton High School,Brockton High School Gym 1,,,N
2026-2027,Volleyball,Girls,Sub-Varsity,2026-09-15,18:15,Milton High School,Newton North High School,Newton North High School,Newton North High School Reggie Gym,,,L
2026-2027,Volleyball,Girls,Sub-Varsity,2026-09-17,17:30,Milton High School,Needham High School,Needham High School,Needham High School B Gym,,,L
2026-2027,Volleyball,Girls,Sub-Varsity,2026-09-25,17:15,Brockton High School,Milton High School,Milton High School,Milton High School Copeland Field House,,,N
2026-2027,Volleyball,Girls,Sub-Varsity,2026-09-28,17:30,Milton High School,Ursuline Academy (MA),Milton High School,Milton High School Copeland Field House,,,L
2026-2027,Volleyball,Girls,Sub-Varsity,2026-09-29,17:30,Milton High School,Wellesley High School,Milton High School,Milton High School Copeland Field House,,,L
2026-2027,Volleyball,Girls,Sub-Varsity,2026-10-01,16:00,Milton High School,Weymouth High School,Milton High School,Milton High School Copeland Field House,,,L
2026-2027,Volleyball,Girls,Sub-Varsity,2026-10-06,17:30,Milton High School,Natick High School,Natick High School,Natick High School Gym,,,L
2026-2027,Volleyball,Girls,Sub-Varsity,2026-10-08,17:30,Milton High School,Walpole High School,Walpole High School,Walpole High School Fieldhouse,,,L
2026-2027,Volleyball,Girls,Sub-Varsity,2026-10-09,16:00,Milton High School,Stoughton High School,Milton High School,Milton High School Copeland Field House,,,L
2026-2027,Volleyball,Girls,Sub-Varsity,2026-10-13,17:30,Milton High School,Westborough,Milton High School,Milton High School Copeland Field House,,,L
2026-2027,Volleyball,Girls,Sub-Varsity,2026-10-20,17:30,Milton High School,Needham High School,Milton High School,Milton High School Copeland Field House,,,L
2026-2027,Volleyball,Girls,Sub-Varsity,2026-10-22,16:00,Milton High School,Weymouth High School,Weymouth High School,Weymouth High School Gymnasium,,,L
2026-2027,Volleyball,Girls,Sub-Varsity,2026-10-27,17:30,Milton High School,Walpole High School,Milton High School,Milton High School Copeland Field House,,,L
2026-2027,Volleyball,Girls,Sub-Varsity,2026-10-30,16:00,Brockton High School,Milton High School,Brockton High School,Brockton High School Gym 1,,,N
2026-2027,Baseball,Boys,Sub-Varsity,2027-03-29,15:45,Natick High School,Needham High School,Needham High School,Needham-Defazio Complex Warner Baseball Diamond,,,L
2026-2027,Baseball,Boys,Sub-Varsity,2027-03-31,15:45,Natick High School,Weymouth High School,Natick High School,Natick - Wilson Middle School Baseball Diamond,,,L
2026-2027,Baseball,Boys,Sub-Varsity,2027-04-05,15:45,Natick High School,Wellesley High School,Wellesley High School,Wellesley High School Baseball Field,,,L
2026-2027,Baseball,Boys,Sub-Varsity,2027-04-12,15:45,Natick High School,Newton North High School,Natick High School,Natick - Wilson Middle School Baseball Diamond,,,L
2026-2027,Baseball,Boys,Sub-Varsity,2027-04-28,15:45,Natick High School,Wellesley High School,Natick High School,Natick - Wilson Middle School Baseball Diamond,,,L
2026-2027,Baseball,Boys,Sub-Varsity,2027-05-05,15:45,Natick High School,Walpole High School,Natick High School,Natick - Wilson Middle School Baseball Diamond,,,L
2026-2027,Baseball,Boys,Sub-Varsity,2027-05-12,16:30,Natick High School,Newton North High School,Newton North High School,Newton/Waban - Lincoln-Warren Field Baseball Field,,,L
2026-2027,Baseball,Boys,Varsity,2027-03-29,16:00,Natick High School,Needham High School,Needham High School,Needham - Memorial Field Field 1,,,L
2026-2027,Baseball,Boys,Varsity,2027-03-31,16:00,Natick High School,Weymouth High School,Natick High School,Natick High School Mahan Baseball Field,,,L
2026-2027,Baseball,Boys,Varsity,2027-04-05,16:00,Natick High School,Wellesley High School,Wellesley High School,Wellesley- Sprague Baseball Field,,,L
2026-2027,Baseball,Boys,Varsity,2027-04-12,16:00,Natick High School,Newton North High School,Natick High School,Natick High School Mahan Baseball Field,,,L
2026-2027,Baseball,Boys,Varsity,2027-04-28,16:00,Natick High School,Wellesley High School,Natick High School,Natick High School Mahan Baseball Field,,,L
2026-2027,Baseball,Boys,Varsity,2027-05-05,16:00,Natick High School,Walpole High School,Natick High School,Natick High School Mahan Baseball Field,,,L
2026-2027,Baseball,Boys,Varsity,2027-05-12,16:30,Natick High School,Newton North High School,Newton North High School,Newton North High School Lowell Avenue Field,,,L
2026-2027,Volleyball,Girls,Varsity,2026-08-29,08:00,Marshfield High School with 2 others,Milton High School,Marshfield High School with 2 others,Marshfield HS MHS Gymnasium,,,S
2026-2027,Volleyball,Girls,Varsity,2026-09-15,16:30,Milton High School,Newton North High School - Newton North,Newton North High School - Newton North,Newton North High School Reggie Gym,Newton North High School - Newton North,0-3,L
2026-2027,Volleyball,Girls,Varsity,2026-09-17,16:00,Milton High School,Needham High School,Needham High School,Needham High School A Gym,Needham High School,0-3,L
2026-2027,Volleyball,Girls,Varsity,2026-09-25,16:00,Brockton High School,Milton High School,Milton High School,Milton High School Copeland Field House,Milton High School,0-3,N
2026-2027,Volleyball,Girls,Varsity,2026-09-28,16:00,Milton High School,Ursuline Academy (MA),Milton High School,Milton High School Copeland Field House,,,L
2026-2027,Volleyball,Girls,Varsity,2026-09-29,16:00,Milton High School,Wellesley High School,Milton High School,Milton High School Copeland Field House,,,L
2026-2027,Volleyball,Girls,Varsity,2026-10-01,17:30,Milton High School,Weymouth High School,Milton High School,Milton High School Copeland Field House,,,L
2026-2027,Volleyball,Girls,Varsity,2026-10-06,16:00,Milton High School,Natick High School,Natick High School,Natick High School Gym,,,L
2026-2027,Volleyball,Girls,Varsity,2026-10-08,16:00,Milton High School,Walpole High School,Walpole High School,Walpole High School Fieldhouse,,,L
2026-2027,Volleyball,Girls,Varsity,2026-10-09,17:30,Milton High School,Stoughton High School,Milton High School,Milton High School Copeland Field House,,,L
2026-2027,Volleyball,Girls,Varsity,2026-10-13,16:00,Milton High School,Westborough,Milton High School,Milton High School Copeland Field House,,,L
2026-2027,Volleyball,Girls,Varsity,2026-10-20,16:00,Milton High School,Needham High School,Milton High School,Milton High School Copeland Field House,,,L
2026-2027,Volleyball,Girls,Varsity,2026-10-22,17:30,Milton High School,Weymouth High School,Weymouth High School,Weymouth HS Gym,,,L
2026-2027,Volleyball,Girls,Varsity,2026-10-24,09:00,Milton High School,Westborough with 6 others,Westborough with 6 others,Westborough High School Fisher Gym,,,S
2026-2027,Volleyball,Girls,Varsity,2026-10-27,16:00,Milton High School,Walpole High School,Milton High School,Milton High School Copeland Field House,,,L
2026-2027,Volleyball,Girls,Varsity,2026-10-30,17:15,Brockton High School,Milton High School,Brockton High School,Brockton High School Gym 1,,,N
2026-2027,Wrestling,Boys,Varsity,2027-01-16,10:00,Milton High School,Oliver Ames High School with 2 others,Oliver Ames High School with 2 others,Oliver Ames High School Nixon Gym,,,N
2026-2027,Basketball,Coed,Unified,2026-09-23,14:30,Natick High School,TBA,Natick High School,Natick High School NHS Gymnasium,,,Normal
2026-2027,Basketball,Coed,Unified,2026-09-30,16:00,Natick High School,Newton South High School,Natick High School,Natick High School NHS Gymnasium,,,Normal
2026-2027,Basketball,Coed,Unified,2026-10-06,16:00,Natick High School,Newton North High School,Newton North High School,Newton North High School Reggie Gym,,,Normal
2026-2027,Basketball,Coed,Unified,2026-10-08,15:45,Hopkinton High School,Natick High School,Hopkinton High School,Hopkinton High School Athletic Center,,,Normal
2026-2027,Basketball,Coed,Unified,2026-10-19,15:30,Natick High School,TBA,Natick High School,Natick High School NHS Gymnasium,,,Normal
2026-2027,Basketball,Coed,Unified,2026-10-20,16:00,Natick High School,Weymouth High School,Weymouth High School,Weymouth High School Gymnasium,,,Normal
2026-2027,Basketball,Coed,Unified,2026-10-27,15:30,Natick High School,Walpole High School,Walpole High School,Walpole High School Gym,,,Normal
2026-2027,Basketball,Coed,Unified,2026-10-28,16:00,Natick High School,Weymouth High School,Natick High School,Natick High School NHS Gymnasium,,,Normal
2026-2027,Basketball,Coed,Unified,2026-11-02,17:00,Natick High School,Norwood High School,Natick High School,Natick High School NHS Gymnasium,,,Normal
2026-2027,Basketball,Coed,Unified,2026-11-04,16:15,Natick High School,Newton South High School,Newton South High School,Newton South High School Gym,,,Normal
2026-2027,Basketball,Coed,Unified,2026-11-09,14:45,Natick High School,TBA,Natick High School,Natick High School NHS Gymnasium,,,Normal
2026-2027,Basketball,Coed,Unified,2026-11-10,TBA,Natick High School,Redhawk Round-Up,,TBA,,,
2026-2027,Basketball,Coed,Unified,2026-11-10,15:30,Natick High School,Newton North High School,Natick High School,Natick High School NHS Gymnasium,,,Normal
2026-2027,Basketball,Boys,Varsity,2026-12-17,19:00,Algonquin Regional High School,Natick High School,Algonquin Regional High School,Algonquin Regional High School Gym A,,,Normal
2026-2027,Basketball,Boys,Varsity,2026-12-28,TBA,Cambridge Legends Classic,Natick High School,,,,,None
2026-2027,Basketball,Boys,Varsity,2027-02-12,18:30,Natick High School,Saint John's High School,Saint John's High School,Saint John's High School Coaches Pavilion,,,Normal
2026-2027,Basketball,Boys,Varsity,2027-02-15,TBA,Natick High School,Nick Gaspar Memorial Tournament,,TBA,,,
2026-2027,Basketball,Boys,Varsity,2027-02-15,15:00,Lincoln-Sudbury Regional High School,Natick High School,Lincoln-Sudbury Regional High School,Franklin High School,,,Normal
2026-2027,Basketball,Boys,Sub-Varsity,2027-02-02,17:15,Natick High School,Walpole High School,Walpole High School,Walpole High School Gym,,,L
2026-2027,Basketball,Boys,Sub-Varsity,2027-02-12,15:30,Natick High School,Saint John's High School,Saint John's High School,Saint John's High School Coaches Pavilion,,,N
2026-2027,Basketball,Girls,Varsity,2026-12-21,18:00,Algonquin Regional High School,Natick High School,Algonquin Regional High School,Algonquin Regional High School Gym A,,,L
2026-2027,Basketball,Girls,Varsity,2026-12-29,17:00,Londonderry High School,Natick High School,Londonderry High School,Bedford High School - (NH) HS Gym,,,N
2026-2027,Basketball,Girls,Varsity,2027-01-05,18:30,Natick High School,Newton North High School - Newton North,Natick High School,Natick High School Gym,,,L
2026-2027,Basketball,Girls,Varsity,2027-01-15,18:30,Natick High School,Wellesley High School,Wellesley High School,Wellesley High School Gym,,,L
2026-2027,Basketball,Girls,Varsity,2027-01-22,18:30,Natick High School,Weymouth High School,Weymouth High School,Weymouth High School Gymnasium,,,L
2026-2027,Basketball,Girls,Varsity,2027-02-02,19:00,Natick High School,Walpole High School,Natick High School,Natick High School Gym,,,L
2026-2027,Basketball,Girls,Varsity,2027-02-09,18:30,Natick High School,Needham High School,Natick High School,Natick High School Gym,,,L
2026-2027,Basketball,Girls,Varsity,2027-02-11,18:30,Natick High School,Wellesley High School,Natick High School,Natick High School Gym,,,L
2026-2027,Basketball,Girls,Varsity,2027-02-14,18:30,Natick High School,Wachusett Regional High School,Wachusett Regional High School,Winchester HS Gym,,,T
2026-2027,Basketball,Boys,Sub-Varsity,2026-12-17,16:00,Algonquin Regional High School - JV2,Natick High School,Algonquin Regional High School - JV2,Algonquin Regional High School Gym A,,,L
2026-2027,Basketball,Boys,Sub-Varsity,2026-12-17,17:30,Algonquin Regional High School - JV1,Natick High School,Algonquin Regional High School - JV1,Algonquin Regional High School Gym A,,,L
2026-2027,Basketball,Boys,Sub-Varsity,2027-02-02,15:45,Natick High School,Walpole High School,Walpole High School,Walpole High School Gym,,,L
2026-2027,Basketball,Boys,Sub-Varsity,2027-02-12,17:00,Natick High School,Saint John's High School,Saint John's High School,Saint John's High School Coaches Pavilion,,,N
2026-2027,Basketball,Girls,Sub-Varsity,2026-12-21,16:30,Algonquin Regional High School - JV1,Natick High School,Algonquin Regional High School - JV1,Algonquin Regional High School Gym A,,,L
2026-2027,Basketball,Girls,Sub-Varsity,2027-01-05,17:15,Natick High School,Newton North High School,Natick High School,Natick High School Gym,,,L
2026-2027,Basketball,Girls,Sub-Varsity,2027-01-15,17:15,Natick High School,Wellesley High School,Wellesley High School,Wellesley High School Gym,,,L
2026-2027,Basketball,Girls,Sub-Varsity,2027-01-22,17:15,Natick High School,Weymouth High School,Weymouth High School,Weymouth HS Gym,,,L
2026-2027,Basketball,Girls,Sub-Varsity,2027-02-02,15:45,Natick High School,Walpole High School,Natick High School,Natick High School Gym,,,L
2026-2027,Basketball,Girls,Sub-Varsity,2027-02-09,17:15,Natick High School,Needham High School,Natick High School,Natick High School Gym,,,L
2026-2027,Basketball,Girls,Sub-Varsity,2027-02-11,17:15,Natick High School,Wellesley High School,Natick High School,Natick High School Gym,,,L
2026-2027,Cross Country,Boys,Varsity,2026-09-09,15:45,Natick High School,Walpole High School,Natick High School,Natick High School Elm Bank Reservation,Walpole High School,30-25,L
2026-2027,Cross Country,Boys,Varsity,2026-09-09,15:45,Natick High School,Newton North High School,Natick High School,Natick High School Elm Bank Reservation,Newton North High School,41-18,L
2026-2027,Cross Country,Boys,Varsity,2026-09-16,16:00,Brookline High School with 1 others,Natick High School,Brookline High School with 1 others,Brookline - Larz Anderson Pond Field,,,L
2026-2027,Cross Country,Boys,Varsity,2026-09-23,16:00,Braintree High School with 1 others,Natick High School,Braintree High School with 1 others,Braintree High School Cross Country Course,,,L
2026-2027,Cross Country,Boys,Varsity,2026-09-30,16:00,Natick High School,Needham High School,Needham High School,Needham - Cutler Park Cutler Park - Needham,,,L
2026-2027,Cross Country,Boys,Varsity,2026-10-14,15:45,Natick High School,Weymouth High School,Natick High School,Natick High School Elm Bank Reservation,,,L
2026-2027,Cross Country,Boys,Sub-Varsity,2026-09-09,15:45,Natick High School,Walpole High School with 1 others,Natick High School,Natick High School Elm Bank Reservation,,,L
2026-2027,Competitive Cheerleading,Coed,Varsity,2026-09-10,18:00,Natick High School,Needham High School,Natick High School,Natick High School Natick High School,,,L
2026-2027,Basketball,Girls,Sub-Varsity,2027-01-05,15:45,Natick High School,Newton North High School,Natick High School,Natick High School Gym,,,L
2026-2027,Basketball,Girls,Sub-Varsity,2027-01-15,15:45,Natick High School,Wellesley High School,Wellesley High School,Sprague School Sprague School,,,L
2026-2027,Basketball,Girls,Sub-Varsity,2027-01-22,15:45,Natick High School,Weymouth High School,Weymouth High School,Weymouth HS Gym,,,L
2026-2027,Basketball,Girls,Sub-Varsity,2027-02-02,18:30,Natick High School,Walpole High School,Walpole High School,Walpole High School Gym,,,L
2026-2027,Basketball,Girls,Sub-Varsity,2027-02-09,15:45,Natick High School,Needham High School,Natick High School,Natick High School Gym,,,L
2026-2027,Basketball,Girls,Sub-Varsity,2027-02-11,15:45,Natick High School,Wellesley High School,Natick High School,Natick High School Gym,,,L
2026-2027,Field Hockey,Girls,Varsity,2026-08-27,17:00,Holliston High School,Natick High School,Natick High School,Natick High School Kennedy MS,,,S
2026-2027,Field Hockey,Girls,Varsity,2026-08-29,09:00,@ TBA,Natick High School,@ TBA,Not Listed,,,S
2026-2027,Field Hockey,Girls,Varsity,2026-09-01,16:30,Ashland High School,Natick High School,Natick High School,Natick High School Multipurpose Turf Field,,,S
2026-2027,Field Hockey,Girls,Varsity,2026-09-16,16:00,Natick High School,Wellesley High School,Wellesley High School,Wellesley High School Stadium,Natick High School,4-3,L
2026-2027,Field Hockey,Girls,Varsity,2026-09-23,16:30,Natick High School,Weymouth High School,Weymouth High School,Legion Field (Weymouth) Multipurpose Turf Field,,,L
2026-2027,Field Hockey,Girls,Varsity,2026-09-24,16:15,Natick High School,Watertown High School - Varsity,Watertown High School - Varsity,Watertown - Victory Field Turf,Watertown High School - Varsity,0-3,N
2026-2027,Field Hockey,Girls,Varsity,2026-09-30,18:30,Natick High School,Newton North High School,Natick High School,Natick High School Multipurpose Turf Field,,,L
2026-2027,Field Hockey,Girls,Varsity,2026-10-02,17:30,Hopkinton High School,Natick High School,Hopkinton High School,Hopkinton High School HS Turf,,,N
2026-2027,Field Hockey,Girls,Varsity,2026-10-09,16:30,Natick High School,Westwood High School,Westwood High School,Westwood High School Multi-Purpose Field,,,N
2026-2027,Field Hockey,Girls,Varsity,2026-10-14,18:30,Natick High School,Wellesley High School,Natick High School,Natick High School Multipurpose Turf Field,,,L
2026-2027,Field Hockey,Girls,Varsity,2026-10-17,10:00,Franklin High School,Natick High School,Franklin High School,Franklin - Beaver Pond Turf Turf Field,,,N
2026-2027,Field Hockey,Girls,Varsity,2026-10-21,16:00,Natick High School,Walpole High School,Walpole High School,Walpole High School Multipurpose Turf Field,,,L
2026-2027,Field Hockey,Girls,Varsity,2026-10-24,12:00,Natick High School,Weston High School,Weston High School,Weston High School FH Field,,,N
2026-2027,Field Hockey,Girls,Varsity,2026-10-26,16:30,Natick High School,Newton North High School,Newton North High School,Albemarle Field Multipurpose Turf Field,,,L
2026-2027,Field Hockey,Girls,Varsity,2026-10-28,18:30,Natick High School,Needham High School,Natick High School,Natick High School Multipurpose Turf Field,,,L
2026-2027,Cross Country,Girls,Varsity,2026-09-09,15:45,Natick High School,Walpole High School,Natick High School,Natick High School Elm Bank Reservation,Natick High School,23-33,L
2026-2027,Cross Country,Girls,Varsity,2026-09-09,15:45,Natick High School,Newton North High School,Natick High School,Natick High School Elm Bank Reservation,Newton North High School,43-19,L
2026-2027,Cross Country,Girls,Varsity,2026-09-16,16:00,Brookline High School with 1 others,Natick High School,Brookline High School with 1 others,Brookline - Larz Anderson Pond Field,,,L
2026-2027,Cross Country,Girls,Varsity,2026-09-23,16:00,Braintree High School with 1 others,Natick High School,Braintree High School with 1 others,Braintree High School Cross Country Course,,,L
2026-2027,Cross Country,Girls,Varsity,2026-09-30,16:00,Natick High School,Needham High School,Needham High School,Needham - Cutler Park Cutler Park - Needham,,,L
2026-2027,Cross Country,Girls,Varsity,2026-10-14,15:45,Natick High School,Weymouth High School,Natick High School,Natick High School Elm Bank Reservation,,,L
2026-2027,Field Hockey,Girls,Varsity,2026-10-24,12:00,Natick High School,Weston High School,Weston High School,Weston High School FH Field,,,N
2026-2027,Field Hockey,Girls,Sub-Varsity,2026-09-01,17:45,Ashland High School,Natick High School,Natick High School,Natick High School Multipurpose Turf Field,,,Normal
2026-2027,Field Hockey,Girls,Sub-Varsity,2026-09-16,17:15,Natick High School,Wellesley High School,Wellesley High School,Wellesley High School Stadium,,,Normal
2026-2027,Field Hockey,Girls,Sub-Varsity,2026-09-23,17:15,Natick High School,Weymouth High School,Weymouth High School,Legion Field (Weymouth) Multipurpose Turf Field,,,Canceled
2026-2027,Field Hockey,Girls,Sub-Varsity,2026-09-24,17:45,Natick High School,Watertown High School,Watertown High School,Watertown - Victory Field Turf,,,Normal
2026-2027,Field Hockey,Girls,Sub-Varsity,2026-09-30,17:15,Natick High School,Newton North High School,Natick High School,Natick High School Multipurpose Turf Field,,,Normal
2026-2027,Field Hockey,Girls,Sub-Varsity,2026-10-02,16:00,Hopkinton High School,Natick High School,Hopkinton High School,Hopkinton High School HS Turf,,,Normal
2026-2027,Field Hockey,Girls,Sub-Varsity,2026-10-09,17:45,Natick High School,Westwood High School,Westwood High School,Westwood High School Multi-Purpose Field,,,Normal
2026-2027,Field Hockey,Girls,Sub-Varsity,2026-10-14,17:15,Natick High School,Wellesley High School,Natick High School,Natick High School Multipurpose Turf Field,,,Normal
2026-2027,Field Hockey,Girls,Sub-Varsity,2026-10-17,11:30,Franklin High School,Natick High School,Franklin High School,Franklin - Beaver Pond Turf Turf Field,,,Normal
2026-2027,Field Hockey,Girls,Sub-Varsity,2026-10-21,17:15,Natick High School,Walpole High School,Walpole High School,Walpole High School Multipurpose Turf Field,,,Normal
2026-2027,Field Hockey,Girls,Sub-Varsity,2026-10-26,17:45,Natick High School,Newton North High School,Newton North High School,Albemarle Field Multipurpose Turf Field,,,Normal
2026-2027,Field Hockey,Girls,Sub-Varsity,2026-10-28,17:15,Natick High School,Needham High School,Natick High School,Natick High School Multipurpose Turf Field,,,Normal
2026-2027,Football,Boys,Varsity,2026-09-01,18:00,Foxborough High School,Natick High School,Foxborough High School,Foxboro High School FHS - Sam Berns Field (Turf),,,S
2026-2027,Football,Boys,Varsity,2026-09-04,16:30,Natick High School,Shrewsbury,Natick High School,Natick High School Natick High School,,,S
2026-2027,Football,Boys,Varsity,2026-09-10,18:00,Natick High School,Needham High School,Natick High School,Natick High School Multipurpose Turf Field,Natick High School,41-0,L
2026-2027,Football,Boys,Varsity,2026-09-25,18:00,Milford High School,Natick High School,Natick High School,Natick High School Natick High School,Milford High School,28-7,N
2026-2027,Football,Boys,Varsity,2026-10-02,19:00,Mansfield High School,Natick High School,Mansfield High School,Mansfield High School Alumni Field,,,N
2026-2027,Football,Boys,Varsity,2026-10-09,18:00,Natick High School,Newton North High School,Newton North High School,Newton North High School Dickinson Stadium,,,L
2026-2027,Football,Boys,Varsity,2026-10-23,18:00,Natick High School,Wellesley High School,Natick High School,Natick High School Multipurpose Turf Field,,,L
2026-2027,Football,Boys,Varsity,2026-10-30,18:30,Natick High School,Walpole High School,Walpole High School,Walpole High School Turco Field (turf),,,L
2026-2027,Football,Boys,Sub-Varsity,2026-09-29,16:00,Milford High School,Natick High School,Milford High School,Milford High School-Campus MHS Turf,,,N
2026-2027,Cross Country,Girls,Sub-Varsity,2026-09-09,15:45,Natick High School,Walpole High School with 1 others,Natick High School,Natick High School Elm Bank Reservation,,,L
2026-2027,Football,Boys,Sub-Varsity,2026-09-04,16:30,Natick High School,Shrewsbury - JV1,Natick High School,Natick High School Grass #13,,,S
2026-2027,Football,Boys,Sub-Varsity,2026-09-14,16:00,Natick High School,Needham High School,Needham High School,Needham - Memorial Field HS Turf,,,L
2026-2027,Football,Boys,Sub-Varsity,2026-10-03,11:30,Mansfield High School,Natick High School,Natick High School,Natick High School Multipurpose Turf Field,,,N
2026-2027,Football,Boys,Sub-Varsity,2026-10-08,16:30,Natick High School,Newton North High School,Natick High School,Natick High School Multipurpose Turf Field,,,L
2026-2027,Football,Boys,Sub-Varsity,2026-10-24,10:00,Natick High School,Wellesley High School,Wellesley High School,Wellesley High School Stadium,,,L
2026-2027,Football,Boys,Sub-Varsity,2026-10-31,11:30,Natick High School,TBA,Natick High School,Natick High School Multipurpose Turf Field,,,L
2026-2027,Football,Boys,Sub-Varsity,2026-11-14,11:30,Natick High School,Needham High School,Natick High School,Natick High School Multipurpose Turf Field,,,L
2026-2027,Football,Boys,Sub-Varsity,2026-09-11,16:00,Natick High School,Needham High School,Needham High School,Needham - Memorial Field HS Turf,,,L
2026-2027,Football,Boys,Sub-Varsity,2026-10-03,10:00,Mansfield High School,Natick High School,Natick High School,Natick High School Multipurpose Turf Field,,,N
2026-2027,Football,Boys,Sub-Varsity,2026-10-10,10:00,Natick High School,Newton North High School,Newton North High School,Newton North High School Dickinson Stadium,,,L
2026-2027,Football,Boys,Sub-Varsity,2026-10-24,09:00,Natick High School,Newton North High School,Newton North High School,Newton North High School Dickinson Stadium,,,L
2026-2027,Football,Boys,Sub-Varsity,2026-10-24,12:00,Natick High School,Wellesley High School,Wellesley High School,Wellesley High School Stadium,,,L
2026-2027,Football,Boys,Sub-Varsity,2026-10-31,10:00,Natick High School,Walpole High School,Natick High School,Natick High School Multipurpose Turf Field,,,L
2026-2027,Football,Boys,Sub-Varsity,2026-11-07,09:00,Natick High School,Newton North High School,Newton North High School,Newton North High School Dickinson Stadium,,,L
2026-2027,Football,Boys,Sub-Varsity,2026-11-14,10:00,Natick High School,Needham High School,Natick High School,Natick High School Multipurpose Turf Field,,,L
2026-2027,Field Hockey,Girls,Sub-Varsity,2026-09-09,16:00,@ TBA,Natick High School,@ TBA,Framingham High School Multipurpose Turf Field,,,Canceled
2026-2027,Field Hockey,Girls,Sub-Varsity,2026-09-16,16:00,Natick High School,Wellesley High School,Natick High School,Natick (Kennedy) MIddle School Multipurpose Turf Field,,,Normal
2026-2027,Field Hockey,Girls,Sub-Varsity,2026-09-23,16:00,Natick High School,TBA,Natick High School,Natick (Kennedy) MIddle School Multipurpose Turf Field,,,Canceled
2026-2027,Field Hockey,Girls,Sub-Varsity,2026-09-30,16:30,Natick High School,Newton North High School,Newton North High School,Newton/Waban - Lincoln-Warren Field Field Hockey Field,,,Normal
2026-2027,Field Hockey,Girls,Sub-Varsity,2026-10-02,16:15,Concord-Carlisle High School,Natick High School,Natick High School,Natick High School Kennedy MS,,,Normal
2026-2027,Field Hockey,Girls,Sub-Varsity,2026-10-07,16:00,Natick High School,TBA,Natick High School,Natick (Kennedy) MIddle School Multipurpose Turf Field,,,Normal
2026-2027,Field Hockey,Girls,Sub-Varsity,2026-10-13,16:00,Concord-Carlisle High School,Natick High School,Concord-Carlisle High School,Concord Carlisle High School CC Lower Grass,,,Normal
2026-2027,Field Hockey,Girls,Sub-Varsity,2026-10-14,16:00,Natick High School,Wellesley High School,Wellesley High School,Sprague Turf Complex Turf Field 3,,,Normal
2026-2027,Field Hockey,Girls,Sub-Varsity,2026-10-21,16:00,Natick High School,Walpole High School,Natick High School,Natick (Kennedy) MIddle School Multipurpose Turf Field,,,Normal
2026-2027,Field Hockey,Girls,Sub-Varsity,2026-10-26,16:30,Natick High School,Newton North High School,Natick High School,Natick (Kennedy) MIddle School Multipurpose Turf Field,,,Normal
2026-2027,Field Hockey,Girls,Sub-Varsity,2026-10-28,16:00,Natick High School,Needham High School,Needham High School,Needham-Defazio Complex Turf #1 Founders,,,Normal
2026-2027,Hockey,Boys,Varsity,2026-12-05,12:00,Bishop Feehan High School,Natick High School,Bishop Feehan High School,New England Sports Village (Attleboro) New England Sports Village,,,S
2026-2027,Hockey,Boys,Varsity,2027-01-18,14:30,Franklin High School,Natick High School,Franklin High School,Franklin Pirelli Arena Franklin Pirelli Arena,,,N
2026-2027,Hockey,Boys,Varsity,2027-01-25,19:00,Natick High School,Waltham High School,Waltham High School,Veterans Rink Waltham Veterans Rink Waltham,,,L
2026-2027,Golf,Boys,Sub-Varsity,2026-09-03,16:00,Dover-Sherborn High School,Natick High School,Dover-Sherborn High School,Sassamon Trace Golf Course Sassamon Trace Golf Course,,,N
2026-2027,Golf,Boys,Sub-Varsity,2026-09-10,15:45,Natick High School,Weymouth High School,Natick High School,Natick High School Sassamon Trace Golf Course,,,L
2026-2027,Golf,Boys,Sub-Varsity,2026-09-17,15:30,Natick High School,Wellesley High School,Natick High School,Natick High School Sassamon Trace Golf Course,,,L
2026-2027,Golf,Boys,Sub-Varsity,2026-09-23,16:00,Dover-Sherborn High School,Natick High School,Dover-Sherborn High School,Sassamon Trace Golf Course Sassamon Trace Golf Course,,,N
2026-2027,Golf,Boys,Varsity,2026-09-08,15:30,Natick High School,Wellesley High School,Natick High School,Natick High School Sassamon Trace Golf Course,Wellesley High School,205-202,L
2026-2027,Golf,Boys,Varsity,2026-09-10,15:30,Natick High School,Newton North High School,Newton North High School,Newton - Brae Burn Country Club Golf Course,Natick High School,220-243,L
2026-2027,Golf,Boys,Varsity,2026-09-17,15:30,Natick High School,Walpole High School,Walpole High School,Walpole Country Club Walpole Coutry Club,Natick High School,244-252,L
2026-2027,Golf,Boys,Varsity,2026-09-23,15:30,Natick High School,Weymouth High School,Natick High School,Natick High School Sassamon Trace Golf Course,,,L
2026-2027,Golf,Boys,Varsity,2026-09-28,15:30,Natick High School,Wellesley High School,Wellesley High School,Nehoiden Nehoiden,,,L
2026-2027,Golf,Boys,Varsity,2026-10-05,15:30,Dover-Sherborn High School,Natick High School,Dover-Sherborn High School,Sassamon Trace Golf Course Sassamon Trace Golf Course,,,N
2026-2027,Golf,Boys,Varsity,2026-10-07,15:30,Natick High School,Needham High School,Natick High School,Natick High School Sassamon Trace Golf Course,,,L
2026-2027,Golf,Boys,Varsity,2026-10-08,15:30,Natick High School,Newton North High School,Natick High School,Natick High School Sassamon Trace Golf Course,,,L
2026-2027,Hockey,Girls,Varsity,2027-01-11,18:00,Algonquin Regional High School,Natick High School,Algonquin Regional High School,New England Sports Center (Marlboro) NESC Rink 1,,,L
2026-2027,Hockey,Girls,Varsity,2027-01-18,14:10,Natick High School,Westwood High School,Westwood High School,Canton Ice House Canton Ice House Blue,,,N
2026-2027,Hockey,Girls,Varsity,2027-02-03,20:00,Natick High School,Walpole High School,Walpole High School,Cadillac Ice Arena - Walpole Olympic Rink,,,L
2026-2027,Soccer,Boys,Sub-Varsity,2026-08-29,13:00,Natick High School,Weston High School,Natick High School,Natick High School Grass #12,,,S
2026-2027,Soccer,Boys,Sub-Varsity,2026-08-31,16:00,Leominster - JV1,Natick High School,Leominster - JV1,Leominster Doyle Field Soccer Grass Field,,,S
2026-2027,Soccer,Boys,Sub-Varsity,2026-09-02,17:30,Boston College High School,Natick High School,Natick High School,Natick High School Grass #12,,,S
2026-2027,Soccer,Boys,Sub-Varsity,2026-09-08,16:30,Natick High School,Wayland High School,Natick High School,Natick High School Grass #12,,,N
2026-2027,Soccer,Boys,Sub-Varsity,2026-09-10,16:15,Lexington High School,Natick High School,Lexington High School,Lexington: Lincoln Park #1,,,N
2026-2027,Soccer,Boys,Sub-Varsity,2026-09-19,13:00,Natick High School,Newton South High School,Natick High School,Natick High School Grass #12,Newton South High School,0-2,N
2026-2027,Soccer,Boys,Sub-Varsity,2026-09-24,16:00,Natick High School,Wellesley High School,Natick High School,Natick High School Grass #12,Tie,1-1,L
2026-2027,Soccer,Boys,Sub-Varsity,2026-09-29,16:00,Natick High School,Weymouth High School,Natick High School,Natick High School Grass #12,,,L
2026-2027,Soccer,Boys,Sub-Varsity,2026-10-03,13:00,Algonquin Regional High School - JV1,Natick High School,Algonquin Regional High School - JV1,Algonquin Regional High School Stadium Field - turf,,,L
2026-2027,Soccer,Boys,Sub-Varsity,2026-10-06,16:00,Natick High School,Newton North High School,Newton North High School,Newton - Warren Fields #1,,,L
2026-2027,Soccer,Boys,Sub-Varsity,2026-10-20,16:00,Natick High School,Wellesley High School,Wellesley High School,Wellesley High School Hunnewell JV Field,,,L
2026-2027,Soccer,Boys,Sub-Varsity,2026-10-27,16:00,Natick High School,Walpole High School,Natick High School,Natick High School Grass #12,,,L
2026-2027,Soccer,Boys,Sub-Varsity,2026-10-29,16:00,Natick High School,Newton North High School,Natick High School,Natick High School Grass #12,,,L
2026-2027,Soccer,Boys,Sub-Varsity,2026-11-02,16:00,Natick High School,Needham High School - JV1,Needham High School - JV1,Needham-Defazio Complex Conroy Grass,,,L
2026-2027,Soccer,Boys,Sub-Varsity,2026-10-03,13:00,Algonquin Regional High School - JV2,Natick High School,Algonquin Regional High School - JV2,Algonquin Regional High School algonquin boys jv2 field,,,L
2026-2027,Soccer,Boys,Sub-Varsity,2026-09-10,16:15,Lexington High School,Natick High School,Lexington High School,Lexington High School Worthen Rd-Grass Field,,,N
2026-2027,Soccer,Boys,Sub-Varsity,2026-09-18,16:00,Natick High School,Wellesley High School,Wellesley High School,Wellesley High School Freshmen Field,,,L
2026-2027,Soccer,Boys,Sub-Varsity,2026-09-25,16:00,Natick High School,Weymouth High School,Weymouth High School,Weymouth Lovell Field Field 1,,,L
2026-2027,Soccer,Boys,Sub-Varsity,2026-09-28,16:00,Brookline High School,Natick High School,Brookline High School,Brookline-Warren Fld Warren Field,,,L
2026-2027,Soccer,Boys,Sub-Varsity,2026-10-02,16:00,Natick High School,Newton North High School,Natick High School,Natick High School Grass #13,,,L
2026-2027,Soccer,Boys,Sub-Varsity,2026-10-14,16:30,Natick High School,Newton North High School,Newton North High School,Newton - Warren Fields #1,,,N
2026-2027,Soccer,Boys,Sub-Varsity,2026-10-16,16:00,Natick High School,Wellesley High School,Natick High School,Natick High School Grass #13,,,L
2026-2027,Soccer,Boys,Sub-Varsity,2026-10-19,16:00,Brookline High School,Natick High School,Natick High School,Natick High School Grass #13,,,L
2026-2027,Soccer,Boys,Sub-Varsity,2026-10-23,16:00,Natick High School,Walpole High School,Walpole High School,Walpole Middle School Soccer Field,,,L
2026-2027,Soccer,Boys,Sub-Varsity,2026-10-26,16:00,Natick High School,Newton North High School,Newton North High School,Newton - Warren Fields #1,,,L
2026-2027,Soccer,Boys,Sub-Varsity,2026-10-30,16:00,Natick High School,Needham High School,Natick High School,Natick High School Grass #13,,,L
2026-2027,Soccer,Girls,Sub-Varsity,2026-09-24,16:00,Natick High School,Wellesley High School,Wellesley High School,Wellesley High School Hunnewell JV Field,,,Normal
2026-2027,Soccer,Girls,Sub-Varsity,2026-09-28,16:00,Hopkinton High School - JV 1,Natick High School,Natick High School,Natick High School Grass #12,,,Normal
2026-2027,Soccer,Girls,Sub-Varsity,2026-09-29,16:00,Natick High School,Weymouth High School,Weymouth High School,Weymouth HS #2,,,Normal
2026-2027,Soccer,Girls,Sub-Varsity,2026-10-06,16:00,Natick High School,Newton North High School,Natick High School,Natick High School Grass #12,,,Normal
2026-2027,Soccer,Girls,Sub-Varsity,2026-10-09,16:00,Dover-Sherborn High School,Natick High School,Natick High School,Natick High School Grass #12,,,Normal
2026-2027,Soccer,Girls,Sub-Varsity,2026-10-16,16:00,Franklin High School,Natick High School,Franklin High School,Franklin High School New Turf,,,Normal
2026-2027,Soccer,Girls,Sub-Varsity,2026-10-20,16:00,Natick High School,Wellesley High School,Natick High School,Natick High School Grass #12,,,Normal
2026-2027,Soccer,Girls,Sub-Varsity,2026-10-24,09:00,Natick High School,Winchester High School,Winchester High School,Winchester-Manchester Field Grass,,,Normal
2026-2027,Soccer,Girls,Sub-Varsity,2026-10-27,16:00,Natick High School,Walpole High School,Walpole High School,Walpole Middle School Soccer Field,,,Normal
2026-2027,Soccer,Girls,Sub-Varsity,2026-10-29,16:00,Natick High School,Newton North High School,Newton North High School,Cold Springs Park (Newton) <BLANK>,,,Normal
2026-2027,Soccer,Girls,Sub-Varsity,2026-11-02,16:00,Natick High School,Needham High School,Natick High School,Natick High School Grass #12,,,Normal
2026-2027,Soccer,Girls,Varsity,2026-08-27,19:00,Natick High School,TBA,Natick High School,Concord Carlisle High School Doug White Turf #2,,,S
2026-2027,Soccer,Girls,Varsity,2026-08-29,14:00,Canton High School,Natick High School,Canton High School,Canton High School Turf WWII Vet Mem,,,S
2026-2027,Soccer,Girls,Varsity,2026-09-24,16:00,Natick High School,Wellesley High School,Wellesley High School,Wellesley High School Stadium,Wellesley High School,1-4,L
2026-2027,Soccer,Girls,Varsity,2026-09-28,18:00,Hopkinton High School,Natick High School,Natick High School,Natick High School Multipurpose Turf Field,,,N
2026-2027,Soccer,Girls,Varsity,2026-09-29,17:30,Natick High School,Weymouth High School,Weymouth High School,Weymouth High School Turf,,,L
2026-2027,Soccer,Girls,Varsity,2026-10-06,18:00,Natick High School,Newton North High School - Newton North,Natick High School,Natick High School Multipurpose Turf Field,,,L
2026-2027,Soccer,Girls,Varsity,2026-10-09,16:00,Dover-Sherborn High School,Natick High School,Natick High School,Natick High School Multipurpose Turf Field,,,N
2026-2027,Soccer,Girls,Varsity,2026-10-17,19:00,Franklin High School,Natick High School,Franklin High School,Franklin High School FHS Pisini Stadium,,,N
2026-2027,Soccer,Girls,Varsity,2026-10-20,18:00,Natick High School,Wellesley High School,Natick High School,Natick High School Natick High School,,,L
2026-2027,Soccer,Girls,Varsity,2026-10-24,09:00,Natick High School,Winchester High School,Winchester High School,Winchester-Knowlton Turf,,,N
2026-2027,Soccer,Girls,Varsity,2026-10-27,16:00,Natick High School,Walpole High School,Walpole High School,Walpole Middle School Soccer Field,,,L
2026-2027,Soccer,Girls,Varsity,2026-10-29,18:00,Natick High School,Newton North High School - Newton North,Newton North High School - Newton North,Newton North High School Lowell Ave Field,,,L
2026-2027,Soccer,Girls,Varsity,2026-11-02,18:00,Natick High School,Needham High School,Natick High School,Natick High School Multipurpose Turf Field,,,L
2026-2027,Soccer,Boys,Varsity,2026-08-29,13:00,Natick High School,Weston High School,Natick High School,Natick High School Multipurpose Turf Field,,,S
2026-2027,Soccer,Boys,Varsity,2026-08-31,16:00,Leominster,Natick High School,Leominster,Leominster Doyle Field Football Stadium,Natick High School,2-4,S
2026-2027,Soccer,Boys,Varsity,2026-09-02,17:30,Boston College High School,Natick High School,Natick High School,Natick High School Multipurpose Turf Field,,,S
2026-2027,Soccer,Boys,Varsity,2026-09-08,18:00,Natick High School,Wayland High School,Natick High School,Natick High School Multipurpose Turf Field,Wayland High School,1-6,N
2026-2027,Soccer,Boys,Varsity,2026-09-10,16:15,Lexington High School,Natick High School,Lexington High School,Lexington: Lincoln Park #2,Lexington High School,1-0,N
2026-2027,Soccer,Boys,Varsity,2026-09-19,12:30,Natick High School,Newton South High School,Natick High School,Natick High School Multipurpose Turf Field,Newton South High School,1-2,N
2026-2027,Soccer,Boys,Varsity,2026-09-24,18:00,Natick High School,Wellesley High School,Natick High School,Natick High School Multipurpose Turf Field,Natick High School,6-3,L
2026-2027,Soccer,Boys,Varsity,2026-09-29,18:00,Natick High School,Weymouth High School,Natick High School,Natick High School Multipurpose Turf Field,,,L
2026-2027,Soccer,Boys,Varsity,2026-10-06,16:30,Natick High School,Newton North High School,Newton North High School,Newton North High School Lowell Avenue Field,,,L
2026-2027,Soccer,Boys,Varsity,2026-10-20,16:00,Natick High School,Wellesley High School,Wellesley High School,Wellesley High School Stadium,,,L
2026-2027,Soccer,Boys,Varsity,2026-10-24,18:00,Algonquin Regional High School,Natick High School,Algonquin Regional High School,Algonquin Regional High School Stadium Field - turf,,,L
2026-2027,Soccer,Boys,Varsity,2026-10-27,18:00,Natick High School,Walpole High School,Natick High School,Natick High School Multipurpose Turf Field,,,L
2026-2027,Soccer,Boys,Varsity,2026-10-29,18:00,Natick High School,Newton North High School,Natick High School,Natick High School Multipurpose Turf Field,,,L
2026-2027,Soccer,Boys,Varsity,2026-11-02,18:30,Natick High School,Needham High School,Needham High School,Needham-Defazio Complex Turf #2 Brock,,,L
2026-2027,Swimming & Diving,Girls,Varsity,2026-09-18,18:00,Natick High School,Wellesley High School,Wellesley High School,Boston Sports Institute Boston Sports Instititute,Wellesley High School,83-102,L
2026-2027,Swimming & Diving,Girls,Varsity,2026-09-25,18:00,Natick High School,Weymouth High School,Natick High School,Weston Middle School Varsity Swimming Pool,,,L
2026-2027,Swimming & Diving,Girls,Varsity,2026-10-06,19:15,Natick High School,Walpole High School,Walpole High School,Westwood High School Swimming Pool,,,L
2026-2027,Swimming & Diving,Girls,Varsity,2026-10-09,16:30,Natick High School,Newton North High School,Newton North High School,Newton North High School Swimming Pool,,,L
2026-2027,Swimming & Diving,Girls,Varsity,2026-10-13,19:30,Natick High School,Needham High School,Needham High School,Babson College Morse Swimming Pool,,,L
2026-2027,Swimming & Diving,Girls,Varsity,2026-10-31,11:00,Acton-Boxborough with 1 others,Natick High School,Acton-Boxborough with 1 others,Acton-Boxborough Regional High School Jeff Johnson Pool,,,L
2026-2027,Soccer,Girls,Sub-Varsity,2026-09-18,16:00,Natick High School,Wellesley High School,Natick High School,Natick High School Grass #13,,,Normal
2026-2027,Soccer,Girls,Sub-Varsity,2026-09-25,16:00,Natick High School,Weymouth High School,Natick High School,Natick High School Grass #13,,,Normal
2026-2027,Soccer,Girls,Sub-Varsity,2026-09-26,16:00,Natick High School,Winchester High School,Winchester High School,Winchester-Knowlton Manchester Field,,,Canceled
2026-2027,Soccer,Girls,Sub-Varsity,2026-10-02,16:30,Natick High School,Newton North High School,Newton North High School,Cold Springs Park (Newton) <BLANK>,,,Normal
2026-2027,Soccer,Girls,Sub-Varsity,2026-10-14,16:00,Natick High School,Wellesley High School,Wellesley High School,Wellesley High School Freshmen Field,,,Normal
2026-2027,Soccer,Girls,Sub-Varsity,2026-10-16,16:00,Franklin High School,Natick High School,Franklin High School,Franklin High School Upper Grass,,,Normal
2026-2027,Soccer,Girls,Sub-Varsity,2026-10-23,16:00,Natick High School,Walpole High School,Natick High School,Natick High School Grass #13,,,Normal
2026-2027,Soccer,Girls,Sub-Varsity,2026-10-26,16:00,Natick High School,Newton North High School,Natick High School,Natick High School Grass #13,,,Normal
2026-2027,Soccer,Girls,Sub-Varsity,2026-10-30,16:00,Natick High School,Needham High School,Needham High School,Needham-Cricket Field Field #1,,,Normal
2026-2027,Volleyball,Girls,Varsity,2026-09-03,15:00,Natick High School,Oliver Ames High School with 5 others,Oliver Ames High School with 5 others,Oliver Ames High School Nixon Gym,,,S
2026-2027,Volleyball,Girls,Varsity,2026-09-14,16:30,Cambridge Rindge & Latin School,Natick High School,Natick High School,Natick High School Gym,Natick High School,1-3,N
2026-2027,Volleyball,Girls,Varsity,2026-09-17,17:30,Natick High School,Wellesley High School,Wellesley High School,Wellesley High School Gym,Natick High School,3-2,L
2026-2027,Volleyball,Girls,Varsity,2026-09-22,17:30,Natick High School,Wayland High School,Wayland High School,Wayland HS Field House,Natick High School,3-1,N
2026-2027,Volleyball,Girls,Varsity,2026-09-24,17:30,Natick High School,Weymouth High School,Weymouth High School,Weymouth HS Gym,Natick High School,3-0,L
2026-2027,Volleyball,Girls,Varsity,2026-09-25,16:30,Natick High School,Newton South High School,Natick High School,Natick High School Gym,Natick High School,3-2,N
2026-2027,Volleyball,Girls,Varsity,2026-10-01,16:00,Natick High School,Newton North High School - Newton North,Natick High School,Natick High School Gym,,,L
2026-2027,Volleyball,Girls,Varsity,2026-10-09,16:15,Lincoln-Sudbury Regional High School,Natick High School,Lincoln-Sudbury Regional High School,Lincoln-Sudbury Regional High School (Sudbury) Gym 1,,,N
2026-2027,Volleyball,Girls,Varsity,2026-10-15,16:00,Natick High School,Wellesley High School,Natick High School,Natick High School Gym,,,L
2026-2027,Volleyball,Girls,Varsity,2026-10-22,16:00,Natick High School,Walpole High School,Walpole High School,Walpole High School Fieldhouse,,,L
2026-2027,Volleyball,Girls,Varsity,2026-10-27,18:15,Natick High School,Newton North High School - Newton North,Newton North High School - Newton North,Newton North High School Reggie Gym,,,L
2026-2027,Volleyball,Girls,Varsity,2026-10-29,16:00,Natick High School,Needham High School,Natick High School,Natick High School Gym,,,L
2026-2027,Volleyball,Girls,Sub-Varsity,2026-09-14,17:15,Cambridge Rindge & Latin School,Natick High School,Natick High School,Natick High School Gym,,,N
2026-2027,Volleyball,Girls,Sub-Varsity,2026-09-17,16:00,Natick High School,Wellesley High School,Wellesley High School,Wellesley High School Gym,,,L
2026-2027,Volleyball,Girls,Sub-Varsity,2026-09-22,16:00,Natick High School,Wayland High School,Wayland High School,Wayland HS Field House,,,N
2026-2027,Volleyball,Girls,Sub-Varsity,2026-09-24,16:00,Natick High School,Weymouth High School,Weymouth High School,Weymouth High School Gymnasium,,,L
2026-2027,Volleyball,Girls,Sub-Varsity,2026-09-25,17:45,Natick High School,Newton South High School,Natick High School,Natick High School Gym,,,N
2026-2027,Volleyball,Girls,Sub-Varsity,2026-10-01,17:30,Natick High School,Newton North High School,Natick High School,Natick High School Natick High School,,,L
2026-2027,Volleyball,Girls,Sub-Varsity,2026-10-09,17:45,Lincoln-Sudbury Regional High School,Natick High School,Lincoln-Sudbury Regional High School,Lincoln-Sudbury Regional High School (Sudbury) Gym 4,,,L
2026-2027,Volleyball,Girls,Sub-Varsity,2026-10-15,17:15,Natick High School,Wellesley High School,Natick High School,Natick High School Gym,,,L
2026-2027,Volleyball,Girls,Sub-Varsity,2026-10-22,17:30,Natick High School,Walpole High School,Walpole High School,Walpole High School Fieldhouse,,,L
2026-2027,Volleyball,Girls,Sub-Varsity,2026-10-27,16:30,Natick High School,Newton North High School,Newton North High School,Newton North High School Reggie Gym,,,L
2026-2027,Volleyball,Girls,Sub-Varsity,2026-10-29,17:30,Natick High School,Needham High School,Natick High School,Natick High School Gym,,,L
2026-2027,Wrestling,Boys,Varsity,2026-12-23,13:00,Natick High School,North Attleboro High School with 2 others,North Attleboro High School with 2 others,North Attleborough High School 1 Gym High School,,,N
2026-2027,Wrestling,Boys,Varsity,2026-12-31,09:00,Bristol Plymouth Regional Technical School with 4 others,Natick High School,Bristol Plymouth Regional Technical School with 4 others,Bristol-Plymouth Technical HS Gym,,,L
2026-2027,Wrestling,Boys,Sub-Varsity,2026-12-26,09:00,Lowell High School,Natick High School,Natick High School,Natick High School Gym,,,L
2026-2027,Volleyball,Girls,Sub-Varsity,2026-09-14,17:15,Cambridge Rindge & Latin School,Natick High School,Natick High School,Natick High School Gym,,,N
2026-2027,Volleyball,Girls,Sub-Varsity,2026-09-17,16:00,Natick High School,Wellesley High School,Wellesley High School,Wellesley High School Gym,,,L
2026-2027,Volleyball,Girls,Sub-Varsity,2026-09-22,16:00,Natick High School,Wayland High School,Wayland High School,Wayland HS Field House,,,N
2026-2027,Volleyball,Girls,Sub-Varsity,2026-09-24,16:00,Natick High School,Weymouth High School,Weymouth High School,Weymouth HS Gym,,,L
2026-2027,Volleyball,Girls,Sub-Varsity,2026-09-25,17:45,Natick High School,Newton South High School,Natick High School,Natick High School Gym,,,N
2026-2027,Volleyball,Girls,Sub-Varsity,2026-10-01,17:30,Natick High School,Newton North High School,Natick High School,Natick High School Natick High School,,,L
2026-2027,Volleyball,Girls,Sub-Varsity,2026-10-09,17:30,Lincoln-Sudbury Regional High School,Natick High School,Lincoln-Sudbury Regional High School,Lincoln-Sudbury Regional High School (Sudbury) Gym 1,,,L
2026-2027,Volleyball,Girls,Sub-Varsity,2026-10-15,17:15,Natick High School,Wellesley High School,Natick High School,Natick High School Gym,,,L
2026-2027,Volleyball,Girls,Sub-Varsity,2026-10-22,17:30,Natick High School,Walpole High School,Walpole High School,Walpole High School Fieldhouse,,,L
2026-2027,Volleyball,Girls,Sub-Varsity,2026-10-27,16:30,Natick High School,Newton North High School,Newton North High School,Newton North High School Reggie Gym,,,L
2026-2027,Volleyball,Girls,Sub-Varsity,2026-10-29,17:30,Natick High School,Needham High School,Natick High School,Natick High School Gym,,,L
2026-2027,Wrestling,Girls,Varsity,2026-12-26,09:00,Lowell High School,Natick High School,Natick High School,Natick High School Gym,,,L
2026-2027,Basketball,Boys,Varsity,2026-12-15,18:30,Needham High School,Walpole High School,Walpole High School,Walpole High School Gym,,,L
2026-2027,Basketball,Boys,Varsity,2026-12-22,18:30,Catholic Memorial Middle/High School,Needham High School,Catholic Memorial Middle/High School,Catholic Memorial HS/MS gym,,,L
2026-2027,Basketball,Boys,Varsity,2026-12-28,18:00,Algonquin Regional High School,Needham High School,Algonquin Regional High School,Algonquin Regional High School Gym A,,,L
2026-2027,Basketball,Boys,Varsity,2026-12-30,18:30,Needham High School,Xaverian Brothers High School,Xaverian Brothers High School,Xaverian Brothers High School Varsity Gym,,,L
2026-2027,Basketball,Boys,Varsity,2027-01-29,18:30,Needham High School,Weymouth High School,Weymouth High School,Weymouth High School Gymnasium,,,L
2026-2027,Basketball,Boys,Sub-Varsity,2026-12-15,17:15,Needham High School,Walpole High School,Walpole High School,Walpole High School Gym,,,L
2026-2027,Basketball,Boys,Sub-Varsity,2026-12-28,15:00,Algonquin Regional High School - JV2,Needham High School,Algonquin Regional High School - JV2,Algonquin Regional High School Gym A,,,L
2026-2027,Basketball,Boys,Sub-Varsity,2026-12-28,16:30,Algonquin Regional High School - JV1,Needham High School,Algonquin Regional High School - JV1,Algonquin Regional High School Gym A,,,L
2026-2027,Basketball,Boys,Sub-Varsity,2026-12-30,17:00,Needham High School,Xaverian Brothers High School,Xaverian Brothers High School,Xaverian Brothers High School Varsity Gym,,,N
2026-2027,Basketball,Boys,Sub-Varsity,2027-01-29,17:15,Needham High School,Weymouth High School,Weymouth High School,Weymouth High School Gymnasium,,,L
2026-2027,Baseball,Boys,Sub-Varsity,2027-04-05,15:45,Milton Academy,Needham High School,Needham High School,Needham-Defazio Complex Warner Baseball Diamond,,,L
2026-2027,Baseball,Boys,Sub-Varsity,2027-04-12,15:45,Needham High School,Weymouth High School,Weymouth High School,Weymouth High School brad hawes field,,,L
2026-2027,Baseball,Boys,Sub-Varsity,2027-04-26,15:45,Needham High School,Walpole High School,Walpole High School,Walpole SM Lorusso & Sons Athletic Complex Baseball Field,,,L
2026-2027,Baseball,Boys,Sub-Varsity,2027-05-05,15:45,Needham High School,Wellesley High School,Needham High School,Needham-Defazio Complex Warner Baseball Diamond,,,L
2026-2027,Baseball,Boys,Sub-Varsity,2027-05-12,15:45,Needham High School,Weymouth High School,Needham High School,Needham-Defazio Complex Warner Baseball Diamond,,,L
2026-2027,Baseball,Boys,Sub-Varsity,2027-05-19,15:45,Needham High School,Walpole High School,Needham High School,Needham-Defazio Complex Warner Baseball Diamond,,,L
2026-2027,Baseball,Boys,Sub-Varsity,2027-05-24,16:30,Needham High School,Newton North High School,Newton North High School,Newton/Waban - Lincoln-Warren Field Baseball Field,,,L
2026-2027,Basketball,Girls,Sub-Varsity,2026-12-11,16:45,Arlington Catholic High School,Needham High School,Needham High School,Needham High School A Gym,,,N
2026-2027,Basketball,Girls,Sub-Varsity,2026-12-15,17:15,Needham High School,Walpole High School,Needham High School,Needham High School A Gym,,,L
2026-2027,Basketball,Girls,Sub-Varsity,2027-01-05,17:15,Needham High School,Weymouth High School,Weymouth High School,Weymouth HS Gym,,,L
2026-2027,Basketball,Girls,Sub-Varsity,2027-01-12,17:15,Needham High School,Wellesley High School,Needham High School,Needham High School A Gym,,,L
2026-2027,Basketball,Girls,Sub-Varsity,2027-01-15,17:00,Bishop Feehan High School,Needham High School,Bishop Feehan High School,Bishop Feehan High School McIntyre Gymnasium,,,N
2026-2027,Basketball,Girls,Sub-Varsity,2027-01-19,17:15,Needham High School,Walpole High School,Walpole High School,Walpole High School Gym,,,L
2026-2027,Basketball,Girls,Sub-Varsity,2027-01-28,17:15,Medfield Senior High School,Needham High School,Needham High School,Needham High School A Gym,,,N
2026-2027,Basketball,Girls,Sub-Varsity,2027-01-29,17:15,Needham High School,Weymouth High School,Needham High School,Needham High School A Gym,,,L
2026-2027,Basketball,Girls,Sub-Varsity,2027-02-12,17:15,Needham High School,Westwood High School,Needham High School,Needham High School A Gym,,,N
2026-2027,Basketball,Boys,Sub-Varsity,2026-12-15,15:45,Needham High School,Walpole High School,Walpole High School,Walpole High School Gym,,,L
2026-2027,Basketball,Boys,Sub-Varsity,2026-12-30,15:30,Needham High School,Xaverian Brothers High School - Gold,Xaverian Brothers High School - Gold,Xaverian Brothers High School Varsity Gym,,,N
2026-2027,Basketball,Boys,Sub-Varsity,2027-01-29,15:45,Needham High School,Weymouth High School,Weymouth High School,Weymouth High School Gymnasium,,,L
2026-2027,Basketball,Girls,Sub-Varsity,2026-12-15,16:00,Needham High School,Walpole High School,Needham High School,Needham High School A Gym,,,L
2026-2027,Basketball,Girls,Sub-Varsity,2027-01-05,15:45,Needham High School,Weymouth High School,Weymouth High School,Weymouth HS Gym,,,L
2026-2027,Basketball,Girls,Sub-Varsity,2027-01-12,16:00,Needham High School,Wellesley High School,Needham High School,Needham High School A Gym,,,L
2026-2027,Basketball,Girls,Sub-Varsity,2027-01-15,15:00,Bishop Feehan High School,Needham High School,Bishop Feehan High School,Bishop Feehan High School McIntyre Gymnasium,,,N
2026-2027,Basketball,Girls,Sub-Varsity,2027-01-19,15:45,Needham High School,Walpole High School,Walpole High School,Walpole High School Gym,,,L
2026-2027,Basketball,Girls,Sub-Varsity,2027-01-29,16:00,Needham High School,Weymouth High School,Needham High School,Needham High School A Gym,,,L
2026-2027,Basketball,Girls,Sub-Varsity,2027-02-12,16:00,Needham High School,Westwood High School,Needham High School,Needham High School A Gym,,,L
2026-2027,Basketball,Girls,Varsity,2026-12-08,17:30,Needham High School,Notre Dame Academy - Hing,Needham High School,Needham High School A Gym,,,Normal
2026-2027,Basketball,Girls,Varsity,2026-12-11,18:00,Arlington Catholic High School,Needham High School,Needham High School,Needham High School A Gym,,,Normal
2026-2027,Basketball,Girls,Varsity,2026-12-15,18:30,Needham High School,Walpole High School,Needham High School,Needham High School A Gym,,,Normal
2026-2027,Basketball,Girls,Varsity,2026-12-28,15:30,Needham High School,Somerville High School,Somerville High School,Winchester HS Gym,,,Normal
2026-2027,Basketball,Girls,Varsity,2026-12-28,TBA,Bob Bigelow Holiday Classic,Needham High School,,,,,None
2026-2027,Basketball,Girls,Varsity,2027-01-05,18:30,Needham High School,Weymouth High School,Weymouth High School,Weymouth HS Gym,,,Normal
2026-2027,Basketball,Girls,Varsity,2027-01-12,18:30,Needham High School,Wellesley High School,Needham High School,Needham High School A Gym,,,Normal
2026-2027,Basketball,Girls,Varsity,2027-01-15,18:30,Bishop Feehan High School,Needham High School,Bishop Feehan High School,Bishop Feehan High School McIntyre Gymnasium,,,Normal
2026-2027,Basketball,Girls,Varsity,2027-01-19,18:30,Needham High School,Walpole High School,Walpole High School,Walpole High School Gym,,,Normal
2026-2027,Basketball,Girls,Varsity,2027-01-28,18:30,Medfield Senior High School,Needham High School,Needham High School,Needham High School A Gym,,,Normal
2026-2027,Basketball,Girls,Varsity,2027-01-29,18:30,Needham High School,Weymouth High School,Needham High School,Needham High School A Gym,,,Normal
2026-2027,Basketball,Girls,Varsity,2027-02-12,18:30,Needham High School,Westwood School,Needham High School,Needham High School A Gym,,,Normal
2026-2027,Cross Country,Girls,Varsity,2026-09-16,16:00,Needham High School,Weymouth High School with 1 others,Needham High School,Needham - Cutler Park Cutler Park - Needham,,,L
2026-2027,Cross Country,Girls,Varsity,2026-10-07,16:30,Needham High School,Newton North High School,Newton North High School,Newton North High School Cold Springs Park,,,L
2026-2027,Cross Country,Girls,Varsity,2026-10-14,16:00,Needham High School,Walpole High School with 1 others,Walpole High School with 1 others,Walpole High School Multipurpose Turf Field,,,L
2026-2027,Cross Country,Girls,Varsity,2026-10-21,16:00,Needham High School,Wellesley High School,Needham High School,Needham - Cutler Park Cutler Park - Needham,,,L
2026-2027,Cross Country,Boys,Varsity,2026-09-16,16:00,Needham High School,Weymouth High School with 1 others,Needham High School,Needham - Cutler Park Cutler Park - Needham,,,L
2026-2027,Cross Country,Boys,Varsity,2026-10-07,16:30,Needham High School,Newton North High School,Newton North High School,Newton North High School Cold Springs Park,,,L
2026-2027,Cross Country,Boys,Varsity,2026-10-14,16:00,Needham High School,Walpole High School with 1 others,Walpole High School with 1 others,Walpole High School Multipurpose Turf Field,,,L
2026-2027,Cross Country,Boys,Varsity,2026-10-21,16:00,Needham High School,Wellesley High School,Needham High School,Needham - Cutler Park Cutler Park - Needham,,,L
2026-2027,Baseball,Boys,Varsity,2027-04-12,16:00,Needham High School,Weymouth High School,Weymouth High School,Weymouth - Libby Field Baseball Diamond,,,L
2026-2027,Baseball,Boys,Varsity,2027-04-26,16:00,Needham High School,Walpole High School,Walpole High School,Walpole High School Bird Middle School,,,L
2026-2027,Baseball,Boys,Varsity,2027-04-28,16:00,Milton Academy,Needham High School,Milton Academy,Milton Academy Varsity Baseball (Nash Field),,,L
2026-2027,Baseball,Boys,Varsity,2027-05-05,16:00,Needham High School,Wellesley High School,Needham High School,Needham - Memorial Field Field 1,,,L
2026-2027,Baseball,Boys,Varsity,2027-05-12,16:00,Needham High School,Weymouth High School,Needham High School,Needham - Memorial Field Field 1,,,L
2026-2027,Baseball,Boys,Varsity,2027-05-19,16:00,Needham High School,Walpole High School,Needham High School,Needham - Memorial Field Field 1,,,L
2026-2027,Baseball,Boys,Varsity,2027-05-24,16:30,Needham High School,Newton North High School,Newton North High School,Newton North High School Lowell Avenue Field,,,L
2026-2027,Field Hockey,Girls,Sub-Varsity,2026-08-26,18:15,Belmont High School,Needham High School,Belmont High School,Belmont (MA) High School Harris Field,,,S
2026-2027,Field Hockey,Girls,Sub-Varsity,2026-08-28,11:00,Needham High School,North Andover High School,North Andover High School,North Andover High School Upper Turf Field,,,N
2026-2027,Field Hockey,Girls,Sub-Varsity,2026-09-08,17:30,Needham High School,Newton North High School,Newton North High School,Albemarle Field Multipurpose Turf Field,,,N
2026-2027,Field Hockey,Girls,Sub-Varsity,2026-09-09,17:15,Needham High School,Weymouth High School,Needham High School,Needham-Defazio Complex Turf #1 Founders,,,L
2026-2027,Field Hockey,Girls,Sub-Varsity,2026-09-14,17:15,Needham High School,Wellesley High School,Wellesley High School,Wellesley High School Stadium,,,L
2026-2027,Field Hockey,Girls,Sub-Varsity,2026-09-18,17:15,Needham High School,Westwood High School,Westwood High School,Westwood High School Multi-Purpose Field,,,N
2026-2027,Field Hockey,Girls,Sub-Varsity,2026-09-23,16:00,Needham High School,Walpole High School,Walpole High School,Walpole High School Multipurpose Turf Field,,,L
2026-2027,Field Hockey,Girls,Sub-Varsity,2026-09-28,17:45,Needham High School,Norwell High School,Norwell High School,Norwell HS CCC - Stadium,,,N
2026-2027,Field Hockey,Girls,Sub-Varsity,2026-10-05,17:45,Needham High School,Newton North High School,Needham High School,Needham-Defazio Complex Turf #1 Founders,,,L
2026-2027,Field Hockey,Girls,Sub-Varsity,2026-10-14,17:15,Needham High School,Walpole High School,Needham High School,Needham-Defazio Complex Turf #1 Founders,,,L
2026-2027,Field Hockey,Girls,Sub-Varsity,2026-10-23,16:30,Concord-Carlisle High School,Needham High School,Concord-Carlisle High School,Concord Carlisle High School Memorial Stadium Field,,,N
2026-2027,Field Hockey,Girls,Varsity,2026-08-26,17:00,Belmont High School - -,Needham High School,Belmont High School - -,Belmont (MA) High School Harris Field,,,S
2026-2027,Field Hockey,Girls,Varsity,2026-08-28,09:30,Needham High School,North Andover High School,North Andover High School,North Andover High School Upper Turf Field,,,S
2026-2027,Field Hockey,Girls,Varsity,2026-09-08,16:15,Needham High School,Newton North High School,Newton North High School,Albemarle Field Multipurpose Turf Field,Needham High School,1-0,N
2026-2027,Field Hockey,Girls,Varsity,2026-09-09,16:00,Needham High School,Weymouth High School,Needham High School,Needham-Defazio Complex Turf #1 Founders,Needham High School,7-0,L
2026-2027,Field Hockey,Girls,Varsity,2026-09-14,16:00,Needham High School,Wellesley High School,Wellesley High School,Wellesley High School Stadium,Wellesley High School,1-6,L
2026-2027,Field Hockey,Girls,Varsity,2026-09-18,16:00,Needham High School,Westwood High School,Westwood High School,Westwood High School Multi-Purpose Field,Westwood High School,1-2,N
2026-2027,Field Hockey,Girls,Varsity,2026-09-23,17:15,Needham High School,Walpole High School,Walpole High School,Walpole High School Multipurpose Turf Field,Walpole High School,0-5,L
2026-2027,Field Hockey,Girls,Varsity,2026-09-28,16:30,Needham High School,Norwell High School,Norwell High School,Norwell HS CCC - Stadium,,,N
2026-2027,Field Hockey,Girls,Varsity,2026-10-05,16:30,Needham High School,Newton North High School,Needham High School,Needham-Defazio Complex Turf #1 Founders,,,L
2026-2027,Field Hockey,Girls,Varsity,2026-10-09,16:15,Foxborough High School,Needham High School,Needham High School,Needham-Defazio Complex Turf #1 Founders,,,N
2026-2027,Field Hockey,Girls,Varsity,2026-10-14,16:00,Needham High School,Walpole High School,Needham High School,Needham-Defazio Complex Turf #1 Founders,,,L
2026-2027,Field Hockey,Girls,Varsity,2026-10-23,18:00,Concord-Carlisle High School,Needham High School,Concord-Carlisle High School,Concord Carlisle High School Memorial Stadium Field,,,N
2026-2027,Field Hockey,Girls,Sub-Varsity,2026-09-14,16:00,Needham High School,Wellesley High School,Needham High School,Needham-Defazio Complex Turf #1 Founders,,,L
2026-2027,Field Hockey,Girls,Sub-Varsity,2026-09-23,16:00,Needham High School,Walpole High School,Needham High School,Needham-Defazio Complex Turf #1 Founders,,,L
2026-2027,Field Hockey,Girls,Sub-Varsity,2026-10-05,16:30,Needham High School,Newton North High School,Newton North High School,Newton/Waban - Lincoln-Warren Field Field Hockey Field,,,L
2026-2027,Field Hockey,Girls,Sub-Varsity,2026-10-14,16:00,Needham High School,Walpole High School,Walpole High School,Walpole High School Grass Field Hockey Field,,,L
2026-2027,Competitive Cheerleading,Coed,Varsity,2026-09-18,19:00,Lincoln-Sudbury Regional High School,Needham High School,Lincoln-Sudbury Regional High School,Lincoln-Sudbury Regional High School (Sudbury) Stadium Track,,,L
2026-2027,Competitive Cheerleading,Coed,Varsity,2026-10-16,18:00,@ TBA,Needham High School,@ TBA,Braintree High School,,,L
2026-2027,Football,Boys,Sub-Varsity,2026-09-01,16:00,Needham High School,Newton South High School,Needham High School,Needham - Memorial Field HS Turf,,,S
2026-2027,Football,Boys,Sub-Varsity,2026-09-04,17:00,Needham High School,Wayland High School,Wayland High School,Wayland HS Football Grass,,,S
2026-2027,Football,Boys,Sub-Varsity,2026-09-19,10:00,Lincoln-Sudbury Regional High School,Needham High School,Lincoln-Sudbury Regional High School,Lincoln-Sudbury Regional High School (Sudbury) Stadium Field 7,,,N
2026-2027,Football,Boys,Sub-Varsity,2026-09-26,11:00,Needham High School,St. John's Preparatory School - Blue Team,St. John's Preparatory School - Blue Team,St. John's Preparatory School Brother Linus Athletic Commons / Turf 1,,,L
2026-2027,Football,Boys,Sub-Varsity,2026-09-26,12:00,@ TBA,Needham High School,@ TBA,St. John's Preparatory School Brother Linus Athletic Commons / Turf 1,,,N
2026-2027,Football,Boys,Sub-Varsity,2026-10-24,11:00,Needham High School,Weymouth High School,Weymouth High School,Weymouth High School Weymouth High School,,,L
2026-2027,Football,Boys,Sub-Varsity,2026-11-14,12:00,@ TBA,Needham High School,@ TBA,Natick High School Natick High School,,,N
2026-2027,Football,Boys,Sub-Varsity,2026-11-21,11:00,Needham High School,Wellesley High School,Wellesley High School,Wellesley High School Sprague School,,,L
2026-2027,Hockey,Boys,Varsity,2026-12-16,20:00,Needham High School,Walpole High School,Walpole High School,Rodman Arena Rodman Arena - NHL,,,L
2026-2027,Golf,Boys,Varsity,2026-09-08,15:15,Needham High School,Weymouth High School,Weymouth High School,Weymouth High School weathervane,,,L
2026-2027,Golf,Boys,Varsity,2026-09-17,15:30,Needham High School,Newton North High School,Newton North High School,Newton - Brae Burn Country Club Golf Course,Needham High School,215-231,L
2026-2027,Golf,Boys,Varsity,2026-09-22,15:45,Medfield Senior High School,Needham High School,Needham High School,Needham Golf Club Needham Golf Club,Medfield Senior High School,227-235,N
2026-2027,Golf,Boys,Varsity,2026-09-29,15:30,Needham High School,Walpole High School,Needham High School,Needham Golf Club Needham Golf Club,,,L
2026-2027,Golf,Boys,Varsity,2026-09-30,15:30,Needham High School,Walpole High School,Walpole High School,Walpole Country Club Walpole Coutry Club,,,L
2026-2027,Golf,Boys,Varsity,2026-10-01,15:30,Needham High School,Wellesley High School,Wellesley High School,Nehoiden Nehoiden,,,L
2026-2027,Golf,Boys,Varsity,2026-10-05,TBA,Needham High School,Weymouth High School,Needham High School,Needham Golf Club Needham Golf Club,,,L
2026-2027,Golf,Boys,Varsity,2026-10-13,15:30,Needham High School,Wellesley High School,Needham High School,Needham Golf Club Nehoiden,,,N
2026-2027,Football,Boys,Varsity,2026-09-01,16:00,Needham High School,Newton South High School,Needham High School,Needham - Memorial Field HS Turf,,,S
2026-2027,Football,Boys,Varsity,2026-09-04,17:00,Needham High School,Wayland High School,Wayland High School,Wayland HS Stadium Field,,,S
2026-2027,Football,Boys,Varsity,2026-09-18,19:00,Lincoln-Sudbury Regional High School,Needham High School,Lincoln-Sudbury Regional High School,Lincoln-Sudbury Regional High School (Sudbury) Lincoln-Sudbury HS-Sudbury,Lincoln-Sudbury Regional High School,12-7,N
2026-2027,Football,Boys,Varsity,2026-09-25,19:00,Needham High School,St. John's Preparatory School,Needham High School,Needham - Memorial Field HS Turf,St. John's Preparatory School,6-45,N
2026-2027,Football,Boys,Varsity,2026-10-02,18:30,Needham High School,Walpole High School,Walpole High School,Walpole High School Turco Field (turf),,,L
2026-2027,Football,Boys,Varsity,2026-10-23,18:30,Needham High School,Weymouth High School,Needham High School,Needham - Memorial Field HS Turf,,,L
2026-2027,Football,Boys,Varsity,2026-11-26,10:00,Needham High School,Wellesley High School,Needham High School,Needham - Memorial Field HS Turf,,,L
2026-2027,Hockey,Girls,Varsity,2026-12-06,11:00,Martha's Vineyard Regional High School,Needham High School,Martha's Vineyard Regional High School,Martha's Vineyard Ice Arena Martha's Vineyard Ice Arena,,,S
2026-2027,Hockey,Girls,Varsity,2026-12-06,13:00,Martha's Vineyard Regional High School,Needham High School,Martha's Vineyard Regional High School,Martha's Vineyard Ice Arena Martha's Vineyard Ice Arena,,,S
2026-2027,Hockey,Girls,Varsity,2027-01-20,20:00,Needham High School,Walpole High School,Walpole High School,Cadillac Ice Arena - Walpole Olympic Rink,,,L
2026-2027,Hockey,Girls,Varsity,2027-02-15,14:30,Franklin High School,Needham High School,Franklin High School,Franklin Pirelli Arena Franklin Pirelli Arena,,,N
2026-2027,Hockey,Girls,Varsity,2027-02-17,17:00,Needham High School,Norwood High School,Norwood High School,Skating Club of Boston (Norwood) East Rink,,,N
2026-2027,Football,Boys,Sub-Varsity,2026-09-18,16:15,Lincoln-Sudbury Regional High School,Needham High School,Needham High School,Needham - Memorial Field HS Turf,Needham High School,6-32,Normal
2026-2027,Football,Boys,Sub-Varsity,2026-09-26,09:30,Needham High School,St. John's Preparatory School,St. John's Preparatory School,St. John's Preparatory School Cronin Glatz,,,Normal
2026-2027,Football,Boys,Sub-Varsity,2026-10-05,16:00,Needham High School,Walpole High School,Needham High School,Needham - Memorial Field HS Turf,,,Normal
2026-2027,Football,Boys,Sub-Varsity,2026-10-24,09:00,Needham High School,Weymouth High School,Weymouth High School,Weymouth High School Weymouth High School,,,Normal
2026-2027,Football,Boys,Sub-Varsity,2026-11-14,10:00,@ TBA,Needham High School,@ TBA,Natick High School Natick High School,,,Normal
2026-2027,Soccer,Boys,Varsity,2026-08-28,16:00,King Philip Regional High School,Needham High School,Needham High School,Needham-Defazio Complex Turf #2 Brock,,,Normal
2026-2027,Soccer,Boys,Varsity,2026-09-01,16:00,Needham High School,Saint John's High School,Saint John's High School,Saint John's High School Pioneer Field - Main Turf,,,Normal
2026-2027,Soccer,Boys,Varsity,2026-09-05,09:00,Needham High School,TBA,Needham High School,Needham-Defazio Complex Turf #2 Brock,,,Canceled
2026-2027,Soccer,Boys,Varsity,2026-09-05,09:00,Needham High School,TBA,Needham High School,Needham-Defazio Complex Turf #2 Brock,,,Normal
2026-2027,Soccer,Boys,Varsity,2026-09-05,09:00,Needham High School,TBA,Needham High School,Needham-Defazio Complex Turf #2 Brock,,,Normal
2026-2027,Soccer,Boys,Varsity,2026-09-09,16:00,Needham High School,Oliver Ames High School,Oliver Ames High School,Oliver Ames High School Muscato Stadium,Oliver Ames High School,0-4,Normal
2026-2027,Soccer,Boys,Varsity,2026-09-11,16:00,Marshfield High School,Needham High School,Needham High School,Needham-Defazio Complex Turf #2 Brock,Tie,1-1,Normal
2026-2027,Soccer,Boys,Varsity,2026-09-15,17:30,Needham High School,Weymouth High School,Weymouth High School,Weymouth HS Stadium,Needham High School,4-0,Normal
2026-2027,Soccer,Boys,Varsity,2026-09-17,16:00,Needham High School,Wellesley High School,Needham High School,Needham-Defazio Complex Turf #2 Brock,Tie,4-4,Normal
2026-2027,Soccer,Boys,Varsity,2026-09-29,16:00,Needham High School,Walpole High School,Needham High School,Needham-Defazio Complex Turf #2 Brock,,,Normal
2026-2027,Soccer,Boys,Varsity,2026-10-01,16:00,Needham High School,Weymouth High School,Needham High School,Needham-Defazio Complex Turf #2 Brock,,,Normal
2026-2027,Soccer,Boys,Varsity,2026-10-08,16:30,Needham High School,Newton North High School,Newton North High School,Newton North High School Lowell Avenue Field,,,Normal
2026-2027,Soccer,Boys,Varsity,2026-10-13,16:30,Lincoln-Sudbury Regional High School,Needham High School,Lincoln-Sudbury Regional High School,Lincoln-Sudbury Regional High School (Sudbury) Turf #2,,,Normal
2026-2027,Soccer,Boys,Varsity,2026-10-17,16:30,Needham High School,Newton South High School,Needham High School,Needham - Memorial Field HS Turf,,,Normal
2026-2027,Soccer,Boys,Varsity,2026-10-20,18:00,Needham High School,Walpole High School,Walpole High School,Walpole High School Turco Field (turf),,,Normal
2026-2027,Soccer,Boys,Varsity,2026-10-24,09:30,Needham High School,St. John's Preparatory School,Needham High School,Needham-Defazio Complex Turf #2 Brock,,,Normal
2026-2027,Soccer,Girls,Varsity,2026-08-31,10:00,Dedham High School,Needham High School,Needham High School,Needham-Defazio Complex Turf #2 Brock,,,S
2026-2027,Soccer,Girls,Varsity,2026-09-05,08:00,Holliston High School,Needham High School,Holliston High School,Holliston-Marshall Street Complex Field #2,,,S
2026-2027,Soccer,Girls,Varsity,2026-09-11,16:00,Dover-Sherborn High School,Needham High School,Dover-Sherborn High School,Dover-Sherborn HS Nora Searle Field (Turf),Needham High School,1-2,N
2026-2027,Soccer,Girls,Varsity,2026-09-15,16:00,Needham High School,Weymouth High School,Needham High School,Needham-Cricket Field Field #1,Needham High School,6-0,L
2026-2027,Soccer,Girls,Varsity,2026-09-17,18:00,Needham High School,Wellesley High School,Wellesley High School,Wellesley High School Stadium,Wellesley High School,0-3,L
2026-2027,Soccer,Girls,Varsity,2026-09-29,18:00,Needham High School,Walpole High School,Walpole High School,Walpole High School Turco Field (turf),,,L
2026-2027,Soccer,Girls,Varsity,2026-10-01,17:30,Needham High School,Weymouth High School,Weymouth High School,Weymouth High School Turf,,,L
2026-2027,Soccer,Girls,Varsity,2026-10-08,16:30,Needham High School,Newton North High School - Newton North,Needham High School,Needham-Cricket Field Field #1,,,L
2026-2027,Soccer,Girls,Varsity,2026-10-10,11:00,Needham High School,Westwood High School,Westwood High School,Westwood High School Flahive Field,,,N
2026-2027,Soccer,Girls,Varsity,2026-10-17,18:30,Needham High School,Newton South High School,Needham High School,Needham - Memorial Field HS Turf,,,N
2026-2027,Soccer,Girls,Varsity,2026-10-20,16:00,Needham High School,Walpole High School,Needham High School,Needham-Cricket Field Field #1,,,L
2026-2027,Soccer,Girls,Varsity,2026-10-31,10:00,Lincoln-Sudbury Regional High School,Needham High School,Lincoln-Sudbury Regional High School,Lincoln-Sudbury Regional High School (Sudbury) Turf #2,,,L
2026-2027,Soccer,Boys,Sub-Varsity,2026-08-28,16:00,King Philip Regional High School,Needham High School,Needham High School,Needham-Defazio Complex Conroy Grass,,,S
2026-2027,Soccer,Boys,Sub-Varsity,2026-09-01,16:00,Needham High School,Saint John's High School,Saint John's High School,Saint John's High School Pioneer Field - Soccer Grass Field,,,S
2026-2027,Soccer,Boys,Sub-Varsity,2026-09-09,16:00,Needham High School,Oliver Ames High School,Oliver Ames High School,Oliver Ames High School Wall Field,,,N
2026-2027,Soccer,Boys,Sub-Varsity,2026-09-11,16:00,Marshfield High School,Needham High School,Needham High School,Needham-Defazio Complex Conroy Grass,,,L
2026-2027,Soccer,Boys,Sub-Varsity,2026-09-15,16:00,Needham High School,Weymouth High School,Weymouth High School,Weymouth HS #2,,,L
2026-2027,Soccer,Boys,Sub-Varsity,2026-09-17,16:00,Needham High School,Wellesley High School,Needham High School,Needham-Defazio Complex Conroy Grass,,,L
2026-2027,Soccer,Boys,Sub-Varsity,2026-09-24,16:00,Milton High School,Needham High School,Milton High School,Milton High School Gile Grass (MHS),,,L
2026-2027,Soccer,Boys,Sub-Varsity,2026-09-29,16:00,Needham High School,Walpole High School,Needham High School,Needham-Defazio Complex Conroy Grass,,,L
2026-2027,Soccer,Boys,Sub-Varsity,2026-10-01,16:00,Needham High School,Weymouth High School,Needham High School,Needham-Defazio Complex Conroy Grass,,,L
2026-2027,Soccer,Boys,Sub-Varsity,2026-10-06,16:00,Braintree High School,Needham High School,Braintree High School,Braintree High School JV Field,,,L
2026-2027,Soccer,Boys,Sub-Varsity,2026-10-08,16:00,Needham High School,Newton North High School,Newton North High School,Newton - Warren Fields #1,,,L
2026-2027,Soccer,Boys,Sub-Varsity,2026-10-13,16:30,Lincoln-Sudbury Regional High School,Needham High School,Lincoln-Sudbury Regional High School,Lincoln-Sudbury Regional High School (Sudbury) Grass Field 2,,,L
2026-2027,Soccer,Boys,Sub-Varsity,2026-10-15,16:00,Brookline High School,Needham High School,Needham High School,Needham-Defazio Complex Conroy Grass,,,L
2026-2027,Soccer,Boys,Sub-Varsity,2026-10-20,16:30,Needham High School,Walpole High School,Walpole High School,Walpole High School Bird Middle School,,,L
2026-2027,Soccer,Boys,Sub-Varsity,2026-10-22,16:00,Milton High School,Needham High School,Needham High School,Needham-Defazio Complex Conroy Grass,,,L
2026-2027,Soccer,Boys,Sub-Varsity,2026-10-27,16:00,Braintree High School,Needham High School,Needham High School,Needham-Defazio Complex Conroy Grass,,,L
2026-2027,Soccer,Boys,Sub-Varsity,2026-10-29,16:00,Framingham High School,Needham High School,Framingham High School,Framingham High School Winch Field,,,L
2026-2027,Soccer,Boys,Sub-Varsity,2026-11-02,16:00,Natick High School,Needham High School,Needham High School,Needham-Defazio Complex Conroy Grass,,,L
2026-2027,Soccer,Girls,Sub-Varsity,2026-08-31,10:00,Needham High School,TBA,Needham High School,Needham-Defazio Complex Turf #1 Founders,,,Canceled
2026-2027,Soccer,Girls,Sub-Varsity,2026-09-11,16:00,Dover-Sherborn High School,Needham High School,Dover-Sherborn High School,Dover-Sherborn HS Farm Street Field,,,Normal
2026-2027,Soccer,Girls,Sub-Varsity,2026-09-15,16:15,Needham High School,Weymouth High School,Needham High School,Needham-Cricket Field Field #1,,,Normal
2026-2027,Soccer,Girls,Sub-Varsity,2026-09-17,16:00,Needham High School,Wellesley High School,Wellesley High School,Wellesley High School Hunnewell JV Field,,,Normal
2026-2027,Soccer,Girls,Sub-Varsity,2026-09-29,16:30,Needham High School,Walpole High School,Walpole High School,Walpole Middle School Varsity Baseball Field,,,Normal
2026-2027,Soccer,Girls,Sub-Varsity,2026-10-01,16:00,Needham High School,Weymouth High School,Weymouth High School,Weymouth HS Stadium,,,Normal
2026-2027,Soccer,Girls,Sub-Varsity,2026-10-08,16:30,Needham High School,Newton North High School,Needham High School,Needham-Cricket Field Field #1,,,Normal
2026-2027,Soccer,Girls,Sub-Varsity,2026-10-20,16:15,Needham High School,Walpole High School,Needham High School,Needham-Cricket Field Field #1,,,Normal
2026-2027,Soccer,Boys,Sub-Varsity,2026-08-28,16:00,King Philip Regional High School,Needham High School,Needham High School,Needham-Defazio Complex Conroy Grass,,,S
2026-2027,Soccer,Boys,Sub-Varsity,2026-09-09,16:00,Needham High School,Oliver Ames High School,Oliver Ames High School,Oliver Ames High School JV Baseball Field,,,N
2026-2027,Soccer,Boys,Sub-Varsity,2026-09-11,16:00,Needham High School,Weymouth High School,Needham High School,Needham-High Rock Field Grass Field,Needham High School,3-0,L
2026-2027,Soccer,Boys,Sub-Varsity,2026-09-14,16:00,Needham High School,Wellesley High School,Wellesley High School,Wellesley High School Freshmen Field,,,L
2026-2027,Soccer,Boys,Sub-Varsity,2026-09-23,16:15,Dover-Sherborn High School,Needham High School,Needham High School,Needham-High Rock Field Grass Field,,,N
2026-2027,Soccer,Boys,Sub-Varsity,2026-09-25,16:00,Needham High School,Walpole High School,Walpole High School,Walpole Middle School Soccer Field,,,L
2026-2027,Soccer,Boys,Sub-Varsity,2026-09-28,16:00,Needham High School,Weymouth High School,Weymouth High School,Weymouth Lovell Field Field 1,,,L
2026-2027,Soccer,Boys,Sub-Varsity,2026-10-05,16:00,Needham High School,Newton North High School,Needham High School,Needham-High Rock Field Grass Field,,,L
2026-2027,Soccer,Boys,Sub-Varsity,2026-10-16,16:00,Needham High School,Walpole High School,Needham High School,Needham-High Rock Field Grass Field,,,L
2026-2027,Soccer,Boys,Sub-Varsity,2026-10-21,16:15,Lincoln-Sudbury Regional High School,Needham High School,Needham High School,Needham-High Rock Field Grass Field,,,L
2026-2027,Soccer,Boys,Sub-Varsity,2026-10-28,16:30,Needham High School,Newton North High School,Newton North High School,Newton - Warren Fields #1,,,N
2026-2027,Swimming & Diving,Girls,Varsity,2026-09-18,16:30,Braintree High School,Needham High School,Needham High School,Babson College Morse Swimming Pool,Needham High School,61-100,L
2026-2027,Swimming & Diving,Girls,Varsity,2026-09-22,19:45,Needham High School,Walpole High School,Walpole High School,Westwood High School Swimming Pool,Needham High School,96-40,L
2026-2027,Swimming & Diving,Girls,Varsity,2026-09-29,19:30,Acton-Boxborough,Needham High School,Needham High School,Babson College Morse Swimming Pool,,,L
2026-2027,Swimming & Diving,Girls,Varsity,2026-10-02,16:30,Needham High School,Newton North High School,Newton North High School,Newton North High School Swimming Pool,,,L
2026-2027,Swimming & Diving,Girls,Varsity,2026-10-16,16:00,Needham High School,Weymouth High School,Weymouth High School,Connell Rink - Weymouth MDC pool,,,L
2026-2027,Swimming & Diving,Girls,Varsity,2026-10-29,18:00,Needham High School,Wellesley High School,Wellesley High School,Boston Sports Institute Boston Sports Instititute,,,L
2026-2027,Soccer,Girls,Sub-Varsity,2026-09-11,16:00,Needham High School,Weymouth High School,Weymouth High School,Weymouth Lovell Field Field 1,,,L
2026-2027,Soccer,Girls,Sub-Varsity,2026-09-14,16:00,Needham High School,Wellesley High School,Needham High School,Needham-Cricket Field Field #1,,,L
2026-2027,Soccer,Girls,Sub-Varsity,2026-09-23,16:00,Needham High School,Walpole High School,Needham High School,Needham-Cricket Field Field #1,,,L
2026-2027,Soccer,Girls,Sub-Varsity,2026-09-28,16:00,Needham High School,Weymouth High School,Needham High School,Needham-Cricket Field Field #2,,,L
2026-2027,Soccer,Girls,Sub-Varsity,2026-10-05,16:30,Needham High School,Newton North High School,Newton North High School,Cold Springs Park (Newton) <BLANK>,,,L
2026-2027,Soccer,Girls,Sub-Varsity,2026-10-16,16:00,Needham High School,Walpole High School,Walpole High School,Walpole Middle School Soccer Field,,,L
2026-2027,Soccer,Girls,Sub-Varsity,2026-10-21,16:15,Lincoln-Sudbury Regional High School,Needham High School,Needham High School,Needham-Cricket Field Field #2,,,L
2026-2027,Volleyball,Girls,Sub-Varsity,2026-09-03,15:45,King Philip Regional High School,Needham High School,Needham High School,Needham High School A Gym,,,S
2026-2027,Volleyball,Girls,Sub-Varsity,2026-09-08,16:00,Needham High School,Weymouth High School,Weymouth High School,Weymouth HS Gym,,,L
2026-2027,Volleyball,Girls,Sub-Varsity,2026-09-15,17:30,Needham High School,Wellesley High School,Wellesley High School,Wellesley High School Gym,,,L
2026-2027,Volleyball,Girls,Sub-Varsity,2026-09-23,17:30,Needham High School,Walpole High School,Walpole High School,Walpole High School Fieldhouse,,,L
2026-2027,Volleyball,Girls,Sub-Varsity,2026-09-25,16:00,Needham High School,Winchester High School,Winchester High School,Winchester HS Gym,,,N
2026-2027,Volleyball,Girls,Sub-Varsity,2026-09-29,16:00,Needham High School,Weymouth High School,Needham High School,Needham High School A Gym,,,L
2026-2027,Volleyball,Girls,Sub-Varsity,2026-10-02,18:00,Lincoln-Sudbury Regional High School,Needham High School,Needham High School,Needham High School A Gym,,,L
2026-2027,Volleyball,Girls,Sub-Varsity,2026-10-06,18:00,Needham High School,Newton North High School,Needham High School,Needham High School A Gym,,,L
2026-2027,Volleyball,Girls,Sub-Varsity,2026-10-15,17:30,Needham High School,Walpole High School,Needham High School,Needham High School A Gym,,,L
2026-2027,Volleyball,Girls,Sub-Varsity,2026-10-16,17:00,Needham High School,Newton South High School,Newton South High School,Newton South High School Field House,,,N
2026-2027,Volleyball,Girls,Varsity,2026-09-03,17:15,King Philip Regional High School,Needham High School,Needham High School,Needham High School A Gym,,,L
2026-2027,Volleyball,Girls,Varsity,2026-09-08,17:30,Needham High School,Weymouth High School,Weymouth High School,Weymouth HS Gym,Needham High School,3-0,L
2026-2027,Volleyball,Girls,Varsity,2026-09-15,16:00,Needham High School,Wellesley High School,Wellesley High School,Wellesley High School Gym,Needham High School,3-2,L
2026-2027,Volleyball,Girls,Varsity,2026-09-23,16:00,Needham High School,Walpole High School,Walpole High School,Walpole High School Fieldhouse,Needham High School,3-0,L
2026-2027,Volleyball,Girls,Varsity,2026-09-25,17:30,Needham High School,Winchester High School,Winchester High School,Winchester HS Gym,,,N
2026-2027,Volleyball,Girls,Varsity,2026-09-29,17:30,Needham High School,Weymouth High School,Needham High School,Needham High School A Gym,,,L
2026-2027,Volleyball,Girls,Varsity,2026-10-02,16:30,Lincoln-Sudbury Regional High School,Needham High School,Needham High School,Needham High School A Gym,,,L
2026-2027,Volleyball,Girls,Varsity,2026-10-06,16:30,Needham High School,Newton North High School - Newton North,Needham High School,Needham High School A Gym,,,L
2026-2027,Volleyball,Girls,Varsity,2026-10-15,16:00,Needham High School,Walpole High School,Needham High School,Needham High School A Gym,,,L
2026-2027,Volleyball,Girls,Varsity,2026-10-16,18:30,Needham High School,Newton South High School,Newton South High School,Newton South High School Field House,,,N
2026-2027,Volleyball,Girls,Varsity,2026-10-23,16:30,Needham High School,Newton North High School - Newton North,Newton North High School - Newton North,Newton North High School Reggie Gym,,,N
2026-2027,Volleyball,Girls,Varsity,2026-10-26,18:00,Chelmsford High School,Needham High School,Chelmsford High School,Chelmsford High School Graniteville Rd.Field #2 (grass),,,N
2026-2027,Volleyball,Girls,Sub-Varsity,2026-09-03,15:45,King Philip Regional High School,Needham High School,Needham High School,Needham High School B Gym,,,S
2026-2027,Volleyball,Girls,Sub-Varsity,2026-09-08,16:00,Needham High School,Weymouth High School,Needham High School,Weymouth High School Gymnasium,,,L
2026-2027,Volleyball,Girls,Sub-Varsity,2026-09-15,17:30,Needham High School,Wellesley High School,Wellesley High School,Wellesley High School Gym,,,L
2026-2027,Volleyball,Girls,Sub-Varsity,2026-09-23,17:30,Needham High School,Walpole High School,Walpole High School,Walpole High School Fieldhouse,,,L
2026-2027,Volleyball,Girls,Sub-Varsity,2026-09-25,16:00,Needham High School,Winchester High School,Winchester High School,Winchester HS Gym- Wall Court,,,N
2026-2027,Volleyball,Girls,Sub-Varsity,2026-09-29,16:00,Needham High School,Weymouth High School,Needham High School,Needham High School B Gym,,,L
2026-2027,Volleyball,Girls,Sub-Varsity,2026-10-02,18:00,Lincoln-Sudbury Regional High School,Needham High School,Needham High School,Needham High School B Gym,,,L
2026-2027,Volleyball,Girls,Sub-Varsity,2026-10-06,18:00,Needham High School,Newton North High School,Needham High School,Needham High School B Gym,,,L
2026-2027,Volleyball,Girls,Sub-Varsity,2026-10-15,17:30,Needham High School,Walpole High School,Needham High School,Needham High School B Gym,,,L
2026-2027,Baseball,Boys,Sub-Varsity,2027-03-29,16:30,Newton North High School,Walpole High School,Newton North High School,Newton/Waban - Lincoln-Warren Field Baseball Field,,,L
2026-2027,Baseball,Boys,Sub-Varsity,2027-04-26,15:45,Newton North High School,Wellesley High School,Wellesley High School,Wellesley High School Baseball Field,,,L
2026-2027,Baseball,Boys,Sub-Varsity,2027-05-03,15:45,Newton North High School,Weymouth High School,Weymouth High School,Weymouth High School brad hawes field,,,L
2026-2027,Baseball,Boys,Sub-Varsity,2027-05-19,16:30,Newton North High School,Wellesley High School,Newton North High School,Newton/Waban - Lincoln-Warren Field Baseball Field,,,L
2026-2027,Basketball,Boys,Varsity,2026-12-05,12:00,Lexington High School with 2 others,Newton North High School,Lexington High School with 2 others,Lexington High School LHS Gymnasium,,,S
2026-2027,Basketball,Boys,Varsity,2027-01-10,13:00,Beverly High School,Newton North High School,Beverly High School,Beverly HS Gym,,,N
2026-2027,Basketball,Boys,Varsity,2027-02-02,18:30,Newton North High School,Weymouth High School,Weymouth High School,Weymouth High School Gymnasium,,,L
2026-2027,Basketball,Boys,Varsity,2027-02-07,11:30,Boston College High School,Newton North High School,Boston College High School,BC High School Gym 1,,,L
2026-2027,Basketball,Boys,Varsity,2027-02-09,18:30,Newton North High School,Walpole High School,Walpole High School,Walpole High School Gym,,,L
2026-2027,Basketball,Boys,Sub-Varsity,2027-01-10,11:30,Beverly High School,Newton North High School,Beverly High School,Beverly HS Gym,,,N
2026-2027,Basketball,Boys,Sub-Varsity,2027-02-02,17:15,Newton North High School,Weymouth High School,Weymouth High School,Weymouth High School Gymnasium,,,L
2026-2027,Basketball,Boys,Sub-Varsity,2027-02-09,17:15,Newton North High School,Walpole High School,Walpole High School,Walpole High School Fieldhouse,,,L
2026-2027,Basketball,Boys,Sub-Varsity,2027-01-10,10:00,Beverly High School,Newton North High School,Beverly High School,Beverly HS Gym,,,N
2026-2027,Basketball,Boys,Sub-Varsity,2027-02-09,15:45,Newton North High School,Walpole High School,Walpole High School,Walpole High School Gym,,,L
2026-2027,Basketball,Coed,Unified,2026-09-22,15:30,Newton North High School,Newton South High School,Newton North High School,Newton North High School Reggie Gym,,,Normal
2026-2027,Basketball,Coed,Unified,2026-11-10,TBA,Newton North High School,Redhawk Round-Up,,TBA,,,
2026-2027,Baseball,Boys,Varsity,2027-03-29,16:30,Newton North High School,Walpole High School,Newton North High School,Newton North High School Lowell Avenue Field,,,L
2026-2027,Baseball,Boys,Varsity,2027-04-26,16:00,Newton North High School,Wellesley High School,Wellesley High School,Wellesley- Sprague Baseball Field,,,L
2026-2027,Baseball,Boys,Varsity,2027-05-03,16:00,Newton North High School,Weymouth High School,Weymouth High School,Weymouth - Libby Field Baseball Diamond,,,L
2026-2027,Baseball,Boys,Varsity,2027-05-19,16:30,Newton North High School,Wellesley High School,Newton North High School,Newton North High School Lowell Avenue Field,,,L
2026-2027,Basketball,Girls,Varsity,2026-12-15,18:30,Framingham High School,Newton North High School,Framingham High School,Framingham High School Gym,,,L
2026-2027,Basketball,Girls,Varsity,2026-12-18,18:30,Brookline High School,Newton North High School,Brookline High School,Brookline High School Schluntz Gym,,,L
2026-2027,Basketball,Girls,Varsity,2027-01-05,18:30,Natick High School,Newton North High School,Natick High School,Natick High School Gym,,,L
2026-2027,Basketball,Girls,Varsity,2027-01-12,18:30,Milton High School,Newton North High School,Milton High School,Milton High School Copeland Field House,,,L
2026-2027,Basketball,Girls,Varsity,2027-01-22,18:30,Braintree High School,Newton North High School,Braintree High School,Braintree High School Herget Gymnasium,,,L
2026-2027,Basketball,Girls,Varsity,2027-02-05,18:30,Newton North High School,Wellesley High School,Wellesley High School,Wellesley High School Gym,,,L
2026-2027,Basketball,Girls,Sub-Varsity,2027-02-05,15:45,Newton North High School,Wellesley High School,Wellesley High School,Sprague School Sprague School,,,L
2026-2027,Basketball,Girls,Sub-Varsity,2027-02-05,17:15,Newton North High School,Wellesley High School,Wellesley High School,Wellesley High School Gym,,,L
2026-2027,Cross Country,Boys,Varsity,2026-09-16,16:30,Newton North High School,Wellesley High School,Newton North High School,Newton North High School Cold Springs Park,Newton North High School,21-36,L
2026-2027,Cross Country,Boys,Varsity,2026-09-23,16:00,Milton High School with 1 others,Newton North High School,Milton High School with 1 others,Houghton's Pond XC Course,,,L
2026-2027,Cross Country,Boys,Varsity,2026-10-31,12:00,@ TBA,Newton North High School,@ TBA,Fulton High School,,,L
2026-2027,Cross Country,Boys,Sub-Varsity,2026-09-09,15:45,Natick High School with 1 others,Newton North High School,Natick High School with 1 others,Natick High School Elm Bank Reservation,,,L
2026-2027,Cross Country,Girls,Sub-Varsity,2026-09-09,15:45,Natick High School with 1 others,Newton North High School,Natick High School with 1 others,Natick High School Elm Bank Reservation,,,L
2026-2027,Cross Country,Girls,Varsity,2026-09-16,16:30,Newton North High School,Wellesley High School,Newton North High School,Newton North High School Cold Springs Park,Newton North High School,20-42,L
2026-2027,Cross Country,Girls,Varsity,2026-09-23,16:00,Milton High School with 1 others,Newton North High School,Milton High School with 1 others,Houghton's Pond XC Course,,,L
2026-2027,Cross Country,Girls,Varsity,2026-10-31,12:00,@ TBA,Newton North High School,@ TBA,Wrentham Development Center Cross Country,,,L
2026-2027,Field Hockey,Girls,Sub-Varsity,2026-09-01,18:00,Chelmsford High School - JV Girls Field Hockey,Newton North High School,Newton North High School,Albemarle Field Albemarle Field,,,S
2026-2027,Field Hockey,Girls,Sub-Varsity,2026-09-05,11:30,Nashoba Regional,Newton North High School,Nashoba Regional,Nashoba Regional HS Stadium Turf Field,,,S
2026-2027,Field Hockey,Girls,Sub-Varsity,2026-09-09,17:45,Newton North High School,Wellesley High School,Wellesley High School,Wellesley High School Stadium,,,L
2026-2027,Field Hockey,Girls,Sub-Varsity,2026-10-03,12:30,Newton North High School,Waltham High School,Waltham High School,Waltham HS New WHS Field (Back Field),,,N
2026-2027,Field Hockey,Girls,Sub-Varsity,2026-10-07,17:45,Newton North High School,Wellesley High School,Newton North High School,Albemarle Field Multipurpose Turf Field,,,L
2026-2027,Field Hockey,Girls,Sub-Varsity,2026-10-09,18:00,Newton North High School,Newton South High School,Newton South High School,Newton South High School Brandeis Turf Field,,,N
2026-2027,Field Hockey,Girls,Sub-Varsity,2026-10-14,16:30,Newton North High School,Weymouth High School,Newton North High School,Newton North High School Dickinson Stadium,,,L
2026-2027,Field Hockey,Girls,Sub-Varsity,2026-10-17,12:30,Arlington High School,Newton North High School,Newton North High School,Newton North High School Dickinson Stadium,,,N
2026-2027,Field Hockey,Girls,Sub-Varsity,2026-10-28,17:45,Newton North High School,Walpole High School,Walpole High School,Walpole High School Multipurpose Turf Field,,,L
2026-2027,Field Hockey,Girls,Sub-Varsity,2026-10-31,12:15,Newton North High School,Newton South High School,Newton North High School,Albemarle Field Multipurpose Turf Field,,,N
2026-2027,Field Hockey,Girls,Varsity,2026-09-01,16:30,Chelmsford High School,Newton North High School,Newton North High School,Albemarle Field Multipurpose Turf Field,,,S
2026-2027,Field Hockey,Girls,Varsity,2026-09-05,10:00,Nashoba Regional,Newton North High School,Nashoba Regional,Nashoba Regional HS Stadium Turf Field,,,S
2026-2027,Field Hockey,Girls,Varsity,2026-09-09,16:30,Newton North High School,Wellesley High School,Wellesley High School,Wellesley High School Stadium,Wellesley High School,1-2,L
2026-2027,Field Hockey,Girls,Varsity,2026-10-03,10:30,Newton North High School,Waltham High School,Waltham High School,Waltham HS New WHS Field (Back Field),,,N
2026-2027,Field Hockey,Girls,Varsity,2026-10-07,16:45,Newton North High School,Wellesley High School,Newton North High School,Albemarle Field Multipurpose Turf Field,,,L
2026-2027,Field Hockey,Girls,Varsity,2026-10-09,16:30,Newton North High School,Newton South High School,Newton South High School,Newton South High School Brandeis Turf Field,,,N
2026-2027,Field Hockey,Girls,Varsity,2026-10-14,17:45,Newton North High School,Weymouth High School,Newton North High School,Newton North High School Dickinson Stadium,,,L
2026-2027,Field Hockey,Girls,Varsity,2026-10-17,13:30,Arlington High School,Newton North High School,Newton North High School,Newton North High School Dickinson Stadium,,,N
2026-2027,Field Hockey,Girls,Varsity,2026-10-26,16:45,Natick High School,Newton North High School,Newton North High School,Albemarle Field Multipurpose Turf Field,,,L
2026-2027,Field Hockey,Girls,Varsity,2026-10-28,16:30,Newton North High School,Walpole High School,Walpole High School,Walpole High School Multipurpose Turf Field,,,L
2026-2027,Field Hockey,Girls,Varsity,2026-10-31,13:00,Newton North High School,Newton South High School,Newton North High School,Albemarle Field Multipurpose Turf Field,,,N
2026-2027,Football,Boys,Sub-Varsity,2026-09-14,17:00,Newton North High School,Waltham High School,Newton North High School,Newton Highlands (Whitmore Field) Howard Whitmore Field,,,N
2026-2027,Football,Boys,Sub-Varsity,2026-09-19,10:00,Newton North High School,Newton South High School,Newton South High School,Newton South High School Brandeis Turf Field,Newton North High School,10-7,N
2026-2027,Football,Boys,Sub-Varsity,2026-09-26,12:00,Newton North High School,Weymouth High School,Weymouth High School,Weymouth HS Stadium,,,L
2026-2027,Football,Boys,Sub-Varsity,2026-10-17,10:30,Newton North High School,Wellesley High School,Newton North High School,Newton North High School Dickinson Stadium,,,L
2026-2027,Football,Boys,Sub-Varsity,2026-10-24,10:30,Cumberland HS,Newton North High School,Newton North High School,Newton North High School Dickinson Stadium,,,L
2026-2027,Football,Boys,Varsity,2026-09-01,18:00,Lincoln-Sudbury Regional High School,Newton North High School,Newton North High School,Newton North High School Dickinson Stadium,,,S
2026-2027,Football,Boys,Varsity,2026-09-04,18:00,Grafton High School,Newton North High School,Grafton High School,Grafton High School Stadium Turf Field,,,S
2026-2027,Football,Boys,Varsity,2026-09-10,18:00,Newton North High School,Waltham High School,Waltham High School,Waltham - Leary Field,Newton North High School,28-14,N
2026-2027,Football,Boys,Varsity,2026-09-18,18:00,Newton North High School,Newton South High School,Newton North High School,Newton North High School Dickinson Stadium,Newton North High School,20-14,L
2026-2027,Football,Boys,Varsity,2026-09-25,16:30,Newton North High School,Weymouth High School,Newton North High School,Newton North High School Dickinson Stadium,,,L
2026-2027,Football,Boys,Varsity,2026-10-16,18:00,Newton North High School,Wellesley High School,Wellesley High School,Wellesley High School Stadium,,,L
2026-2027,Football,Boys,Varsity,2026-10-23,18:00,@ TBA,Newton North High School,@ TBA,TBA,,,N
2026-2027,Field Hockey,Girls,Sub-Varsity,2026-09-09,16:30,Newton North High School,Wellesley High School,Newton North High School,Newton/Waban - Lincoln-Warren Field Field Hockey Field,,,Normal
2026-2027,Field Hockey,Girls,Sub-Varsity,2026-09-17,16:30,Concord-Carlisle High School,Newton North High School,Newton North High School,Newton/Waban - Lincoln-Warren Field Field Hockey Field,Concord-Carlisle High School,3-0,Normal
2026-2027,Field Hockey,Girls,Sub-Varsity,2026-09-28,16:30,@ TBA,Newton North High School,@ TBA,Framingham High School Multipurpose Turf Field,,,Canceled
2026-2027,Field Hockey,Girls,Sub-Varsity,2026-10-07,16:30,Newton North High School,Wellesley High School,Wellesley High School,Sprague Turf Complex Turf Field 3,,,Normal
2026-2027,Field Hockey,Girls,Sub-Varsity,2026-10-15,16:30,Concord-Carlisle High School,Newton North High School,Concord-Carlisle High School,Concord Carlisle High School CC Lower Grass,,,Normal
2026-2027,Field Hockey,Girls,Sub-Varsity,2026-10-19,16:30,Newton North High School,TBA,Newton North High School,Albemarle Field Multipurpose Turf Field,,,Normal
2026-2027,Field Hockey,Girls,Sub-Varsity,2026-10-28,16:30,Newton North High School,Walpole High School,Newton North High School,Albemarle Field Multipurpose Turf Field,,,Normal
2026-2027,Football,Boys,Sub-Varsity,2026-09-10,17:00,Ashland High School,Newton North High School,Newton North High School,Newton Highlands (Whitmore Field) Howard Whitmore Field,,,N
2026-2027,Football,Boys,Sub-Varsity,2026-09-28,16:30,Newton North High School,Weymouth High School,Weymouth High School,Weymouth HS Stadium,,,L
2026-2027,Football,Boys,Sub-Varsity,2026-10-01,16:30,Newton North High School,Wayland High School,Wayland High School,Wayland HS Football Grass,,,N
2026-2027,Football,Boys,Sub-Varsity,2026-10-03,09:30,@ TBA,Newton North High School,@ TBA,Framingham High School Read Field,,,L
2026-2027,Football,Boys,Sub-Varsity,2026-10-17,09:00,Newton North High School,Westwood High School,Newton North High School,Newton North High School Dickinson Stadium,,,N
2026-2027,Golf,Boys,Sub-Varsity,2026-09-14,15:30,Newton North High School,Wellesley High School,Newton North High School,Newton North High School Newton Commonwealth GC,,,L
2026-2027,Golf,Boys,Sub-Varsity,2026-09-15,15:30,Newton North High School,Newton South High School,Newton North High School,Newton North High School Newton Commonwealth GC,,,L
2026-2027,Golf,Boys,Sub-Varsity,2026-10-06,15:30,Newton North High School,Newton South High School,Newton North High School,Newton North High School Newton Commonwealth GC,,,L
2026-2027,Golf,Boys,Sub-Varsity,2026-10-08,TBA,Newton North High School,Wellesley High School,Wellesley High School,Wellesley High School Nehoiden Golf Club,,,L
2026-2027,Golf,Boys,Varsity,2026-09-01,15:15,Brockton High School,Newton North High School,Newton North High School,Newton - Brae Burn Country Club Golf Course,Newton North High School,120-25,Normal
2026-2027,Golf,Boys,Varsity,2026-09-02,15:30,Newton North High School,Wellesley High School,Newton North High School,Newton - Brae Burn Country Club Golf Course,Wellesley High School,245-205,Normal
2026-2027,Golf,Boys,Varsity,2026-09-03,15:30,Newton North High School,Walpole High School,Walpole High School,Walpole Country Club Walpole Coutry Club,Walpole High School,271-238,Normal
2026-2027,Golf,Boys,Varsity,2026-09-16,TBA,Newton North High School,Weymouth High School,Newton North High School,Newton - Brae Burn Country Club Golf Course,,,Postponed
2026-2027,Golf,Boys,Varsity,2026-09-24,15:30,Newton North High School,Wellesley High School,Wellesley High School,Nehoiden Nehoiden,Wellesley High School,252-227,Normal
2026-2027,Golf,Boys,Varsity,2026-09-29,14:30,Newton North High School,Newton South High School,Newton South High School,Newton Commonwealth Golf Club Newton Commonwealth Golf Club,,,Normal
2026-2027,Golf,Boys,Varsity,2026-09-30,15:30,Newton North High School,Watertown High School,Newton North High School,Patriot Golf Course Golf Course,,,Normal
2026-2027,Golf,Boys,Varsity,2026-10-01,15:30,Catholic Memorial Middle/High School,Newton North High School,Catholic Memorial Middle/High School,Catholic Memorial HS/MS George Wright CC,,,Normal
2026-2027,Golf,Boys,Varsity,2026-10-05,10:00,Newton North High School,TBA,Newton North High School,TBA tba,,,Normal
2026-2027,Golf,Boys,Varsity,2026-10-13,TBA,Newton North High School,Weymouth High School,Weymouth High School,Weymouth High School weathervane,,,Normal
2026-2027,Golf,Boys,Varsity,2026-10-14,11:00,Brockton High School with 4 others,Newton North High School,Brockton High School with 4 others,Brockton High School THORNY LEA GOLF CLUB,,,Normal
2026-2027,Hockey,Boys,Varsity,2026-12-12,18:50,Newton North High School,Walpole High School,Walpole High School,Rodman Arena Rodman Arena - NHL,,,L
2026-2027,Hockey,Girls,Varsity,2026-12-30,17:00,Newton North High School,Waltham High School,Waltham High School,Veterans Rink Waltham Veterans Rink Waltham,,,N
2026-2027,Hockey,Girls,Varsity,2027-02-08,17:00,Belmont High School,Newton North High School,Belmont High School,Belmont-Ice Rink Ice RInk,,,N
2026-2027,Soccer,Boys,Varsity,2026-08-28,16:00,Boston College High School,Newton North High School,Boston College High School,BC High School Soccer Field,,,Normal
2026-2027,Soccer,Boys,Varsity,2026-09-02,16:30,Melrose High School,Newton North High School,Newton North High School,Newton North High School Lowell Avenue Field,,,Normal
2026-2027,Soccer,Boys,Varsity,2026-09-04,16:30,Franklin High School,Newton North High School,Newton North High School,Newton North High School Lowell Avenue Field,,,Normal
2026-2027,Soccer,Boys,Varsity,2026-09-10,16:30,Cambridge Rindge & Latin School,Newton North High School,Newton North High School,Newton North High School Newton North Dickinson Stadium,Tie,2-2,Normal
2026-2027,Soccer,Boys,Varsity,2026-09-15,18:00,Newton North High School,Wellesley High School,Newton North High School,Newton North High School Lowell Avenue Field,Tie,0-0,Normal
2026-2027,Soccer,Boys,Varsity,2026-09-19,19:00,Belmont High School,Newton North High School,Belmont High School,Belmont (MA) High School Harris Field,Belmont High School,2-1,Normal
2026-2027,Soccer,Boys,Varsity,2026-09-29,16:30,Lincoln-Sudbury Regional High School,Newton North High School,Lincoln-Sudbury Regional High School,Lincoln-Sudbury Regional High School (Sudbury) Turf #2,,,Normal
2026-2027,Soccer,Boys,Varsity,2026-10-03,16:30,Newton North High School,Newton South High School,Newton North High School,Newton North High School Lowell Avenue Field,,,Normal
2026-2027,Soccer,Boys,Varsity,2026-10-15,16:00,Newton North High School,Wellesley High School,Wellesley High School,Wellesley High School Stadium,,,Normal
2026-2027,Soccer,Boys,Varsity,2026-10-20,17:30,Newton North High School,Weymouth High School,Weymouth High School,Weymouth HS Stadium,,,Normal
2026-2027,Soccer,Boys,Varsity,2026-10-24,10:00,Newton North High School,Waltham High School,Waltham High School,Waltham - Leary Field,,,Normal
2026-2027,Soccer,Boys,Varsity,2026-10-27,16:00,Brookline High School,Newton North High School,Newton North High School,Newton North High School Lowell Avenue Field,,,Normal
2026-2027,Soccer,Boys,Varsity,2026-11-02,18:00,Newton North High School,Walpole High School,Newton North High School,Newton North High School Lowell Avenue Field,,,Normal
2026-2027,Soccer,Boys,Sub-Varsity,2026-09-09,16:30,Newton North High School,Newton South High School,Newton North High School,Newton - Warren Fields #1,,,N
2026-2027,Soccer,Boys,Sub-Varsity,2026-09-10,16:30,Lincoln-Sudbury Regional High School,Newton North High School,Lincoln-Sudbury Regional High School,Lincoln-Sudbury Regional High School (Sudbury) Grass Field 3,,,L
2026-2027,Soccer,Boys,Sub-Varsity,2026-09-10,16:30,Newton North High School,Wellesley High School,Wellesley High School,Sprague School Grass Field 4,,,L
2026-2027,Soccer,Boys,Sub-Varsity,2026-09-23,16:30,Hopkinton High School,Newton North High School,Newton North High School,Newton - Warren Fields #1,,,N
2026-2027,Soccer,Boys,Sub-Varsity,2026-09-29,16:30,Lincoln-Sudbury Regional High School,Newton North High School,Newton North High School,Newton - Warren Fields #1,,,N
2026-2027,Soccer,Boys,Sub-Varsity,2026-10-03,12:00,Newton North High School,Newton South High School,Newton South High School,Newton South High School Brandeis Turf Field,,,N
2026-2027,Soccer,Boys,Sub-Varsity,2026-10-09,16:30,Newton North High School,Wellesley High School,Newton North High School,Newton - Warren Fields #1,,,L
2026-2027,Soccer,Boys,Sub-Varsity,2026-10-16,16:30,Newton North High School,Weymouth High School,Newton North High School,Newton - Warren Fields #1,,,L
2026-2027,Soccer,Boys,Sub-Varsity,2026-10-26,16:30,Natick High School,Newton North High School,Newton North High School,Newton - Warren Fields #1,,,L
2026-2027,Soccer,Boys,Sub-Varsity,2026-10-30,16:30,Newton North High School,Walpole High School,Walpole High School,Walpole Middle School Soccer Field,,,L
2026-2027,Soccer,Girls,Varsity,2026-08-31,10:00,Beverly High School,Newton North High School,Beverly High School,Beverly HS Turf Field,Newton North High School,0-3,S
2026-2027,Soccer,Girls,Varsity,2026-09-02,19:00,Belmont High School,Newton North High School,Belmont High School,Belmont (MA) High School Harris Field,,,S
2026-2027,Soccer,Girls,Varsity,2026-09-15,16:00,Newton North High School,Wellesley High School,Wellesley High School,Wellesley High School Stadium,Tie,0-0,L
2026-2027,Soccer,Girls,Varsity,2026-09-17,16:30,Milton High School,Newton North High School,Newton North High School,Newton North High School Lowell Ave Field,Tie,1-1,L
2026-2027,Soccer,Girls,Varsity,2026-09-19,11:00,Boston Latin School,Newton North High School,Newton North High School,Newton North High School Dickinson Stadium,Tie,2-2,N
2026-2027,Soccer,Girls,Varsity,2026-09-24,16:30,Braintree High School,Newton North High School,Braintree High School,Braintree High School Alumni Stadium,Braintree High School,2-1,L
2026-2027,Soccer,Girls,Varsity,2026-09-29,18:00,Brookline High School,Newton North High School,Newton North High School,Newton North High School Dickinson Stadium,,,L
2026-2027,Soccer,Girls,Varsity,2026-10-01,16:30,Framingham High School,Newton North High School,Newton North High School,Newton North High School Lowell Ave Field,,,L
2026-2027,Soccer,Girls,Varsity,2026-10-03,14:00,Newton North High School,Newton South High School,Newton North High School,Newton North High School Dickinson Stadium,,,N
2026-2027,Soccer,Girls,Varsity,2026-10-06,18:00,Natick High School,Newton North High School,Natick High School,Natick High School Multipurpose Turf Field,,,L
2026-2027,Soccer,Girls,Varsity,2026-10-08,16:30,Needham High School,Newton North High School,Needham High School,Needham-Cricket Field Field #1,,,L
2026-2027,Soccer,Girls,Varsity,2026-10-10,12:00,Central Catholic High School,Newton North High School,Central Catholic High School,Central Catholic HS Raider Field (Auburn St. Field),,,N
2026-2027,Soccer,Girls,Varsity,2026-10-15,16:30,Newton North High School,Wellesley High School,Newton North High School,Newton North High School Lowell Ave Field,,,L
2026-2027,Soccer,Girls,Varsity,2026-10-17,15:30,Lincoln-Sudbury Regional High School,Newton North High School,Newton North High School,Newton North High School Lowell Ave Field,,,N
2026-2027,Soccer,Girls,Varsity,2026-10-20,16:30,Newton North High School,Weymouth High School,Newton North High School,Newton North High School Lowell Ave Field,,,L
2026-2027,Soccer,Girls,Varsity,2026-10-22,16:30,Framingham High School,Newton North High School,Framingham High School,Framingham-Fuller MS Fld # 1,,,L
2026-2027,Soccer,Girls,Varsity,2026-10-27,16:00,Brookline High School,Newton North High School,Brookline High School,Brookline-Skyline Park Turf,,,L
2026-2027,Soccer,Girls,Varsity,2026-10-29,18:00,Natick High School,Newton North High School,Newton North High School,Newton North High School Lowell Ave Field,,,L
2026-2027,Soccer,Girls,Varsity,2026-10-31,12:00,Dracut High School,Newton North High School,Dracut High School,Dracut High School Stadium,,,N
2026-2027,Soccer,Girls,Varsity,2026-11-02,18:00,Newton North High School,Walpole High School,Walpole High School,Walpole High School Turco Field (turf),,,L
2026-2027,Soccer,Boys,Sub-Varsity,2026-08-28,16:00,Boston College High School,Newton North High School,Boston College High School,BC High School Soccer Field,,,L
2026-2027,Soccer,Boys,Sub-Varsity,2026-09-02,16:30,Melrose High School,Newton North High School,Newton North High School,Newton - Warren Fields #1,,,S
2026-2027,Soccer,Boys,Sub-Varsity,2026-09-04,16:30,Franklin High School,Newton North High School,Newton North High School,Newton - Warren Fields #1,,,S
2026-2027,Soccer,Boys,Sub-Varsity,2026-09-10,16:30,Cambridge Rindge & Latin School,Newton North High School,Newton North High School,Newton - Warren Fields #1,,,N
2026-2027,Soccer,Boys,Sub-Varsity,2026-09-15,16:30,Newton North High School,Wellesley High School,Newton North High School,Newton - Warren Fields #1,,,L
2026-2027,Soccer,Boys,Sub-Varsity,2026-09-19,16:00,Belmont High School,Newton North High School,Belmont High School,Belmont (MA) High School Concord Ave Grass,Belmont High School,4-2,N
2026-2027,Soccer,Boys,Sub-Varsity,2026-09-29,16:30,Lincoln-Sudbury Regional High School,Newton North High School,Lincoln-Sudbury Regional High School,Lincoln-Sudbury Regional High School (Sudbury) Grass,,,L
2026-2027,Soccer,Boys,Sub-Varsity,2026-10-03,14:00,Newton North High School,Newton South High School,Newton North High School,Newton - Warren Fields #1,,,N
2026-2027,Soccer,Boys,Sub-Varsity,2026-10-08,16:00,Needham High School - JV1,Newton North High School,Newton North High School,Newton - Warren Fields #1,,,L
2026-2027,Soccer,Boys,Sub-Varsity,2026-10-15,16:00,Newton North High School,Wellesley High School,Wellesley High School,Wellesley High School Hunnewell JV Field,,,L
2026-2027,Soccer,Boys,Sub-Varsity,2026-10-20,16:00,Newton North High School,Weymouth High School,Weymouth High School,Weymouth HS Stadium,,,L
2026-2027,Soccer,Boys,Sub-Varsity,2026-10-24,10:00,Newton North High School,Waltham High School,Waltham High School,Waltham - Yetten Multipurpose Field,,,N
2026-2027,Soccer,Boys,Sub-Varsity,2026-11-02,16:00,Newton North High School,Walpole High School,Newton North High School,Newton - Warren Fields #1,,,L
2026-2027,Soccer,Girls,Sub-Varsity,2026-09-09,16:30,Newton North High School,Wellesley High School,Newton North High School,Cold Springs Park (Newton) <BLANK>,,,L
2026-2027,Soccer,Girls,Sub-Varsity,2026-09-10,16:30,Lincoln-Sudbury Regional High School,Newton North High School,Newton North High School,Cold Springs Park (Newton) <BLANK>,,,N
2026-2027,Soccer,Girls,Sub-Varsity,2026-09-17,16:30,Newton North High School,Newton South High School,Newton South High School,Newton South High School Grass 1,,,N
2026-2027,Soccer,Girls,Sub-Varsity,2026-09-29,16:30,Lincoln-Sudbury Regional High School,Newton North High School,Lincoln-Sudbury Regional High School,Lincoln-Sudbury Regional High School (Sudbury) Grass Field 1,,,L
2026-2027,Soccer,Girls,Sub-Varsity,2026-10-03,12:00,Newton North High School,Newton South High School,Newton South High School,Newton South High School Stadium,,,N
2026-2027,Soccer,Girls,Sub-Varsity,2026-10-09,16:00,Newton North High School,Wellesley High School,Wellesley High School,Wellesley High School Freshmen Field,,,L
2026-2027,Soccer,Girls,Sub-Varsity,2026-10-16,16:00,Newton North High School,Weymouth High School,Weymouth High School,Weymouth Lovell Field Field 1,,,L
2026-2027,Soccer,Girls,Sub-Varsity,2026-10-23,16:00,Brookline High School,Newton North High School,Newton North High School,Cold Springs Park (Newton) <BLANK>,,,L
2026-2027,Soccer,Girls,Sub-Varsity,2026-10-30,16:30,Newton North High School,Walpole High School,Newton North High School,Cold Springs Park (Newton) <BLANK>,,,L
2026-2027,Soccer,Girls,Sub-Varsity,2026-08-31,10:00,Beverly High School,Newton North High School,Beverly High School,Beverly HS Field #3,,,Canceled
2026-2027,Soccer,Girls,Sub-Varsity,2026-09-02,17:30,Belmont High School,Newton North High School,Belmont High School,Belmont (MA) High School Harris Field,,,Normal
2026-2027,Soccer,Girls,Sub-Varsity,2026-09-15,16:00,Newton North High School,Wellesley High School,Wellesley High School,Wellesley High School Hunnewell JV Field,Tie,0-0,Normal
2026-2027,Soccer,Girls,Sub-Varsity,2026-09-19,11:00,Boston Latin School,Newton North High School,Newton North High School,Newton North High School Lowell Ave,,,Normal
2026-2027,Soccer,Girls,Sub-Varsity,2026-10-03,14:00,Newton North High School,Newton South High School,Newton North High School,Newton North High School Lowell Ave Field,,,Normal
2026-2027,Soccer,Girls,Sub-Varsity,2026-10-10,10:00,Central Catholic High School,Newton North High School,Central Catholic High School,Central Catholic HS Raider Field (Auburn St. Field),,,Normal
2026-2027,Soccer,Girls,Sub-Varsity,2026-10-15,16:00,Newton North High School,Wellesley High School,Newton North High School,Cold Springs Park (Newton) <BLANK>,,,Normal
2026-2027,Soccer,Girls,Sub-Varsity,2026-10-17,13:30,Lincoln-Sudbury Regional High School,Newton North High School,Newton North High School,Newton North High School Lowell Ave Field,,,Normal
2026-2027,Soccer,Girls,Sub-Varsity,2026-10-20,16:00,Newton North High School,Weymouth High School,Newton North High School,Cold Springs Park (Newton) <BLANK>,,,Normal
2026-2027,Soccer,Girls,Sub-Varsity,2026-10-22,16:00,Framingham High School,Newton North High School,Framingham High School,Framingham-Fuller MS Fld # 2,,,Normal
2026-2027,Soccer,Girls,Sub-Varsity,2026-10-31,10:30,Dracut High School,Newton North High School,Dracut High School,Dracut High School Stadium,,,Normal
2026-2027,Soccer,Girls,Sub-Varsity,2026-11-02,16:30,Newton North High School,Walpole High School,Walpole High School,Walpole Middle School Varsity Baseball Field,,,Normal
2026-2027,Swimming & Diving,Girls,Varsity,2026-09-15,16:00,Acton-Boxborough,Newton North High School,Newton North High School,Newton North High School Swimming Pool,Acton-Boxborough,100-83,N
2026-2027,Swimming & Diving,Girls,Varsity,2026-09-18,16:30,Newton North High School,Weymouth High School,Newton North High School,Newton North High School Swimming Pool,Newton North High School,86-74,L
2026-2027,Swimming & Diving,Girls,Varsity,2026-09-25,16:00,Newton North High School,Walpole High School,Walpole High School,Westwood High School Swimming Pool,,,L
2026-2027,Swimming & Diving,Girls,Varsity,2026-10-13,16:00,Newton North High School,Wellesley High School,Newton North High School,Newton North High School Swimming Pool,,,L
2026-2027,Swimming & Diving,Girls,Varsity,2026-10-23,16:30,Newton North High School,TBA,Newton North High School,Newton North High School Swimming Pool,,,L
2026-2027,Swimming & Diving,Girls,Varsity,2026-10-25,10:00,@ TBA,Newton North High School,@ TBA,z .,,,L
2026-2027,Volleyball,Girls,Sub-Varsity,2026-09-09,18:00,Newton North High School,Wellesley High School,Wellesley High School,Wellesley High School Gym,,,L
2026-2027,Volleyball,Girls,Sub-Varsity,2026-09-16,16:30,Newton North High School,Wakefield Memorial High School,Wakefield Memorial High School,Wakefield HS Field House,,,N
2026-2027,Volleyball,Girls,Sub-Varsity,2026-10-01,17:15,Natick High School,Newton North High School,Natick High School,Natick High School Natick High School,,,L
2026-2027,Volleyball,Girls,Sub-Varsity,2026-10-02,16:30,Bishop Feehan High School,Newton North High School,Newton North High School,Newton North High School Reggie Gym,,,N
2026-2027,Volleyball,Girls,Sub-Varsity,2026-10-08,18:15,Newton North High School,Wellesley High School,Newton North High School,Newton North High School Reggie Gym,,,L
2026-2027,Volleyball,Girls,Sub-Varsity,2026-10-14,18:15,Lincoln-Sudbury Regional High School,Newton North High School,Newton North High School,Newton North High School Reggie Gym,,,N
2026-2027,Volleyball,Girls,Sub-Varsity,2026-10-15,16:30,Newton North High School,Weymouth High School,Newton North High School,Newton North High School Reggie Gym,,,L
2026-2027,Volleyball,Girls,Sub-Varsity,2026-10-29,18:00,Newton North High School,Walpole High School,Walpole High School,Walpole High School Fieldhouse,,,L
2026-2027,Volleyball,Girls,Sub-Varsity,2026-10-30,16:45,Newton North High School,Winchester High School,Winchester High School,Winchester HS Gym,,,N
2026-2027,Wrestling,Boys,Varsity,2026-12-15,17:30,Newton North High School,Newton South High School,Newton South High School,Newton South High School Gym,,,N
2026-2027,Volleyball,Girls,Varsity,2026-09-04,16:30,Madison Park Vocational High School,Newton North High School,Newton North High School,Newton North High School Reggie Gym,,,S
2026-2027,Volleyball,Girls,Varsity,2026-09-09,16:30,Newton North High School,Wellesley High School,Wellesley High School,Wellesley High School Gym,Newton North High School,3-2,L
2026-2027,Volleyball,Girls,Varsity,2026-09-10,16:30,Newton North High School,Newton South High School,Newton South High School,Newton South High School Field House,,,N
2026-2027,Volleyball,Girls,Varsity,2026-09-10,17:45,Newton North High School,Newton South High School,Newton South High School,Newton South High School Field House,Newton North High School,3-2,N
2026-2027,Volleyball,Girls,Varsity,2026-09-15,16:30,Milton High School,Newton North High School,Newton North High School,Newton North High School Reggie Gym,Newton North High School,0-3,L
2026-2027,Volleyball,Girls,Varsity,2026-09-16,18:00,Newton North High School,Wakefield Memorial High School,Wakefield Memorial High School,Wakefield HS Field House,Wakefield Memorial High School,2-3,N
2026-2027,Volleyball,Girls,Varsity,2026-09-17,16:30,Braintree High School,Newton North High School,Braintree High School,Braintree High School Herget Gymnasium,Newton North High School,0-3,L
2026-2027,Volleyball,Girls,Varsity,2026-09-24,16:30,Brookline High School,Newton North High School,Newton North High School,Newton North High School Reggie Gym,Brookline High School,3-1,L
2026-2027,Volleyball,Girls,Varsity,2026-09-29,16:30,Framingham High School,Newton North High School,Newton North High School,Newton North High School Reggie Gym,,,L
2026-2027,Volleyball,Girls,Varsity,2026-10-01,16:00,Natick High School,Newton North High School,Natick High School,Natick High School Gym,,,L
2026-2027,Volleyball,Girls,Varsity,2026-10-02,18:15,Bishop Feehan High School,Newton North High School,Newton North High School,Newton North High School Reggie Gym,,,N
2026-2027,Volleyball,Girls,Varsity,2026-10-06,16:30,Needham High School,Newton North High School,Needham High School,Needham High School A Gym,,,L
2026-2027,Volleyball,Girls,Varsity,2026-10-08,16:30,Newton North High School,Wellesley High School,Newton North High School,Newton North High School Reggie Gym,,,L
2026-2027,Volleyball,Girls,Varsity,2026-10-14,16:30,Lincoln-Sudbury Regional High School,Newton North High School,Newton North High School,Newton North High School Reggie Gym,,,N
2026-2027,Volleyball,Girls,Varsity,2026-10-15,18:15,Newton North High School,Weymouth High School,Newton North High School,Newton North High School Reggie Gym,,,L
2026-2027,Volleyball,Girls,Varsity,2026-10-20,16:30,Framingham High School,Newton North High School,Framingham High School,Framingham High School Gym,,,L
2026-2027,Volleyball,Girls,Varsity,2026-10-22,17:45,Brookline High School,Newton North High School,Brookline High School,Brookline High School Schluntz Gym,,,L
2026-2027,Volleyball,Girls,Varsity,2026-10-23,16:30,Needham High School,Newton North High School,Newton North High School,Newton North High School Reggie Gym,,,N
2026-2027,Volleyball,Girls,Varsity,2026-10-27,18:15,Natick High School,Newton North High School,Newton North High School,Newton North High School Reggie Gym,,,L
2026-2027,Volleyball,Girls,Varsity,2026-10-29,16:30,Newton North High School,Walpole High School,Walpole High School,Walpole High School Fieldhouse,,,L
2026-2027,Volleyball,Girls,Varsity,2026-10-30,18:00,Newton North High School,Winchester High School,Winchester High School,Winchester HS Gym,,,N
2026-2027,Volleyball,Girls,Sub-Varsity,2026-09-09,18:00,Newton North High School,Wellesley High School,Wellesley High School,Wellesley High School Gym,,,L
2026-2027,Volleyball,Girls,Sub-Varsity,2026-09-10,16:30,Newton North High School,Newton South High School,Newton South High School,Newton South High School Gym,,,N
2026-2027,Volleyball,Girls,Sub-Varsity,2026-09-16,16:30,Newton North High School,Wakefield Memorial High School,Wakefield Memorial High School,Wakefield HS Field House,,,N
2026-2027,Volleyball,Girls,Sub-Varsity,2026-10-01,17:15,Natick High School,Newton North High School,Natick High School,Natick High School Natick High School,,,L
2026-2027,Volleyball,Girls,Sub-Varsity,2026-10-02,16:30,Bishop Feehan High School,Newton North High School,Newton North High School,Newton North High School Reggie Gym,,,N
2026-2027,Volleyball,Girls,Sub-Varsity,2026-10-08,18:15,Newton North High School,Wellesley High School,Newton North High School,Newton North High School Reggie Gym,,,L
2026-2027,Volleyball,Girls,Sub-Varsity,2026-10-14,18:15,Lincoln-Sudbury Regional High School,Newton North High School,Newton North High School,Newton North High School Reggie Gym,,,N
2026-2027,Volleyball,Girls,Sub-Varsity,2026-10-15,16:30,Newton North High School,Weymouth High School,Newton North High School,Newton North High School Reggie Gym,,,L
2026-2027,Volleyball,Girls,Sub-Varsity,2026-10-29,18:00,Newton North High School,Walpole High School,Walpole High School,Walpole High School Fieldhouse,,,L
2026-2027,Volleyball,Girls,Sub-Varsity,2026-10-30,16:45,Newton North High School,Winchester High School,Winchester High School,Winchester HS Gym,,,N
2026-2027,Baseball,Boys,Varsity,2027-04-14,16:00,Walpole High School,Weymouth High School,Weymouth High School,Weymouth - Libby Field Baseball Diamond,,,L
2026-2027,Baseball,Boys,Varsity,2027-05-17,16:00,Walpole High School,Weymouth High School,Walpole High School,Walpole Middle School Soccer Field,,,L
2026-2027,Baseball,Boys,Varsity,2027-05-24,16:00,Walpole High School,Wellesley High School,Walpole High School,Walpole Middle School Soccer Field,,,L
2026-2027,Basketball,Boys,Varsity,2026-12-18,18:30,Walpole High School,Weymouth High School,Weymouth High School,Weymouth High School Gymnasium,,,L
2026-2027,Basketball,Boys,Varsity,2026-12-22,06:30,Walpole High School,Wellesley High School,Walpole High School,Walpole High School Gym,,,L
2026-2027,Basketball,Boys,Varsity,2027-01-07,17:00,Norwood High School,Walpole High School,Norwood High School,Norwood High School Gym,,,N
2026-2027,Basketball,Boys,Varsity,2027-01-26,17:15,Walpole High School,Weymouth High School,Walpole High School,Walpole High School Gym,,,L
2026-2027,Basketball,Boys,Sub-Varsity,2026-12-18,15:45,Walpole High School,Weymouth High School,Walpole High School,Walpole High School Gym,,,L
2026-2027,Basketball,Boys,Sub-Varsity,2027-01-26,15:45,Walpole High School,Weymouth High School,Walpole High School,Walpole High School Gym,,,L
2026-2027,Basketball,Girls,Varsity,2026-12-11,18:30,Quincy High School,Walpole High School,Walpole High School,Walpole High School Gym,,,Normal
2026-2027,Basketball,Girls,Varsity,2026-12-22,17:15,Walpole High School,Wellesley High School,Walpole High School,Walpole High School Gym,,,Normal
2026-2027,Basketball,Girls,Varsity,2026-12-28,TBA,Sue Rivard Holiday Tournament,Walpole High School,,TBA,,,
2026-2027,Basketball,Girls,Varsity,2026-12-28,14:00,Bishop Fenwick High School,Walpole High School,Walpole High School,Oliver Ames High School Nixon Gym,,,Normal
2026-2027,Basketball,Girls,Varsity,2027-01-07,18:30,Norwood High School,Walpole High School,Norwood High School,Norwood High School Gym,,,Normal
2026-2027,Basketball,Girls,Varsity,2027-01-21,18:30,Walpole High School,Westwood High School,Westwood High School,Westwood High School High School Gym,,,Normal
2026-2027,Basketball,Girls,Varsity,2027-01-26,18:30,Walpole High School,Weymouth High School,Walpole High School,Walpole High School Gym,,,Normal
2026-2027,Basketball,Girls,Varsity,2027-02-02,17:30,Natick High School,Walpole High School,Natick High School,Natick High School Gym,,,Normal
2026-2027,Basketball,Girls,Varsity,2027-02-11,17:15,Milton High School,Walpole High School,Milton High School,Milton High School Copeland Field House,,,Normal
2026-2027,Basketball,Coed,Unified,2026-09-29,15:00,Mansfield High School,Walpole High School,Mansfield High School,Mansfield High School Albertini Gymnasium,,,Normal
2026-2027,Basketball,Coed,Unified,2026-10-28,15:30,Norwood High School,Walpole High School,Norwood High School,Norwood High School Gym,,,Normal
2026-2027,Basketball,Coed,Unified,2026-11-10,TBA,Redhawk Round-Up,Walpole High School,,TBA,,,
2026-2027,Basketball,Coed,Unified,2026-11-10,15:30,Hopkinton High School,Walpole High School,Walpole High School,Natick High School NHS Gymnasium,,,Normal
2026-2027,Basketball,Girls,Sub-Varsity,2026-12-11,15:45,Quincy High School,Walpole High School,Walpole High School,Walpole High School Gym,,,N
2026-2027,Basketball,Girls,Sub-Varsity,2026-12-18,18:30,Walpole High School,Weymouth High School,Walpole High School,Walpole High School Gym,,,L
2026-2027,Basketball,Girls,Sub-Varsity,2026-12-22,18:30,Walpole High School,Wellesley High School,Wellesley High School,Sprague School Sprague School,,,L
2026-2027,Basketball,Girls,Sub-Varsity,2027-01-21,15:30,Walpole High School,Westwood High School,Westwood High School,Westwood High School High School Gym,,,N
2026-2027,Basketball,Girls,Sub-Varsity,2027-01-26,17:15,Walpole High School,Weymouth High School,Weymouth High School,Weymouth HS Gym,,,L
2026-2027,Basketball,Girls,Sub-Varsity,2026-12-11,17:15,Quincy High School,Walpole High School,Walpole High School,Walpole High School Gym,,,N
2026-2027,Basketball,Girls,Sub-Varsity,2026-12-22,15:45,Walpole High School,Wellesley High School,Walpole High School,Walpole High School Gym,,,L
2026-2027,Basketball,Girls,Sub-Varsity,2027-01-21,17:00,Walpole High School,Westwood High School,Westwood High School,Westwood High School High School Gym,,,N
2026-2027,Basketball,Girls,Sub-Varsity,2027-01-26,15:45,Walpole High School,Weymouth High School,Weymouth High School,Weymouth HS Gym,,,L
2026-2027,Basketball,Girls,Sub-Varsity,2027-02-11,15:45,Milton High School,Walpole High School,Milton High School,Milton High School Copeland Field House,,,L
2026-2027,Cross Country,Boys,Varsity,2026-09-30,16:00,Walpole High School,Wellesley High School,Wellesley High School,Morses Pond Morses Pond,,,L
2026-2027,Cross Country,Boys,Varsity,2026-10-14,16:00,Milton High School with 1 others,Walpole High School,Walpole High School,Walpole High School Multipurpose Turf Field,,,L
2026-2027,Cross Country,Boys,Varsity,2026-10-21,16:00,Walpole High School,Weymouth High School,Weymouth High School,Weymouth High School Wompatuck State Park,,,L
2026-2027,Basketball,Boys,Sub-Varsity,2026-12-18,17:15,Walpole High School,Weymouth High School,Walpole High School,Walpole High School Gym,,,L
2026-2027,Basketball,Boys,Sub-Varsity,2027-01-25,15:45,Pembroke High School,Walpole High School,Walpole High School,Walpole High School Gym,,,L
2026-2027,Basketball,Boys,Sub-Varsity,2027-01-25,17:15,Pembroke High School,Walpole High School,Walpole High School,Walpole High School Gym,,,L
2026-2027,Basketball,Boys,Sub-Varsity,2027-01-25,18:30,Pembroke High School,Walpole High School,Walpole High School,Walpole High School Gym,,,L
2026-2027,Basketball,Boys,Sub-Varsity,2027-01-29,15:45,Braintree High School,Walpole High School,Walpole High School,Walpole High School Gym,,,L
2026-2027,Basketball,Boys,Sub-Varsity,2027-02-11,17:15,Milton High School,Walpole High School,Walpole High School,Walpole High School Gym,,,L
2026-2027,Cross Country,Girls,Sub-Varsity,2026-09-09,15:45,Natick High School with 1 others,Walpole High School,Natick High School with 1 others,Natick High School Elm Bank Reservation,,,L
2026-2027,Cross Country,Girls,Varsity,2026-09-30,16:00,Walpole High School,Wellesley High School,Wellesley High School,Morses Pond Morses Pond,,,L
2026-2027,Cross Country,Girls,Varsity,2026-10-14,16:00,Milton High School with 1 others,Walpole High School,Walpole High School,Walpole High School Multipurpose Turf Field,,,L
2026-2027,Cross Country,Girls,Varsity,2026-10-21,16:00,Walpole High School,Weymouth High School,Weymouth High School,Weymouth High School Wompatuck State Park,,,L
2026-2027,Baseball,Boys,Sub-Varsity,2027-04-14,15:45,Walpole High School,Weymouth High School,Weymouth High School,Weymouth High School brad hawes field,,,L
2026-2027,Baseball,Boys,Sub-Varsity,2027-05-17,15:45,Walpole High School,Weymouth High School,Walpole High School,Walpole SM Lorusso & Sons Athletic Complex Baseball Field,,,L
2026-2027,Baseball,Boys,Sub-Varsity,2027-05-24,15:45,Walpole High School,Wellesley High School,Walpole High School,Walpole SM Lorusso & Sons Athletic Complex Baseball Field,,,L
2026-2027,Cross Country,Boys,Sub-Varsity,2026-09-09,03:45,Natick High School with 1 others,Walpole High School,Natick High School with 1 others,Natick High School Elm Bank Reservation,,,L
2026-2027,Field Hockey,Girls,Sub-Varsity,2026-09-03,17:30,Dover-Sherborn High School,Walpole High School,Walpole High School,Walpole High School Multipurpose Turf Field,,,S
2026-2027,Field Hockey,Girls,Sub-Varsity,2026-09-04,10:30,Hingham High School,Walpole High School,Hingham High School,Hingham High School Turf Field,,,S
2026-2027,Field Hockey,Girls,Sub-Varsity,2026-09-07,14:15,Walpole High School,Watertown High School,Walpole High School,Walpole High School Turco Field (turf),,,S
2026-2027,Field Hockey,Girls,Sub-Varsity,2026-09-10,15:45,Franklin High School,Walpole High School,Franklin High School,Franklin - Beaver Pond Turf Turf Field,,,N
2026-2027,Field Hockey,Girls,Sub-Varsity,2026-09-21,17:00,Bishop Feehan High School,Walpole High School,Bishop Feehan High School,Bishop Feehan High School McGrath Stadium,,,N
2026-2027,Field Hockey,Girls,Sub-Varsity,2026-09-25,16:30,Belmont High School,Walpole High School,Belmont High School,Belmont (MA) High School BHS-Practice Turf Field,Belmont High School,2-0,N
2026-2027,Field Hockey,Girls,Sub-Varsity,2026-10-02,16:00,King Philip Regional High School,Walpole High School,King Philip Regional High School,King Philip Regional HS Gary Lombard Field,,,N
2026-2027,Field Hockey,Girls,Sub-Varsity,2026-10-03,17:30,Canton High School,Walpole High School,Walpole High School,Walpole High School Turco Field (turf),,,N
2026-2027,Field Hockey,Girls,Sub-Varsity,2026-10-05,17:15,Walpole High School,Wellesley High School,Wellesley High School,Wellesley High School Stadium,,,L
2026-2027,Field Hockey,Girls,Sub-Varsity,2026-10-17,14:30,Sandwich Middle High School,Walpole High School,Walpole High School,Walpole High School Multipurpose Turf Field,,,L
2026-2027,Field Hockey,Girls,Sub-Varsity,2026-10-19,17:15,Walpole High School,Weymouth High School,Walpole High School,Walpole High School Multipurpose Turf Field,,,L
2026-2027,Field Hockey,Girls,Sub-Varsity,2026-10-23,17:30,Norwood High School,Walpole High School,Walpole High School,Walpole High School Turco Field (turf),,,N
2026-2027,Field Hockey,Girls,Sub-Varsity,2026-10-30,16:00,Uxbridge High School,Walpole High School,Walpole High School,Walpole SM Lorusso & Sons Athletic Complex Field 2,,,N
2026-2027,Field Hockey,Girls,Varsity,2026-09-03,16:00,Dover-Sherborn High School,Walpole High School,Walpole High School,Walpole High School Multipurpose Turf Field,,,S
2026-2027,Field Hockey,Girls,Varsity,2026-09-04,09:00,Hingham High School,Walpole High School,Hingham High School,Hingham High School Turf Field,,,S
2026-2027,Field Hockey,Girls,Varsity,2026-09-07,13:00,Walpole High School,Watertown High School - Varsity,Walpole High School,Walpole High School Turco Field (turf),,,S
2026-2027,Field Hockey,Girls,Varsity,2026-09-21,15:30,Bishop Feehan High School,Walpole High School,Bishop Feehan High School,Bishop Feehan High School McGrath Stadium,Walpole High School,1-2,N
2026-2027,Field Hockey,Girls,Varsity,2026-09-25,18:30,Belmont High School - -,Walpole High School,Belmont High School - -,Belmont (MA) High School Harris Field,Tie,0-0,N
2026-2027,Field Hockey,Girls,Varsity,2026-10-03,16:00,Canton High School,Walpole High School,Walpole High School,Walpole High School Turco Field (turf),,,N
2026-2027,Field Hockey,Girls,Varsity,2026-10-03,16:00,Canton High School,Walpole High School,Walpole High School,Walpole High School Turco Field (turf),,,N
2026-2027,Field Hockey,Girls,Varsity,2026-10-05,16:00,Walpole High School,Wellesley High School,Wellesley High School,Wellesley High School Stadium,,,L
2026-2027,Field Hockey,Girls,Varsity,2026-10-17,13:00,Sandwich Middle High School,Walpole High School,Walpole High School,Walpole High School Multipurpose Turf Field,,,N
2026-2027,Field Hockey,Girls,Varsity,2026-10-19,16:00,Walpole High School,Weymouth High School,Walpole High School,Walpole High School Multipurpose Turf Field,,,L
2026-2027,Field Hockey,Girls,Varsity,2026-10-23,16:00,Norwood High School,Walpole High School,Walpole High School,Walpole High School Turco Field (turf),,,N
2026-2027,Field Hockey,Girls,Varsity,2026-10-30,16:00,Uxbridge High School,Walpole High School,Walpole High School,Walpole SM Lorusso & Sons Athletic Complex Field 1,,,N
2026-2027,Field Hockey,Girls,Sub-Varsity,2026-09-11,16:00,King Philip Regional High School,Walpole High School,Walpole High School,Walpole High School Upper Turco (grass),,,Normal
2026-2027,Field Hockey,Girls,Sub-Varsity,2026-09-16,16:00,TBA,Walpole High School,Walpole High School,Walpole High School Grass Field Hockey Field,,,Canceled
2026-2027,Field Hockey,Girls,Sub-Varsity,2026-09-26,13:30,Belmont High School - -,Walpole High School,Belmont High School - -,Belmont (MA) High School BHS-Practice Turf Field,,,Normal
2026-2027,Field Hockey,Girls,Sub-Varsity,2026-09-28,15:45,Braintree High School,Walpole High School,Walpole High School,Walpole High School Turco Field (turf),,,Normal
2026-2027,Field Hockey,Girls,Sub-Varsity,2026-10-05,16:00,Walpole High School,Wellesley High School,Walpole High School,Walpole High School Grass Field Hockey Field,,,Normal
2026-2027,Field Hockey,Girls,Sub-Varsity,2026-10-19,16:00,@ TBA,Walpole High School,@ TBA,Legion Field (Weymouth) Multipurpose Turf Field,,,Normal
2026-2027,Football,Boys,Sub-Varsity,2026-09-05,08:00,Canton High School,Walpole High School,Walpole High School,Walpole High School Turco Field (turf),,,L
2026-2027,Football,Boys,Sub-Varsity,2026-09-14,15:45,King Philip Regional High School,Walpole High School,King Philip Regional High School,Diplacido-Anderson Diplacido-Anderson,,,N
2026-2027,Football,Boys,Sub-Varsity,2026-09-19,09:00,Foxborough High School,Walpole High School,Walpole High School,Walpole High School Turco Field (turf),,,L
2026-2027,Football,Boys,Sub-Varsity,2026-09-28,17:30,Walpole High School,Wellesley High School,Walpole High School,Walpole High School Turco Field (turf),,,L
2026-2027,Football,Boys,Sub-Varsity,2026-11-07,09:00,King Philip Regional High School,Walpole High School,Walpole High School,Walpole High School Turco Field (turf),,,L
2026-2027,Golf,Boys,Varsity,2026-09-01,15:30,Walpole High School,Weymouth High School,Weymouth High School,Weymouth High School Strawberry Valley Golf Course,Walpole High School,223-239,L
2026-2027,Golf,Boys,Varsity,2026-09-23,15:30,Walpole High School,Wellesley High School,Walpole High School,Walpole Country Club Walpole Coutry Club,Walpole High School,251-254,L
2026-2027,Golf,Boys,Varsity,2026-09-24,15:30,Medfield Senior High School,Walpole High School,Walpole High School,Walpole Country Club Walpole Coutry Club,Walpole High School,250-237,N
2026-2027,Golf,Boys,Varsity,2026-10-01,15:30,Walpole High School,Weymouth High School,Walpole High School,Walpole Country Club Walpole Coutry Club,,,L
2026-2027,Football,Boys,Varsity,2026-09-05,10:30,Attleboro High School,Walpole High School,Walpole High School,Walpole High School Turco Field (turf),,,S
2026-2027,Football,Boys,Varsity,2026-09-11,18:30,King Philip Regional High School,Walpole High School,Walpole High School,Walpole High School Turco Field (turf),Walpole High School,13-16,L
2026-2027,Football,Boys,Varsity,2026-09-18,19:00,Foxborough High School,Walpole High School,Foxborough High School,Foxboro HS - Ahern School Martinelli Field,Foxborough High School,22-21,N
2026-2027,Football,Boys,Varsity,2026-09-25,16:30,Walpole High School,Wellesley High School,Wellesley High School,Wellesley High School Stadium,Walpole High School,40-7,L
2026-2027,Football,Boys,Varsity,2026-10-09,18:30,Wachusett Regional High School,Walpole High School,Walpole High School,Walpole High School Turco Field (turf),,,L
2026-2027,Football,Boys,Varsity,2026-11-26,10:00,Walpole High School,Weymouth High School,Walpole High School,Walpole High School Turco Field (turf),,,L
2026-2027,Hockey,Boys,Varsity,2026-12-23,20:00,Walpole High School,Wellesley High School,Walpole High School,Rodman Arena Rodman Arena - NHL,,,L
2026-2027,Hockey,Boys,Varsity,2026-12-30,20:00,Norwood High School,Walpole High School,Walpole High School,Rodman Arena Rodman Arena - NHL,,,N
2026-2027,Hockey,Boys,Varsity,2027-01-24,TBA,TBA,Walpole High School,Walpole High School,Rodman Arena Rodman Arena - NHL,,,N
2026-2027,Hockey,Boys,Varsity,2027-01-27,20:00,Walpole High School,"Weymouth High School - Weymouth High School, Hockey Girls Varsity",Walpole High School,Rodman Arena Rodman Arena - NHL,,,L
2026-2027,Hockey,Boys,Varsity,2027-01-31,TBA,TBA,Walpole High School,Walpole High School,Rodman Arena Rodman Arena - NHL,,,N
2026-2027,Hockey,Boys,Varsity,2027-02-07,TBA,TBA,Walpole High School,Walpole High School,Cadillac Ice Arena - Walpole NHL Rink,,,N
2026-2027,Football,Boys,Sub-Varsity,2026-10-05,16:00,Needham High School,Walpole High School,Needham High School,Needham - Memorial Field HS Turf,,,L
2026-2027,Football,Boys,Sub-Varsity,2026-10-10,10:00,Wachusett Regional High School - JV 2 Football,Walpole High School,Wachusett Regional High School - JV 2 Football,Wachusett Regional High School Hal Lane Field,,,N
2026-2027,Football,Boys,Sub-Varsity,2026-10-10,11:30,Wachusett Regional High School - JV 1 Football,Walpole High School,Wachusett Regional High School - JV 1 Football,Wachusett Regional High School Hal Lane Field,,,N
2026-2027,Hockey,Girls,Varsity,2026-12-19,17:10,Walpole High School,Weymouth High School,Walpole High School,Cadillac Ice Arena - Walpole Olympic Rink,,,L
2026-2027,Hockey,Girls,Varsity,2026-12-26,18:10,Medfield Senior High School,Walpole High School,Walpole High School,Cadillac Ice Arena - Walpole Olympic Rink,,,N
2026-2027,Hockey,Girls,Varsity,2027-01-01,14:50,Dedham/DS/Norton Co-op,Walpole High School,Walpole High School,Cadillac Ice Arena - Walpole Olympic Rink,,,N
2026-2027,Hockey,Girls,Varsity,2027-01-09,18:40,Walpole High School,Whitman-Hanson Reg High School,Walpole High School,Cadillac Ice Arena - Walpole Olympic Rink,,,N
2026-2027,Hockey,Girls,Varsity,2027-02-06,16:00,Norwood High School,Walpole High School,Walpole High School,Cadillac Ice Arena - Walpole Olympic Rink,,,N
2026-2027,Hockey,Girls,Varsity,2027-02-12,19:00,MOA Warriors,Walpole High School,Walpole High School,Cadillac Ice Arena - Walpole Olympic Rink,,,N
2026-2027,Golf,Boys,Sub-Varsity,2026-10-06,15:30,Walpole High School,Wellesley High School,Walpole High School,Walpole Country Club Royal Crest,,,L
2026-2027,Golf,Boys,Sub-Varsity,2026-10-20,15:30,Medfield Senior High School,Walpole High School,Walpole High School,Walpole Country Club Royal Crest,,,N
2026-2027,Golf,Boys,Sub-Varsity,2026-10-21,15:30,Walpole High School,Weymouth High School,Walpole High School,Walpole Country Club Royal Crest,,,L
2026-2027,Soccer,Boys,Varsity,2026-08-27,18:30,Dedham High School,Walpole High School,Dedham High School,Dedham High School Multipurpose Turf Field,,,Normal
2026-2027,Soccer,Boys,Varsity,2026-08-29,10:00,Attleboro High School,Walpole High School,Attleboro High School,Attleboro High School Drummond Turf 1,,,Normal
2026-2027,Soccer,Boys,Varsity,2026-08-31,16:00,Walpole High School,Westwood High School,Walpole High School,Walpole Middle School Soccer Field,,,Canceled
2026-2027,Soccer,Boys,Varsity,2026-09-10,17:30,Stoughton High School,Walpole High School,Stoughton High School,Stoughton High School Veterans Memorial Stadium,Stoughton High School,6-4,Normal
2026-2027,Soccer,Boys,Varsity,2026-09-24,16:00,Walpole High School,Weymouth High School,Walpole High School,Walpole Middle School Soccer Field,Weymouth High School,0-1,Normal
2026-2027,Soccer,Boys,Varsity,2026-10-03,13:00,Foxborough High School,Walpole High School,Walpole High School,Walpole High School Turco Field (turf),,,Normal
2026-2027,Soccer,Boys,Varsity,2026-10-08,16:00,Walpole High School,Wellesley High School,Walpole High School,Walpole Middle School Soccer Field,,,Normal
2026-2027,Soccer,Boys,Varsity,2026-10-13,16:30,Norwood High School,Walpole High School,Walpole High School,Walpole Middle School Soccer Field,,,Normal
2026-2027,Soccer,Boys,Varsity,2026-10-17,19:00,Canton High School,Walpole High School,Canton High School,Canton High School Turf WWII Vet Mem,,,Normal
2026-2027,Soccer,Boys,Varsity,2026-10-22,17:30,Walpole High School,Weymouth High School,Weymouth High School,Weymouth HS Stadium,,,Normal
2026-2027,Soccer,Boys,Varsity,2026-10-24,13:00,Walpole High School,Whitman-Hanson Reg High School,Walpole High School,Walpole High School Turco Field (turf),,,Normal
2026-2027,Soccer,Boys,Varsity,2026-11-02,16:00,Newton North High School,Walpole High School,Newton North High School,Newton North High School Lowell Avenue Field,,,Normal
2026-2027,Soccer,Girls,Sub-Varsity,2026-08-27,16:00,Attleboro High School,Walpole High School,Walpole High School,Walpole Middle School Soccer Field,,,L
2026-2027,Soccer,Girls,Sub-Varsity,2026-09-01,15:45,Sharon High School,Walpole High School,Sharon High School,Sharon-Ames Playground Soccer Field,,,S
2026-2027,Soccer,Girls,Sub-Varsity,2026-09-08,16:30,Shepherd Hill Regional High School,Walpole High School,Walpole High School,Walpole Middle School Soccer Field,,,L
2026-2027,Soccer,Girls,Sub-Varsity,2026-09-11,15:45,Taunton High School,Walpole High School,Taunton High School,Taunton High School JV Soccer Field,,,N
2026-2027,Soccer,Girls,Sub-Varsity,2026-09-24,16:00,Walpole High School,Weymouth High School,Weymouth High School,Weymouth HS Stadium,,,L
2026-2027,Soccer,Girls,Sub-Varsity,2026-10-08,16:00,Walpole High School,Wellesley High School,Wellesley High School,Wellesley High School Hunnewell JV Field,,,L
2026-2027,Soccer,Girls,Sub-Varsity,2026-10-13,16:00,Norwood High School,Walpole High School,Norwood High School,Norwood-Father Mac's #1,,,N
2026-2027,Soccer,Girls,Sub-Varsity,2026-10-22,16:00,Walpole High School,Weymouth High School,Walpole High School,Walpole Middle School Soccer Field,,,L
2026-2027,Soccer,Girls,Varsity,2026-08-27,16:00,Attleboro High School,Walpole High School,Walpole High School,Walpole Middle School Soccer Field,,,S
2026-2027,Soccer,Girls,Varsity,2026-09-01,16:00,Sharon High School,Walpole High School,Sharon High School,Sharon High School Stadium,Tie,1-1,S
2026-2027,Soccer,Girls,Varsity,2026-09-08,18:00,Shepherd Hill Regional High School,Walpole High School,Walpole High School,Walpole High School Turco Field (turf),Walpole High School,2-5,N
2026-2027,Soccer,Girls,Varsity,2026-09-11,15:45,Taunton High School,Walpole High School,Taunton High School,Taunton High School Aleixo,Taunton High School,1-0,N
2026-2027,Soccer,Girls,Varsity,2026-09-24,17:30,Walpole High School,Weymouth High School,Weymouth High School,Weymouth High School Turf,Weymouth High School,0-3,L
2026-2027,Soccer,Girls,Varsity,2026-10-03,11:00,Foxborough High School,Walpole High School,Walpole High School,Walpole High School Turco Field (turf),,,N
2026-2027,Soccer,Girls,Varsity,2026-10-08,16:00,Walpole High School,Wellesley High School,Wellesley High School,Wellesley High School Stadium,,,L
2026-2027,Soccer,Girls,Varsity,2026-10-13,16:30,Norwood High School,Walpole High School,Walpole High School,Walpole Middle School Soccer Field,,,N
2026-2027,Soccer,Girls,Varsity,2026-10-17,17:00,Canton High School,Walpole High School,Canton High School,Canton High School Turf WWII Vet Mem,,,N
2026-2027,Soccer,Girls,Varsity,2026-10-22,16:00,Walpole High School,Weymouth High School,Walpole High School,Walpole Middle School Soccer Field,,,L
2026-2027,Soccer,Girls,Varsity,2026-10-29,16:00,Milton High School,Walpole High School,Milton High School,Milton High School Brooks Field Turf,,,L
2026-2027,Soccer,Girls,Varsity,2026-11-02,18:00,Newton North High School - Newton North,Walpole High School,Walpole High School,Walpole High School Turco Field (turf),,,L
2026-2027,Soccer,Boys,Sub-Varsity,2026-09-10,15:45,Stoughton High School,Walpole High School,Stoughton High School,Stoughton High School John Denison Complex,,,N
2026-2027,Soccer,Boys,Sub-Varsity,2026-09-18,16:00,Walpole High School,Weymouth High School,Weymouth High School,Weymouth Lovell Field Field 1,,,L
2026-2027,Soccer,Boys,Sub-Varsity,2026-10-05,16:00,Walpole High School,Wellesley High School,Wellesley High School,Wellesley High School Freshmen Field,,,L
2026-2027,Soccer,Boys,Sub-Varsity,2026-10-19,16:00,Walpole High School,Weymouth High School,Walpole High School,Walpole Middle School Soccer Field,,,L
2026-2027,Softball,Girls,Sub-Varsity,2027-04-19,11:00,Oliver Ames High School,Walpole High School,Walpole High School,Johnson Middle School - Walpole Softball Diamond,,,N
2026-2027,Softball,Girls,Sub-Varsity,2027-05-07,16:00,Oliver Ames High School,Walpole High School,Oliver Ames High School,Oliver Ames High School JV Softball Field,,,N
2026-2027,Softball,Girls,Varsity,2027-04-19,11:00,Oliver Ames High School,Walpole High School,Walpole High School,Walpole High School Bird Middle School,,,N
2026-2027,Softball,Girls,Varsity,2027-05-07,16:00,Oliver Ames High School,Walpole High School,Oliver Ames High School,Oliver Ames High School Varsity Softball Field,,,N
2026-2027,Soccer,Girls,Sub-Varsity,2026-09-18,16:00,Walpole High School,Weymouth High School,Walpole High School,Walpole Middle School Varsity Baseball Field,,,Normal
2026-2027,Soccer,Girls,Sub-Varsity,2026-10-05,16:00,Walpole High School,Wellesley High School,Walpole High School,Walpole Middle School Soccer Field,,,Normal
2026-2027,Soccer,Girls,Sub-Varsity,2026-10-14,16:00,Walpole High School,Westwood High School,Westwood High School,Westwood Thurston Middle School Upper Fld,,,Canceled
2026-2027,Soccer,Girls,Sub-Varsity,2026-10-19,16:00,Walpole High School,Weymouth High School,Weymouth High School,Weymouth Lovell Field Field 1,,,Normal
2026-2027,Swimming & Diving,Girls,Varsity,2026-09-09,18:00,Walpole High School,Wellesley High School,Wellesley High School,Boston Sports Institute Boston Sports Instititute,Wellesley High School,46-74,L
2026-2027,Swimming & Diving,Girls,Varsity,2026-09-30,16:00,Notre Dame Academy - Hing,Walpole High School,Notre Dame Academy - Hing,Notre Dame Academy-Hingham Percy Walker Pool,,,N
2026-2027,Swimming & Diving,Girls,Varsity,2026-10-06,19:45,Natick High School,Walpole High School,Walpole High School,Westwood High School Swimming Pool,,,L
2026-2027,Swimming & Diving,Girls,Varsity,2026-10-13,19:45,Ursuline Academy (MA),Walpole High School,Walpole High School,Westwood High School Swimming Pool,,,L
2026-2027,Swimming & Diving,Girls,Varsity,2026-10-20,19:45,Walpole High School,Weymouth High School,Walpole High School,Westwood High School Swimming Pool,,,L
2026-2027,Swimming & Diving,Girls,Varsity,2026-10-21,16:00,Walpole High School,Weymouth High School,Weymouth High School,Connell Rink - Weymouth MDC pool,,,L
2026-2027,Soccer,Boys,Sub-Varsity,2026-08-27,17:00,Dedham High School,Walpole High School,Dedham High School,Dedham High School Multipurpose Turf Field,,,Normal
2026-2027,Soccer,Boys,Sub-Varsity,2026-08-31,16:00,Walpole High School,Westwood High School,Walpole High School,Walpole SM Lorusso & Sons Athletic Complex Field 1,,,Canceled
2026-2027,Soccer,Boys,Sub-Varsity,2026-09-10,15:45,Stoughton High School,Walpole High School,Stoughton High School,Stoughton High School Stoughton Community Field,,,Normal
2026-2027,Soccer,Boys,Sub-Varsity,2026-09-24,16:00,Walpole High School,Weymouth High School,Walpole High School,Walpole Middle School Soccer Field,,,Normal
2026-2027,Soccer,Boys,Sub-Varsity,2026-09-29,16:00,Needham High School - JV1,Walpole High School,Needham High School - JV1,Needham-Defazio Complex Conroy Grass,,,Normal
2026-2027,Soccer,Boys,Sub-Varsity,2026-10-08,16:00,Walpole High School,Wellesley High School,Walpole High School,Walpole Middle School Soccer Field,,,Normal
2026-2027,Soccer,Boys,Sub-Varsity,2026-10-13,16:30,Norwood High School,Walpole High School,Norwood High School,Walpole SM Lorusso & Sons Athletic Complex Field 2,,,Normal
2026-2027,Soccer,Boys,Sub-Varsity,2026-10-20,16:30,Needham High School - JV1,Walpole High School,Walpole High School,Walpole High School Bird Middle School,,,Normal
2026-2027,Soccer,Boys,Sub-Varsity,2026-10-22,16:00,Walpole High School,Weymouth High School,Weymouth High School,Weymouth HS Stadium,,,Normal
2026-2027,Soccer,Boys,Sub-Varsity,2026-10-24,11:00,Walpole High School,Whitman-Hanson Reg High School,Walpole High School,Walpole High School Turco Field (turf),,,Normal
2026-2027,Volleyball,Girls,Varsity,2026-09-10,17:30,Walpole High School,Weymouth High School,Weymouth High School,Weymouth HS Gym,Weymouth High School,0-3,L
2026-2027,Volleyball,Girls,Varsity,2026-09-18,18:00,Walpole High School,Westwood High School,Westwood High School,Westwood High School High School Gym,Westwood High School,1-3,N
2026-2027,Volleyball,Girls,Varsity,2026-09-22,17:00,Norwood High School - Varsity,Walpole High School,Norwood High School - Varsity,Norwood High School Gym,Norwood High School - Varsity,3-0,N
2026-2027,Volleyball,Girls,Varsity,2026-09-30,17:00,King Philip Regional High School,Walpole High School,King Philip Regional High School,King Philip Regional HS Gym,,,N
2026-2027,Volleyball,Girls,Varsity,2026-10-06,16:00,Walpole High School,Wellesley High School,Wellesley High School,Wellesley High School Gym,,,L
2026-2027,Volleyball,Girls,Varsity,2026-10-13,16:30,Medfield Senior High School,Walpole High School,Walpole High School,Walpole High School Fieldhouse,,,L
2026-2027,Volleyball,Girls,Varsity,2026-10-20,18:00,Walpole High School,Weymouth High School,Walpole High School,Walpole High School Fieldhouse,,,L
2026-2027,Volleyball,Girls,Varsity,2026-10-21,17:15,Bishop Feehan High School,Walpole High School,Walpole High School,Walpole High School Fieldhouse,,,N
2026-2027,Volleyball,Girls,Varsity,2026-10-29,16:30,Newton North High School - Newton North,Walpole High School,Walpole High School,Walpole High School Fieldhouse,,,L
2026-2027,Volleyball,Girls,Varsity,2026-10-30,16:00,Mansfield High School,Walpole High School,Walpole High School,Walpole High School Fieldhouse,,,N
2026-2027,Wrestling,Boys,Varsity,2026-12-12,10:00,Oliver Ames High School with 10 others,Walpole High School,Oliver Ames High School with 10 others,Oliver Ames High School Nixon Gym,,,N
2026-2027,Wrestling,Boys,Varsity,2026-12-19,09:00,Bristol Plymouth Regional Technical School with 4 others,Walpole High School,Bristol Plymouth Regional Technical School with 4 others,Bristol-Plymouth Technical HS Gym,,,L
2026-2027,Volleyball,Girls,Sub-Varsity,2026-09-10,16:00,Walpole High School,Weymouth High School,Weymouth High School,Weymouth HS Gym,,,L
2026-2027,Volleyball,Girls,Sub-Varsity,2026-09-18,16:30,Walpole High School,Westwood High School,Westwood High School,Westwood High School High School Gym,,,N
2026-2027,Volleyball,Girls,Sub-Varsity,2026-09-22,15:45,Norwood High School,Walpole High School,Norwood High School,Norwood High School Gym,,,N
2026-2027,Volleyball,Girls,Sub-Varsity,2026-09-30,15:45,King Philip Regional High School,Walpole High School,King Philip Regional High School,King Philip Regional HS Gym,,,N
2026-2027,Volleyball,Girls,Sub-Varsity,2026-10-06,17:30,Walpole High School,Wellesley High School,Wellesley High School,Wellesley High School Gym,,,L
2026-2027,Volleyball,Girls,Sub-Varsity,2026-10-13,17:30,Medfield Senior High School,Walpole High School,Walpole High School,Walpole High School Fieldhouse,,,N
2026-2027,Volleyball,Girls,Sub-Varsity,2026-10-20,16:00,Walpole High School,Weymouth High School,Walpole High School,Walpole High School Fieldhouse,,,L
2026-2027,Volleyball,Girls,Sub-Varsity,2026-10-21,16:00,Bishop Feehan High School,Walpole High School,Walpole High School,Walpole High School Fieldhouse,,,N
2026-2027,Volleyball,Girls,Sub-Varsity,2026-10-30,17:30,Mansfield High School,Walpole High School,Walpole High School,Walpole High School Fieldhouse,,,N
2026-2027,Baseball,Boys,Varsity,2027-03-29,16:00,Wellesley High School,Weymouth High School,Wellesley High School,Wellesley- Sprague Baseball Field,,,L
2026-2027,Baseball,Boys,Varsity,2027-05-03,16:00,Milton Academy,Wellesley High School,Wellesley High School,Wellesley- Sprague Baseball Field,,,L
2026-2027,Volleyball,Girls,Sub-Varsity,2026-09-10,16:00,Walpole High School,Weymouth High School,Weymouth High School,Weymouth High School Gymnasium,,,L
2026-2027,Volleyball,Girls,Sub-Varsity,2026-09-18,16:30,Walpole High School,Westwood High School,Westwood High School,Westwood High School High School Gym,,,N
2026-2027,Volleyball,Girls,Sub-Varsity,2026-09-22,15:45,Norwood High School,Walpole High School,Norwood High School,Norwood High School Gym,,,N
2026-2027,Volleyball,Girls,Sub-Varsity,2026-09-30,15:45,King Philip Regional High School,Walpole High School,King Philip Regional High School,King Philip Regional HS Field House,,,N
2026-2027,Volleyball,Girls,Sub-Varsity,2026-10-06,17:30,Walpole High School,Wellesley High School,Wellesley High School,Wellesley High School Gym,,,L
2026-2027,Volleyball,Girls,Sub-Varsity,2026-10-13,17:30,Medfield Senior High School,Walpole High School,Walpole High School,Walpole High School Fieldhouse,,,N
2026-2027,Volleyball,Girls,Sub-Varsity,2026-10-20,16:00,Walpole High School,Weymouth High School,Walpole High School,Walpole High School Fieldhouse,,,L
2026-2027,Volleyball,Girls,Sub-Varsity,2026-10-21,16:00,Bishop Feehan High School,Walpole High School,Walpole High School,Walpole High School Fieldhouse,,,N
2026-2027,Volleyball,Girls,Sub-Varsity,2026-10-30,17:30,Mansfield High School,Walpole High School,Walpole High School,Walpole High School Fieldhouse,,,N
2026-2027,Baseball,Boys,Sub-Varsity,2027-03-29,15:45,Wellesley High School,Weymouth High School,Wellesley High School,Wellesley High School Baseball Field,,,L
2026-2027,Basketball,Boys,Varsity,2026-12-16,18:30,Bishop Feehan High School,Wellesley High School,Bishop Feehan High School,Bishop Feehan High School McIntyre Gymnasium,,,N
2026-2027,Basketball,Boys,Varsity,2027-02-15,17:00,Southeastern Reg Voc/Tech School,Wellesley High School,Wellesley High School,Wellesley High School Gym,,,N
2026-2027,Basketball,Boys,Varsity,2027-02-17,17:00,Canton High School,Wellesley High School,Wellesley High School,Wellesley High School Gym,,,L
2026-2027,Basketball,Boys,Sub-Varsity,2027-01-07,TBA,Holliston High School,Wellesley High School,Holliston High School,Holliston High School Rowles Field House,,,N
2026-2027,Basketball,Boys,Sub-Varsity,2027-02-08,16:30,Medfield Senior High School,Wellesley High School,Medfield Senior High School,Blake Middle School Gym,,,N
2026-2027,Basketball,Boys,Sub-Varsity,2027-01-07,TBA,Holliston High School,Wellesley High School,Holliston High School,Holliston High School Rowles Field House,,,N
2026-2027,Basketball,Boys,Sub-Varsity,2027-02-08,18:00,Medfield Senior High School,Wellesley High School,Medfield Senior High School,Blake Middle School Gym,,,N
2026-2027,Basketball,Girls,Varsity,2026-12-15,18:00,Medford High School,Wellesley High School,Medford High School,Medford High School Gym,,,Normal
2026-2027,Basketball,Girls,Varsity,2026-12-22,18:30,TBA,Wellesley High School,Wellesley High School,Wellesley High School Gym,,,Normal
2026-2027,Basketball,Girls,Varsity,2026-12-28,15:30,North Middlesex,Wellesley High School,Wellesley High School,Wellesley High School Gym,,,Normal
2026-2027,Basketball,Girls,Varsity,2027-01-07,18:30,Arlington High School,Wellesley High School,Wellesley High School,Wellesley High School Gym,,,Normal
2026-2027,Basketball,Girls,Varsity,2027-02-05,18:30,Newton North High School - Newton North,Wellesley High School,Wellesley High School,Wellesley High School Gym,,,Normal
2026-2027,Basketball,Girls,Varsity,2027-02-09,18:30,Wellesley High School,Weymouth High School,Weymouth High School,Weymouth High School Gymnasium,,,Normal
2026-2027,Basketball,Girls,Varsity,2027-02-13,11:00,Medford High School,Wellesley High School,Wellesley High School,Wellesley High School Gym,,,Normal
2026-2027,Basketball,Girls,Varsity,2027-02-15,TBA,Warrior Classic (Girls),Wellesley High School,,TBA,,,
2026-2027,Basketball,Girls,Varsity,2027-02-15,11:00,East Bridgewater Jr/Sr High School,Wellesley High School,Wellesley High School,Foxboro High School FHS - Gym (AB),,,Normal
2026-2027,Basketball,Girls,Sub-Varsity,2027-02-09,15:45,Wellesley High School,Weymouth High School,Weymouth High School,Weymouth HS Gym,,,L
2026-2027,Basketball,Girls,Sub-Varsity,2026-12-15,16:30,Medford High School,Wellesley High School,Medford High School,Medford High School Gym,,,L
2026-2027,Basketball,Girls,Sub-Varsity,2026-12-22,17:15,TBA,Wellesley High School,Wellesley High School,Wellesley High School Gym,,,L
2026-2027,Basketball,Girls,Sub-Varsity,2027-01-07,17:00,Arlington High School,Wellesley High School,Wellesley High School,Wellesley High School Gym,,,N
2026-2027,Basketball,Girls,Sub-Varsity,2027-02-09,17:15,Wellesley High School,Weymouth High School,Weymouth High School,Weymouth HS Gym,,,L
2026-2027,Cross Country,Boys,Varsity,2026-09-09,16:00,Wellesley High School,Weymouth High School,Weymouth High School,Weymouth High School Wompatuck State Park,Wellesley High School,22-37,L
2026-2027,Cross Country,Boys,Varsity,2026-09-23,16:00,Braintree High School with 1 others,Wellesley High School,Braintree High School with 1 others,Braintree High School Cross Country Course,,,L
2026-2027,Cross Country,Boys,Varsity,2026-09-23,16:00,@ TBA,Wellesley High School,@ TBA,TBA,,,L
2026-2027,Cross Country,Girls,Varsity,2026-09-09,16:00,Wellesley High School,Weymouth High School,Weymouth High School,Weymouth High School Wompatuck State Park,Weymouth High School,37-20,L
2026-2027,Cross Country,Girls,Varsity,2026-09-23,16:00,Braintree High School with 1 others,Wellesley High School,Braintree High School with 1 others,Braintree High School Cross Country Course,,,L
2026-2027,Cross Country,Girls,Varsity,2026-09-23,16:00,@ TBA,Wellesley High School,@ TBA,TBA,,,L
2026-2027,Field Hockey,Girls,Varsity,2026-08-31,16:30,Medfield Senior High School,Wellesley High School,Wellesley High School,Wellesley High School Stadium,,,S
2026-2027,Field Hockey,Girls,Varsity,2026-09-18,16:00,Lincoln-Sudbury Regional High School,Wellesley High School,Lincoln-Sudbury Regional High School,Lincoln-Sudbury Regional High School (Sudbury) Turf #1,Lincoln-Sudbury Regional High School,3-2,L
2026-2027,Field Hockey,Girls,Varsity,2026-09-22,16:30,Concord-Carlisle High School,Wellesley High School,Concord-Carlisle High School,Concord Carlisle High School Memorial Stadium Field,Tie,1-1,N
2026-2027,Field Hockey,Girls,Varsity,2026-10-09,16:00,Hopkinton High School,Wellesley High School,Wellesley High School,Wellesley High School Stadium,,,N
2026-2027,Field Hockey,Girls,Varsity,2026-10-21,16:00,Framingham High School,Wellesley High School,Wellesley High School,Wellesley High School Stadium,,,L
2026-2027,Field Hockey,Girls,Varsity,2026-10-23,16:00,Dover-Sherborn High School,Wellesley High School,Wellesley High School,Wellesley High School Stadium,,,N
2026-2027,Field Hockey,Girls,Varsity,2026-10-28,17:15,Wellesley High School,Weymouth High School,Weymouth High School,Legion Field (Weymouth) Multipurpose Turf Field,,,L
2026-2027,Field Hockey,Girls,Varsity,2026-10-30,16:00,Lincoln-Sudbury Regional High School,Wellesley High School,Wellesley High School,Sprague School Turf Field 3,,,N
2026-2027,Field Hockey,Girls,Sub-Varsity,2026-09-23,16:00,TBA,Wellesley High School,Wellesley High School,Sprague Turf Complex Turf Field 3,,,Canceled
2026-2027,Field Hockey,Girls,Sub-Varsity,2026-10-09,16:30,Belmont High School - -,Wellesley High School,Belmont High School - -,Belmont (MA) High School Brendan Grant Field,,,Normal
2026-2027,Field Hockey,Girls,Sub-Varsity,2026-10-20,16:00,Belmont High School - -,Wellesley High School,Wellesley High School,Sprague School Turf Field 3,,,Normal
2026-2027,Football,Boys,Sub-Varsity,2026-09-12,10:00,TBA,Wellesley High School,Wellesley High School,Wellesley High School Stadium,,,Canceled
2026-2027,Football,Boys,Sub-Varsity,2026-09-26,10:00,TBA,Wellesley High School,Wellesley High School,Wellesley High School Stadium,,,Canceled
2026-2027,Football,Boys,Sub-Varsity,2026-10-03,00:00,Wellesley High School,Weymouth High School,Weymouth High School,Weymouth High School Turf,,,Normal
2026-2027,Football,Boys,Sub-Varsity,2026-09-17,16:00,Reading Memorial High School,Wellesley High School,Wellesley High School,Wellesley High School Sprague Turf #2,,,N
2026-2027,Football,Boys,Sub-Varsity,2026-10-03,12:00,@ TBA,Wellesley High School,@ TBA,TBA,,,L
2026-2027,Football,Boys,Sub-Varsity,2026-10-10,12:00,TBA,Wellesley High School,Wellesley High School,Wellesley High School Stadium,,,L
2026-2027,Football,Boys,Sub-Varsity,2026-10-31,12:00,@ TBA,Wellesley High School,@ TBA,Brookline - Warren Field Warren Field,,,L
2026-2027,Football,Boys,Varsity,2026-09-01,16:00,Lexington High School,Wellesley High School,Wellesley High School,Wellesley High School Stadium,,,S
2026-2027,Football,Boys,Varsity,2026-09-04,18:00,Wellesley High School,Weston High School,Weston High School,Weston High School HS Turf,,,N
2026-2027,Football,Boys,Varsity,2026-09-18,19:00,Reading Memorial High School,Wellesley High School,Reading Memorial High School,Reading Memorial HS Stadium-Hollingsworth Field,Reading Memorial High School,20-0,N
2026-2027,Football,Boys,Varsity,2026-10-02,18:00,Wellesley High School,Weymouth High School,Wellesley High School,Wellesley High School Stadium,,,L
2026-2027,Field Hockey,Girls,Sub-Varsity,2026-09-18,17:30,Lincoln-Sudbury Regional High School,Wellesley High School,Lincoln-Sudbury Regional High School,Lincoln-Sudbury Regional High School (Sudbury) Turf #1,,,L
2026-2027,Field Hockey,Girls,Sub-Varsity,2026-09-22,18:00,Concord-Carlisle High School,Wellesley High School,Concord-Carlisle High School,Concord Carlisle High School Memorial Stadium Field,Concord-Carlisle High School,5-0,N
2026-2027,Field Hockey,Girls,Sub-Varsity,2026-10-16,17:15,Hopkinton High School,Wellesley High School,Wellesley High School,Sprague Turf Complex Turf Field 3,,,N
2026-2027,Field Hockey,Girls,Sub-Varsity,2026-10-21,17:15,Framingham High School,Wellesley High School,Wellesley High School,Wellesley High School Stadium,,,L
2026-2027,Field Hockey,Girls,Sub-Varsity,2026-10-23,17:15,Dover-Sherborn High School,Wellesley High School,Wellesley High School,Wellesley High School Stadium,,,N
2026-2027,Field Hockey,Girls,Sub-Varsity,2026-10-28,16:00,Wellesley High School,Weymouth High School,Weymouth High School,Legion Field (Weymouth) Multipurpose Turf Field,,,L
2026-2027,Field Hockey,Girls,Sub-Varsity,2026-10-30,17:15,Lincoln-Sudbury Regional High School,Wellesley High School,Wellesley High School,Sprague School Turf Field 3,,,N
2026-2027,Golf,Boys,Sub-Varsity,2026-09-22,16:40,Beaver Country Day School,Wellesley High School,Wellesley High School,Wellesley High School Sassamon Trace Golf Course Natick,,,L
2026-2027,Golf,Boys,Sub-Varsity,2026-10-08,15:10,Newton North High School,Wellesley High School,Wellesley High School,Wellesley High School Nehoiden Golf Club,,,L
2026-2027,Golf,Boys,Sub-Varsity,2026-10-20,15:45,Beaver Country Day School,Wellesley High School,Beaver Country Day School,Newton Commonwealth Golf Club Newton Commonwealth Golf Club,,,L
2026-2027,Golf,Boys,Sub-Varsity,2026-10-22,15:00,Wellesley High School,Weymouth High School,Wellesley High School,Wellesley High School Nehoiden Golf Club,,,L
2026-2027,Golf,Boys,Varsity,2026-09-10,15:30,Wellesley High School,Weymouth High School,Wellesley High School,Nehoiden Nehoiden,Wellesley High School,209-236,N
2026-2027,Golf,Boys,Varsity,2026-09-15,15:30,Wellesley High School,Weymouth High School,Weymouth High School,Weymouth High School weathervane,Wellesley High School,218-234,L
2026-2027,Golf,Boys,Varsity,2026-09-30,15:30,Concord-Carlisle High School,Wellesley High School,Concord-Carlisle High School,Concord Country Club Concord Country Club,,,N
2026-2027,Golf,Boys,Varsity,2026-10-08,15:30,Wellesley High School,Xaverian Brothers High School,Xaverian Brothers High School,Xaverian Brothers High School Wellesley Country Club,,,N
2026-2027,Golf,Boys,Varsity,2026-10-14,15:30,Wellesley High School,Westborough,Wellesley High School,Nehoiden Nehoiden,,,N
2026-2027,Golf,Boys,Varsity,2026-10-15,15:30,Boston College High School,Wellesley High School,Wellesley High School,Nehoiden Nehoiden,,,N
2026-2027,Hockey,Boys,Varsity,2026-12-27,15:00,Falmouth High School,Wellesley High School,Falmouth High School,Falmouth Ice Arena Falmouth Ice Arena,,,T
2026-2027,Soccer,Boys,Varsity,2026-09-03,16:00,Wellesley High School,Westborough,Wellesley High School,Sprague School Turf Field 2,Wellesley High School,2-1,S
2026-2027,Soccer,Boys,Varsity,2026-09-22,16:30,Cambridge Rindge & Latin School,Wellesley High School,Cambridge Rindge & Latin School,Cambridge-Danehy Turf #4 (Track and Lights),Cambridge Rindge & Latin School,1-0,N
2026-2027,Soccer,Boys,Varsity,2026-10-02,16:00,Hopkinton High School,Wellesley High School,Wellesley High School,Wellesley High School Stadium,,,N
2026-2027,Soccer,Boys,Varsity,2026-10-09,16:15,Wellesley High School,Westwood High School,Wellesley High School,Sprague School Turf Field 2,,,N
2026-2027,Soccer,Boys,Varsity,2026-10-15,18:00,Newton North High School,Wellesley High School,Wellesley High School,Wellesley High School Stadium,,,L
2026-2027,Soccer,Boys,Varsity,2026-10-26,19:00,Grafton High School,Wellesley High School,Grafton High School,Grafton High School Stadium Turf Field,,,N
2026-2027,Soccer,Boys,Varsity,2026-10-29,18:00,Brookline High School,Wellesley High School,Wellesley High School,Wellesley High School Stadium,,,L
2026-2027,Soccer,Boys,Varsity,2026-11-02,16:00,Wellesley High School,Weymouth High School,Wellesley High School,Wellesley High School Stadium,,,L
2026-2027,Soccer,Girls,Varsity,2026-08-26,17:00,Dedham High School,Wellesley High School,Dedham High School,Dedham High School Multipurpose Turf Field,,,Normal
2026-2027,Soccer,Girls,Varsity,2026-09-02,15:00,TBA,Wellesley High School,Wellesley High School,Wellesley High School Stadium,,,Normal
2026-2027,Soccer,Girls,Varsity,2026-09-04,11:00,Cicero-North Syracuse High School,Wellesley High School,Wellesley High School,Wellesley High School Stadium,,,Canceled
2026-2027,Soccer,Girls,Varsity,2026-09-04,15:30,TBA,Wellesley High School,Wellesley High School,Wellesley High School Stadium,,,Normal
2026-2027,Soccer,Girls,Varsity,2026-09-15,16:00,Newton North High School - Newton North,Wellesley High School,Wellesley High School,Wellesley High School Stadium,Tie,0-0,Normal
2026-2027,Soccer,Girls,Varsity,2026-09-19,12:00,Concord-Carlisle High School,Wellesley High School,Wellesley High School,Wellesley High School Stadium,Concord-Carlisle High School,4-0,Normal
2026-2027,Soccer,Girls,Varsity,2026-10-01,16:00,Milton High School,Wellesley High School,Milton High School,Milton High School Brooks Field Turf,,,Normal
2026-2027,Soccer,Girls,Varsity,2026-10-10,11:00,Belmont High School,Wellesley High School,Wellesley High School,Wellesley High School Stadium,,,Normal
2026-2027,Soccer,Girls,Varsity,2026-10-15,16:00,Newton North High School - Newton North,Wellesley High School,Newton North High School - Newton North,Newton North High School Lowell Ave Field,,,Normal
2026-2027,Soccer,Girls,Varsity,2026-10-17,11:00,Wellesley High School,Winchester High School,Wellesley High School,Wellesley High School Stadium,,,Normal
2026-2027,Soccer,Girls,Varsity,2026-10-20,16:00,Natick High School,Wellesley High School,Natick High School,Natick High School Natick High School,,,Normal
2026-2027,Soccer,Girls,Varsity,2026-10-31,11:00,Arlington High School,Wellesley High School,Wellesley High School,Wellesley High School Stadium,,,Normal
2026-2027,Soccer,Girls,Varsity,2026-11-02,17:30,Wellesley High School,Weymouth High School,Weymouth High School,Weymouth High School Turf,,,Normal
2026-2027,Soccer,Boys,Sub-Varsity,2026-10-09,16:00,Newton North High School,Wellesley High School,Newton North High School,Newton - Warren Fields #1,,,L
2026-2027,Soccer,Boys,Sub-Varsity,2026-10-30,16:00,Wellesley High School,Weymouth High School,Weymouth High School,Weymouth Lovell Field Field 1,,,L
2026-2027,Soccer,Boys,Sub-Varsity,2026-09-17,16:00,Needham High School - JV1,Wellesley High School,Needham High School - JV1,Needham-Defazio Complex Conroy Grass,,,L
2026-2027,Soccer,Boys,Sub-Varsity,2026-09-22,16:30,Cambridge Rindge & Latin School,Wellesley High School,Cambridge Rindge & Latin School,Cambridge-Danehy Turf #1 (Lower Turf Field),,,N
2026-2027,Soccer,Boys,Sub-Varsity,2026-11-02,16:00,TBA,Wellesley High School,Wellesley High School,Wellesley High School Hunnewell JV Field,,,L
2026-2027,Soccer,Girls,Sub-Varsity,2026-10-02,16:30,Concord-Carlisle High School,Wellesley High School,Concord-Carlisle High School,Concord Carlisle High School Doug White Turf #2,,,N
2026-2027,Soccer,Girls,Sub-Varsity,2026-11-02,16:00,Wellesley High School,Weymouth High School,Weymouth High School,Weymouth HS Stadium,,,L
2026-2027,Soccer,Girls,Sub-Varsity,2026-10-30,16:00,Wellesley High School,Weymouth High School,Wellesley High School,Wellesley High School Freshmen Field,,,L
2026-2027,Swimming & Diving,Girls,Varsity,2026-10-06,18:00,Wellesley High School,Weymouth High School,Wellesley High School,Boston Sports Institute Boston Sports Instititute,,,L
2026-2027,Swimming & Diving,Girls,Varsity,2026-10-13,16:30,Newton North High School,Wellesley High School,Newton North High School,Newton North High School Swimming Pool,,,L
2026-2027,Swimming & Diving,Girls,Varsity,2026-10-20,19:00,Needham High School,Wellesley High School,Wellesley High School,Babson College Morse Swimming Pool,,,L
2026-2027,Swimming & Diving,Girls,Varsity,2026-10-23,TBA,@ TBA,Wellesley High School,@ TBA,Newton North High School Swimming Pool,,,L
2026-2027,Swimming & Diving,Girls,Varsity,2026-10-25,TBA,@ TBA,Wellesley High School,@ TBA,Wheaton College Natatorium,,,L
2026-2027,Volleyball,Girls,Varsity,2026-09-04,16:00,Lincoln-Sudbury Regional High School,Wellesley High School,Wellesley High School,Wellesley High School Gym,,,S
2026-2027,Volleyball,Girls,Varsity,2026-09-08,17:15,Wayland High School,Wellesley High School,Wayland High School,Wayland HS Field House,Wayland High School,3-2,N
2026-2027,Volleyball,Girls,Varsity,2026-09-09,16:30,Newton North High School - Newton North,Wellesley High School,Wellesley High School,Wellesley High School Gym,Newton North High School - Newton North,3-2,L
2026-2027,Volleyball,Girls,Varsity,2026-09-28,16:00,Wellesley High School,Weston High School,Wellesley High School,Wellesley High School Gym,,,N
2026-2027,Volleyball,Girls,Varsity,2026-10-08,16:30,Newton North High School - Newton North,Wellesley High School,Newton North High School - Newton North,Newton North High School Reggie Gym,,,L
2026-2027,Volleyball,Girls,Varsity,2026-10-14,16:00,Newton South High School,Wellesley High School,Wellesley High School,Wellesley High School Gym,,,N
2026-2027,Volleyball,Girls,Varsity,2026-10-19,17:30,Lexington High School,Wellesley High School,Lexington High School,Lexington High School LHS Gymnasium,,,N
2026-2027,Volleyball,Girls,Varsity,2026-10-26,17:00,Central Catholic High School,Wellesley High School,Central Catholic High School,Central Catholic HS Memorial Gymnasium,,,N
2026-2027,Volleyball,Girls,Varsity,2026-10-29,17:30,Wellesley High School,Weymouth High School,Weymouth High School,Weymouth HS Gym,,,L
2026-2027,Wrestling,Boys,Varsity,2026-12-12,TBA,Triton Regional High School with 3 others,Wellesley High School,Triton Regional High School with 3 others,Triton Regional High School Triton Court 2,,,N
2026-2027,Wrestling,Boys,Varsity,2027-01-02,09:00,Norwood High School with 3 others,Wellesley High School,Norwood High School with 3 others,Norwood High School Gym,,,L
2026-2027,Volleyball,Girls,Sub-Varsity,2026-09-08,16:00,Wayland High School,Wellesley High School,Wayland High School,Wayland HS Field House,,,N
2026-2027,Volleyball,Girls,Sub-Varsity,2026-09-17,17:30,Natick High School,Wellesley High School,Wellesley High School,Wellesley High School Gym,,,L
2026-2027,Volleyball,Girls,Sub-Varsity,2026-09-28,17:30,Wellesley High School,Weston High School,Wellesley High School,Wellesley High School Gym,,,N
2026-2027,Volleyball,Girls,Sub-Varsity,2026-10-14,17:30,Newton South High School,Wellesley High School,Wellesley High School,Wellesley High School Gym,,,L
2026-2027,Volleyball,Girls,Sub-Varsity,2026-10-19,16:15,Lexington High School,Wellesley High School,Lexington High School,Lexington High School LHS Gymnasium,,,N
2026-2027,Volleyball,Girls,Sub-Varsity,2026-10-26,18:30,Central Catholic High School,Wellesley High School,Central Catholic High School,Central Catholic HS Memorial Gymnasium,,,N
2026-2027,Volleyball,Girls,Sub-Varsity,2026-10-29,16:00,Wellesley High School,Weymouth High School,Weymouth High School,Weymouth HS Gym,,,L
2026-2027,Volleyball,Girls,Sub-Varsity,2026-09-08,16:00,Wayland High School,Wellesley High School,Wayland High School,Wayland HS Field House Back Court,,,N
2026-2027,Volleyball,Girls,Sub-Varsity,2026-09-17,17:30,Natick High School,Wellesley High School,Wellesley High School,Wellesley High School Gym,,,L
2026-2027,Volleyball,Girls,Sub-Varsity,2026-09-28,17:30,TBA,Wellesley High School,Wellesley High School,Wellesley High School Gym,,,N
2026-2027,Volleyball,Girls,Sub-Varsity,2026-10-14,17:30,Newton South High School,Wellesley High School,Wellesley High School,Wellesley High School Gym,,,L
2026-2027,Volleyball,Girls,Sub-Varsity,2026-10-19,16:15,Lexington High School,Wellesley High School,Lexington High School,Lexington High School LHS Gymnasium,,,N
2026-2027,Volleyball,Girls,Sub-Varsity,2026-10-26,18:30,Central Catholic High School,Wellesley High School,Central Catholic High School,Central Catholic HS Small Gym,,,N
2026-2027,Volleyball,Girls,Sub-Varsity,2026-10-29,16:00,Wellesley High School,Weymouth High School,Weymouth High School,Weymouth High School Gymnasium,,,L
2026-2027,Basketball,Boys,Sub-Varsity,2026-12-11,15:30,West Bridgewater Middle/Senior High School,Weymouth High School,West Bridgewater Middle/Senior High School,West Bridgewater Middle/Senior High School Gym,,,N
2026-2027,Basketball,Boys,Sub-Varsity,2026-12-18,17:15,TBA,Weymouth High School,Weymouth High School,Weymouth High School Gymnasium,,,L
2026-2027,Basketball,Boys,Sub-Varsity,2026-12-28,10:30,Abington High School,Weymouth High School,Abington High School,Abington High School Gym,,,N
2026-2027,Basketball,Boys,Sub-Varsity,2027-02-01,17:15,Academy of the Pacific Rim,Weymouth High School,Weymouth High School,Weymouth High School Gymnasium,,,L
2026-2027,Basketball,Boys,Varsity,2026-12-11,18:30,West Bridgewater Middle/Senior High School,Weymouth High School,Weymouth High School,Weymouth High School,,,Normal
2026-2027,Basketball,Boys,Varsity,2026-12-28,17:00,Dennis-Yarmouth Regional High School,Weymouth High School,Weymouth High School,Abington High School Gym,,,Normal
2026-2027,Basketball,Boys,Varsity,2027-01-17,11:30,Boston College High School,Weymouth High School,Boston College High School,BC High School Gym 1,,,Normal
2026-2027,Basketball,Boys,Varsity,2027-02-01,18:30,Academy of the Pacific Rim,Weymouth High School,Weymouth High School,Weymouth High School Gymnasium,,,Normal
2026-2027,Basketball,Boys,Varsity,2027-02-15,TBA,Weymouth Family Tournament,Weymouth High School,,TBA,,,
2026-2027,Basketball,Boys,Varsity,2027-02-15,16:30,Medford High School,Weymouth High School,Weymouth High School,Weymouth High School Gymnasium,,,Normal
2026-2027,Basketball,Coed,Unified,2026-10-19,15:00,Hingham High School,Weymouth High School,Hingham High School,Hingham High School Gym,,,N
2026-2027,Basketball,Girls,Varsity,2026-12-06,11:00,Abington High School,Weymouth High School,Abington High School,Abington High School Gym,,,Normal
2026-2027,Basketball,Girls,Varsity,2026-12-11,17:00,West Bridgewater Middle/Senior High School,Weymouth High School,Weymouth High School,Weymouth High School,,,Normal
2026-2027,Basketball,Girls,Varsity,2026-12-15,18:30,TBA,Weymouth High School,Weymouth High School,Weymouth HS Gym,,,Normal
2026-2027,Basketball,Girls,Varsity,2026-12-29,18:30,Notre Dame Academy - Hing,Weymouth High School,Weymouth High School,Weymouth HS Gym,,,Normal
2026-2027,Basketball,Girls,Varsity,2027-01-18,18:30,Quincy High School,Weymouth High School,Weymouth High School,Weymouth High School Gymnasium,,,Normal
2026-2027,Basketball,Girls,Varsity,2027-01-23,TBA,Hull High School,Weymouth High School,Weymouth High School,Weymouth High School Gymnasium,,,Normal
2026-2027,Basketball,Girls,Varsity,2027-01-26,18:30,TBA,Weymouth High School,Weymouth High School,Weymouth High School Gymnasium,,,Normal
2026-2027,Basketball,Girls,Varsity,2027-02-04,18:30,Hull High School,Weymouth High School,Hull High School,Hull High School Joseph Berman Gymnasium,,,Normal
2026-2027,Basketball,Girls,Varsity,2027-02-15,TBA,Weymouth Family Tournament,Weymouth High School,,TBA,,,
2026-2027,Basketball,Girls,Varsity,2027-02-15,12:00,Boston Latin School,Weymouth High School,Weymouth High School,Weymouth High School Gymnasium,,,Normal
2026-2027,Basketball,Girls,Varsity,2027-02-15,12:00,Boston Latin School,Weymouth High School,Weymouth High School,Weymouth HS Gym,,,Normal
2026-2027,Basketball,Girls,Sub-Varsity,2026-12-15,15:45,TBA,Weymouth High School,Weymouth High School,Weymouth HS Gym,,,N
2026-2027,Basketball,Girls,Sub-Varsity,2026-12-29,15:45,TBA,Weymouth High School,Weymouth High School,Weymouth HS Gym,,,N
2026-2027,Basketball,Girls,Sub-Varsity,2027-01-26,15:45,Walpole High School,Weymouth High School,Weymouth High School,Weymouth HS Gym,,,L
2026-2027,Cross Country,Boys,Varsity,2026-09-16,16:00,Needham High School with 1 others,Weymouth High School,Needham High School with 1 others,Needham - Cutler Park Cutler Park - Needham,,,L
2026-2027,Cross Country,Boys,Varsity,2026-09-23,16:00,Milton High School with 1 others,Weymouth High School,Milton High School with 1 others,Houghton's Pond XC Course,,,L
2026-2027,Basketball,Boys,Sub-Varsity,2026-12-11,17:00,West Bridgewater Middle/Senior High School,Weymouth High School,West Bridgewater Middle/Senior High School,West Bridgewater Middle/Senior High School Gym,,,N
2026-2027,Basketball,Boys,Sub-Varsity,2026-12-18,15:45,TBA,Weymouth High School,Weymouth High School,Weymouth High School Gymnasium,,,L
2026-2027,Basketball,Boys,Sub-Varsity,2026-12-28,09:00,Abington High School,Weymouth High School,Abington High School,Abington High School Gym,,,N
2026-2027,Basketball,Boys,Sub-Varsity,2027-02-01,15:45,Academy of the Pacific Rim,Weymouth High School,Weymouth High School,Weymouth High School Gymnasium,,,L
2026-2027,Basketball,Boys,Sub-Varsity,2027-02-02,15:45,Academy of the Pacific Rim,Weymouth High School,Weymouth High School,Weymouth High School Gymnasium,,,L
2026-2027,Basketball,Girls,Sub-Varsity,2026-12-11,15:30,West Bridgewater Middle/Senior High School,Weymouth High School,Weymouth High School,Weymouth High School,,,N
2026-2027,Basketball,Girls,Sub-Varsity,2026-12-15,17:15,Brockton High School,Weymouth High School,Weymouth High School,Weymouth HS Gym,,,N
2026-2027,Basketball,Girls,Sub-Varsity,2026-12-29,17:15,TBA,Weymouth High School,Weymouth High School,Weymouth HS Gym,,,N
2026-2027,Basketball,Girls,Sub-Varsity,2027-01-18,17:15,Quincy High School,Weymouth High School,Weymouth High School,Weymouth HS Gym,,,N
2026-2027,Basketball,Girls,Sub-Varsity,2027-01-23,TBA,Hull High School,Weymouth High School,Weymouth High School,Weymouth High School,,,L
2026-2027,Basketball,Girls,Sub-Varsity,2027-01-26,17:15,Walpole High School,Weymouth High School,Weymouth High School,Weymouth HS Gym,,,L
2026-2027,Basketball,Girls,Sub-Varsity,2027-02-04,17:00,Hull High School,Weymouth High School,Hull High School,Hull High School Joseph Berman Gymnasium,,,L
2026-2027,Field Hockey,Girls,Varsity,2026-09-18,16:00,Pembroke High School,Weymouth High School,Pembroke High School,Pembroke High School PHS Turf Field,Pembroke High School,4-1,N
2026-2027,Field Hockey,Girls,Varsity,2026-09-19,10:30,Marshfield High School,Weymouth High School,Weymouth High School,Legion Field (Weymouth) Field 1,Marshfield High School,3-0,N
2026-2027,Field Hockey,Girls,Varsity,2026-09-25,16:00,Pembroke High School,Weymouth High School,Weymouth High School,Legion Field (Weymouth) Field 1,,,N
2026-2027,Field Hockey,Girls,Varsity,2026-10-02,16:00,Plymouth North High School,Weymouth High School,Weymouth High School,Legion Field (Weymouth) Multipurpose Turf Field,,,N
2026-2027,Field Hockey,Girls,Varsity,2026-10-09,16:00,Brockton High School,Weymouth High School,Brockton High School,Brockton High School Marciano Stadium,,,N
2026-2027,Field Hockey,Girls,Varsity,2026-10-15,16:00,Ursuline Academy (MA),Weymouth High School,Ursuline Academy (MA),Ursuline Academy MA Field #1,,,L
2026-2027,Field Hockey,Girls,Varsity,2026-10-23,16:00,Brockton High School,Weymouth High School,Weymouth High School,Legion Field (Weymouth) Field 1,,,N
2026-2027,Cross Country,Girls,Varsity,2026-09-16,16:00,Needham High School with 1 others,Weymouth High School,Needham High School with 1 others,Needham - Cutler Park Cutler Park - Needham,,,L
2026-2027,Cross Country,Girls,Varsity,2026-09-23,16:00,Milton High School with 1 others,Weymouth High School,Milton High School with 1 others,Houghton's Pond XC Course,,,L
2026-2027,Field Hockey,Girls,Sub-Varsity,2026-09-18,17:15,Pembroke High School,Weymouth High School,Pembroke High School,Pembroke High School PHS Turf Field,,,Normal
2026-2027,Field Hockey,Girls,Sub-Varsity,2026-09-19,09:00,Marshfield High School,Weymouth High School,Weymouth High School,Legion Field (Weymouth) Field 1,,,Normal
2026-2027,Field Hockey,Girls,Sub-Varsity,2026-09-25,17:15,Pembroke High School,Weymouth High School,Weymouth High School,Legion Field (Weymouth) Field 1,,,Normal
2026-2027,Field Hockey,Girls,Sub-Varsity,2026-10-02,17:15,Plymouth North High School,Weymouth High School,Weymouth High School,Legion Field (Weymouth) Field 1,,,Normal
2026-2027,Field Hockey,Girls,Sub-Varsity,2026-10-15,17:15,Ursuline Academy (MA),Weymouth High School,Ursuline Academy (MA),Ursuline Academy MA Field #1,,,Normal
2026-2027,Football,Boys,Varsity,2026-09-01,18:30,Duxbury High School,Weymouth High School,Duxbury High School,Duxbury High School Chandler Turf Field,,,Normal
2026-2027,Football,Boys,Varsity,2026-09-04,18:00,Hanover High School - MA,Weymouth High School,Weymouth High School,Weymouth HS Stadium,,,Normal
2026-2027,Football,Boys,Varsity,2026-09-11,19:00,Taunton High School,Weymouth High School,Weymouth High School,Weymouth HS Stadium,Weymouth High School,29-31,Normal
2026-2027,Football,Boys,Varsity,2026-09-18,19:00,La Salle Academy,Weymouth High School,Weymouth High School,Weymouth HS Stadium,,,Canceled
2026-2027,Football,Boys,Varsity,2026-09-18,19:00,Diman Reg Voc/Tech High School,Weymouth High School,Diman Reg Voc/Tech High School,Durfee High School Football Field,Weymouth High School,7-10,Normal
2026-2027,Football,Boys,Varsity,2026-10-16,19:00,Brockton High School,Weymouth High School,Weymouth High School,Weymouth HS Stadium,,,Normal
2026-2027,Football,Boys,Sub-Varsity,2026-09-12,11:00,Taunton High School,Weymouth High School,Taunton High School,Taunton High School Aleixo,,,Normal
2026-2027,Football,Boys,Sub-Varsity,2026-09-19,10:45,Bishop Feehan High School,Weymouth High School,Bishop Feehan High School,Bishop Feehan High School McGrath Stadium,,,Normal
2026-2027,Football,Boys,Sub-Varsity,2026-10-17,10:30,Brockton High School,Weymouth High School,Brockton High School,Brockton High School Marciano Stadium,,,Normal
2026-2027,Football,Boys,Sub-Varsity,2026-11-14,12:00,King Philip Regional High School,Weymouth High School,Weymouth High School,Weymouth HS Stadium,,,Normal
2026-2027,Golf,Boys,Varsity,2026-09-09,15:30,Norwood High School,Weymouth High School,Norwood High School,Norwood Country Club Norwood Country Club,Norwood High School,226-238,Normal
2026-2027,Golf,Boys,Varsity,2026-10-08,15:00,North Quincy High School,Weymouth High School,North Quincy High School,Presidents Golf Club Presidents Golf Club,,,Normal
2026-2027,Golf,Boys,Varsity,2026-10-14,15:30,Scituate High School,Weymouth High School,Scituate High School,Widows Walk Golf Course Widows Walk Golf Course,,,Normal
2026-2027,Golf,Boys,Sub-Varsity,2026-09-15,15:30,Norwood High School,Weymouth High School,Norwood High School,Norwood Country Club Norwood Country Club,,,N
2026-2027,Golf,Boys,Sub-Varsity,2026-09-21,15:20,Quincy High School,Weymouth High School,Quincy High School,Furnace Brook Golf Club Furnace Brook Golf Club,,,N
2026-2027,Golf,Boys,Sub-Varsity,2026-09-23,15:30,Norwell High School with 1 others,Weymouth High School,Norwell High School with 1 others,Harmon Golf Short Course,,,N
2026-2027,Golf,Boys,Sub-Varsity,2026-09-24,15:00,North Quincy High School,Weymouth High School,North Quincy High School,Presidents Golf Club Presidents Golf Club,,,N
2026-2027,Golf,Boys,Sub-Varsity,2026-09-29,15:00,North Quincy High School,Weymouth High School,North Quincy High School,Presidents Golf Club Presidents Golf Club,,,N
2026-2027,Golf,Boys,Sub-Varsity,2026-10-06,15:20,Quincy High School,Weymouth High School,Quincy High School,Furnace Brook Golf Club Furnace Brook Golf Club,,,N
2026-2027,Golf,Boys,Sub-Varsity,2026-10-07,15:15,Norwell High School,Weymouth High School,Norwell High School,Harmon Golf Short Course,,,N
2026-2027,Golf,Boys,Sub-Varsity,2026-10-14,15:30,Norwood High School,Weymouth High School,Norwood High School,Norwood Country Club Norwood Country Club,,,N
2026-2027,Hockey,Boys,Varsity,2026-12-05,17:30,Hanover High School - MA,Weymouth High School,Hanover High School - MA,Hobomock Ice Arena Hobomock Ice Arena Rink 1,,,S
2026-2027,Hockey,Boys,Varsity,2027-01-02,17:20,Weymouth High School,Whitman-Hanson Reg High School,Whitman-Hanson Reg High School,Rockland Ice Rink Rockland Ice Rink,,,N
2026-2027,Hockey,Boys,Varsity,2027-01-27,20:00,Walpole High School,Weymouth High School,Walpole High School,Rodman Arena Rodman Arena - NHL,,,L
2026-2027,Football,Boys,Sub-Varsity,2026-09-12,09:00,Taunton High School,Weymouth High School,Taunton High School,Taunton High School Aleixo,,,Normal
2026-2027,Football,Boys,Sub-Varsity,2026-09-19,10:00,Diman Reg Voc/Tech High School,Weymouth High School,Weymouth High School,Weymouth HS Stadium,,,Normal
2026-2027,Football,Boys,Sub-Varsity,2026-10-17,11:00,Brockton High School,Weymouth High School,Brockton High School,Brockton High School Marciano Stadium,,,Canceled
2026-2027,Football,Boys,Sub-Varsity,2026-11-14,10:00,King Philip Regional High School,Weymouth High School,Weymouth High School,Weymouth HS Stadium,,,Normal
2026-2027,Hockey,Girls,Varsity,2026-12-09,19:20,NSA,Weymouth High School,NSA,Bog Ice Rink Hockey - Bog Ice Rink,,,S
2026-2027,Hockey,Girls,Varsity,2026-12-29,14:30,Franklin High School,Weymouth High School,Franklin High School,Franklin Pirelli Arena Franklin Pirelli Arena,,,N
2026-2027,Hockey,Girls,Varsity,2027-01-02,TBA,East Bridgewater Jr/Sr High School - WEB Hockey,Weymouth High School,Weymouth High School,Connell Rink - Weymouth MDC Rink,,,N
2026-2027,Hockey,Girls,Varsity,2027-01-28,TBA,East Bridgewater Jr/Sr High School - WEB Hockey,Weymouth High School,East Bridgewater Jr/Sr High School - WEB Hockey,Bridgewater Ice Arena Bridgewater Ice Arena,,,N
2026-2027,Hockey,Girls,Varsity,2027-02-16,12:30,Pembroke High School,Weymouth High School,Pembroke High School,Hobomock Ice Arena Hobomock Ice Arena Rink 1,,,N
2026-2027,Soccer,Boys,Varsity,2026-08-27,10:00,Scituate High School,Weymouth High School,Scituate High School,Scituate HS (MA) Turf 1 / Stadium,,,S
2026-2027,Soccer,Boys,Varsity,2026-09-03,16:00,TBA,Weymouth High School,Weymouth High School,Weymouth Lovell Field Field 1,,,L
2026-2027,Soccer,Boys,Varsity,2026-09-03,18:30,TBA,Weymouth High School,Weymouth High School,Weymouth Lovell Field Field 1,,,L
2026-2027,Soccer,Boys,Varsity,2026-09-08,16:00,Cohasset High School,Weymouth High School,Cohasset High School,Cohasset HS-Alumni Fld #1,Cohasset High School,2-0,N
2026-2027,Soccer,Boys,Varsity,2026-09-10,18:00,Boston College High School,Weymouth High School,Boston College High School,BC High School Soccer Field,Boston College High School,2-0,L
2026-2027,Soccer,Boys,Varsity,2026-10-10,13:00,Oliver Ames High School,Weymouth High School,Oliver Ames High School,Oliver Ames High School Muscato Stadium,,,N
2026-2027,Soccer,Boys,Varsity,2026-10-17,11:30,Silver Lake Regional HS,Weymouth High School,Weymouth High School,Weymouth HS Stadium,,,L
2026-2027,Soccer,Boys,Varsity,2026-10-27,16:00,Milton High School,Weymouth High School,Milton High School,Milton High School Brooks Field Turf,,,L
2026-2027,Soccer,Girls,Varsity,2026-08-27,10:30,Silver Lake Regional HS,Weymouth High School,Weymouth High School,Weymouth Lovell Field Field 2,,,Normal
2026-2027,Soccer,Girls,Varsity,2026-08-28,17:00,Dedham High School,Weymouth High School,Dedham High School,Dedham High School Multipurpose Turf Field,,,Normal
2026-2027,Soccer,Girls,Varsity,2026-09-03,16:00,TBA,Weymouth High School,Weymouth High School,Weymouth Lovell Field Field 2,,,Normal
2026-2027,Soccer,Girls,Varsity,2026-09-03,16:30,Bedford High School,Weymouth High School,Weymouth High School,Weymouth High School Turf,,,Normal
2026-2027,Soccer,Girls,Varsity,2026-09-03,18:30,TBA,Weymouth High School,Weymouth High School,Weymouth Lovell Field Field 2,,,Normal
2026-2027,Soccer,Girls,Varsity,2026-09-05,09:00,Andover High School with 1 others,Weymouth High School,Andover High School with 1 others,Andover-High School (V) Lovely Stadium Turf,,,Normal
2026-2027,Soccer,Girls,Varsity,2026-09-10,17:30,Westwood High School,Weymouth High School,Weymouth High School,Weymouth High School Turf,Westwood High School,1-0,Normal
2026-2027,Soccer,Girls,Varsity,2026-09-19,14:00,Dover-Sherborn High School,Weymouth High School,Weymouth High School,Weymouth High School Turf,Dover-Sherborn High School,3-0,Normal
2026-2027,Soccer,Girls,Varsity,2026-09-26,12:00,Weymouth High School,Whitman-Hanson Reg High School,Whitman-Hanson Reg High School,Whitman-Hanson Regional High School O'Brien Field,,,Postponed
2026-2027,Soccer,Girls,Varsity,2026-10-17,10:00,Medford High School,Weymouth High School,Weymouth High School,Weymouth High School Turf,,,Normal
2026-2027,Soccer,Girls,Varsity,2026-10-20,16:00,Newton North High School - Newton North,Weymouth High School,Newton North High School - Newton North,Newton North High School Lowell Ave Field,,,Normal
2026-2027,Soccer,Girls,Varsity,2026-10-23,18:00,Weymouth High School,Whitman-Hanson Reg High School,Weymouth High School,Weymouth High School Turf,,,Normal
2026-2027,Soccer,Boys,Sub-Varsity,2026-08-27,11:30,Scituate High School,Weymouth High School,Scituate High School,Scituate HS (MA) Turf 2 / Baseball,,,S
2026-2027,Soccer,Boys,Sub-Varsity,2026-09-08,16:00,Cohasset High School,Weymouth High School,Cohasset High School,Cohasset-Milliken #1,,,N
2026-2027,Soccer,Boys,Sub-Varsity,2026-09-10,16:00,Boston College High School,Weymouth High School,Boston College High School,BC High School Soccer Field,,,L
2026-2027,Soccer,Boys,Sub-Varsity,2026-09-15,16:00,Needham High School - JV1,Weymouth High School,Weymouth High School,Weymouth HS #2,,,L
2026-2027,Soccer,Boys,Sub-Varsity,2026-10-01,16:00,Needham High School - JV1,Weymouth High School,Needham High School - JV1,Needham-Defazio Complex Conroy Grass,,,L
2026-2027,Soccer,Boys,Sub-Varsity,2026-10-10,13:00,Oliver Ames High School,Weymouth High School,Oliver Ames High School,Oliver Ames High School JV Soccer Field,,,L
2026-2027,Soccer,Girls,Sub-Varsity,2026-08-27,10:30,Silver Lake Regional HS,Weymouth High School,Weymouth High School,Weymouth Lovell Field Field 1,,,Normal
2026-2027,Soccer,Girls,Sub-Varsity,2026-09-10,16:00,Westwood High School,Weymouth High School,Weymouth High School,Weymouth HS #2,,,Normal
2026-2027,Soccer,Girls,Sub-Varsity,2026-09-19,12:00,Dover-Sherborn High School,Weymouth High School,Weymouth High School,Weymouth HS #2,,,Normal
2026-2027,Soccer,Girls,Sub-Varsity,2026-09-26,10:00,Weymouth High School,Whitman-Hanson Reg High School,Whitman-Hanson Reg High School,Whitman-Hanson Regional High School Sub Varsity( Upper),,,Postponed
2026-2027,Soccer,Girls,Sub-Varsity,2026-10-23,16:00,Weymouth High School,Whitman-Hanson Reg High School,Weymouth High School,Weymouth High Turf Turf #1,,,Normal
2026-2027,Soccer,Girls,Sub-Varsity,2026-09-21,16:00,Silver Lake Regional HS,Weymouth High School,Silver Lake Regional HS,Silver Lake Regional High School Softball Complex,,,N
2026-2027,Soccer,Girls,Sub-Varsity,2026-09-23,15:30,Notre Dame Academy - Hing,Weymouth High School,Weymouth High School,Weymouth Lovell Field Field 2,Weymouth High School,0-1,N
2026-2027,Soccer,Girls,Sub-Varsity,2026-10-14,15:30,Notre Dame Academy - Hing,Weymouth High School,Notre Dame Academy - Hing,Notre Dame Academy-Hingham Front Field,,,N
2026-2027,Soccer,Girls,Sub-Varsity,2026-10-28,16:00,Silver Lake Regional HS,Weymouth High School,Weymouth High School,Weymouth Lovell Field Field 2,,,N
2026-2027,Soccer,Boys,Sub-Varsity,2026-09-10,16:00,Boston College High School,Weymouth High School,Weymouth High School,Weymouth Lovell Field Field 1,,,L
2026-2027,Soccer,Boys,Sub-Varsity,2026-09-21,16:00,Silver Lake Regional HS,Weymouth High School,Weymouth High School,Weymouth Lovell Field Field 1,,,N
2026-2027,Soccer,Boys,Sub-Varsity,2026-09-22,16:00,Norwell High School,Weymouth High School,Weymouth High School,Weymouth Lovell Field Field 1,Tie,2-2,N
2026-2027,Soccer,Boys,Sub-Varsity,2026-10-10,13:00,Oliver Ames High School,Weymouth High School,Oliver Ames High School,Oliver Ames High School JV Baseball Field,,,N
2026-2027,Soccer,Boys,Sub-Varsity,2026-10-13,16:00,Norwell High School,Weymouth High School,Norwell High School,NORWELL MIDDLE SCHOOL Back Field,,,N
2026-2027,Soccer,Boys,Sub-Varsity,2026-10-28,16:00,Silver Lake Regional HS,Weymouth High School,Silver Lake Regional HS,Silver Lake Regional High School Softball Complex,,,N
2026-2027,Swimming & Diving,Girls,Varsity,2026-09-23,16:00,Boston Latin School,Weymouth High School,Weymouth High School,Connell Rink - Weymouth MDC pool,,,N
2026-2027,Volleyball,Girls,Sub-Varsity,2026-08-27,14:00,Dedham High School,Weymouth High School,Weymouth High School,Weymouth High School Gymnasium,Dedham High School,2-1,S
2026-2027,Volleyball,Girls,Sub-Varsity,2026-09-01,16:00,Cardinal Spellman High School,Weymouth High School,Weymouth High School,Weymouth High School Gymnasium,,,S
2026-2027,Volleyball,Girls,Sub-Varsity,2026-09-03,16:00,Fontbonne- Early College of Boston,Weymouth High School,Weymouth High School,Weymouth High School Gymnasium,,,S
2026-2027,Volleyball,Girls,Sub-Varsity,2026-09-18,16:00,Rockland High School,Weymouth High School,Weymouth High School,Weymouth High School Gymnasium,,,L
2026-2027,Volleyball,Girls,Sub-Varsity,2026-09-21,16:00,Brockton High School,Weymouth High School,Brockton High School,Brockton High School Gym 1,,,N
2026-2027,Volleyball,Girls,Sub-Varsity,2026-09-25,16:00,Archbishop Williams High School,Weymouth High School,Weymouth High School,Weymouth High School Gymnasium,,,L
2026-2027,Volleyball,Girls,Sub-Varsity,2026-10-02,16:00,Durfee High School,Weymouth High School,Weymouth High School,Weymouth High School Gymnasium,,,L
2026-2027,Volleyball,Girls,Sub-Varsity,2026-10-09,16:00,Brockton High School,Weymouth High School,Weymouth High School,Weymouth High School Gymnasium,,,L
2026-2027,Volleyball,Girls,Sub-Varsity,2026-10-13,16:00,Plymouth North High School,Weymouth High School,Weymouth High School,Weymouth High School Gymnasium,,,N
2026-2027,Volleyball,Girls,Sub-Varsity,2026-10-14,16:30,Waltham High School,Weymouth High School,Waltham High School,Waltham HS Side Gym,,,N
2026-2027,Volleyball,Girls,Sub-Varsity,2026-10-19,16:00,Durfee High School,Weymouth High School,Durfee High School,Durfee High School Gym - Court 2,,,N
2026-2027,Volleyball,Girls,Sub-Varsity,2026-10-30,17:30,Plymouth North High School,Weymouth High School,Plymouth North High School,Plymouth North High School Gym,,,L
2026-2027,Volleyball,Girls,Sub-Varsity,2026-08-27,14:00,Dedham High School,Weymouth High School,Weymouth High School,Weymouth HS Gym,,,S
2026-2027,Volleyball,Girls,Sub-Varsity,2026-09-01,16:00,Cardinal Spellman High School,Weymouth High School,Weymouth High School,Weymouth High School Gymnasium,,,S
2026-2027,Volleyball,Girls,Sub-Varsity,2026-09-03,16:00,Fontbonne- Early College of Boston,Weymouth High School,Weymouth High School,Weymouth High School Gymnasium,,,S
2026-2027,Volleyball,Girls,Sub-Varsity,2026-09-18,16:00,Rockland High School,Weymouth High School,Weymouth High School,Weymouth HS Gym,,,L
2026-2027,Volleyball,Girls,Sub-Varsity,2026-09-21,16:00,Brockton High School,Weymouth High School,Brockton High School,Brockton High School Gym 1,Weymouth High School,1-2,N
2026-2027,Volleyball,Girls,Sub-Varsity,2026-09-25,16:00,Archbishop Williams High School,Weymouth High School,Weymouth High School,Weymouth HS Gym,,,L
2026-2027,Volleyball,Girls,Sub-Varsity,2026-10-02,16:00,Durfee High School,Weymouth High School,Weymouth High School,Weymouth HS Gym,,,L
2026-2027,Volleyball,Girls,Sub-Varsity,2026-10-09,16:00,Brockton High School,Weymouth High School,Weymouth High School,Weymouth HS Gym,,,L
2026-2027,Volleyball,Girls,Sub-Varsity,2026-10-13,16:00,Plymouth North High School,Weymouth High School,Weymouth High School,Weymouth HS Gym,,,N
2026-2027,Volleyball,Girls,Sub-Varsity,2026-10-14,16:30,Waltham High School,Weymouth High School,Waltham High School,Waltham HS Main Gym,,,N
2026-2027,Volleyball,Girls,Sub-Varsity,2026-10-19,16:00,Durfee High School,Weymouth High School,Durfee High School,Durfee High School Gym - Main Court,,,N
2026-2027,Volleyball,Girls,Sub-Varsity,2026-10-30,17:30,Plymouth North High School,Weymouth High School,Plymouth North High School,Plymouth North High School Gym,,,L
2026-2027,Wrestling,Boys,Sub-Varsity,2026-12-23,16:00,Haverhill High School with 1 others,Weymouth High School,Weymouth High School,Weymouth High School Gymnasium,,,L
2026-2027,Volleyball,Girls,Varsity,2026-08-27,15:00,Dedham High School,Weymouth High School,Weymouth High School,Weymouth High School Gymnasium,Weymouth High School,0-3,S
2026-2027,Volleyball,Girls,Varsity,2026-09-01,17:15,Cardinal Spellman High School,Weymouth High School,Weymouth High School,Weymouth High School Gymnasium,,,S
2026-2027,Volleyball,Girls,Varsity,2026-09-03,17:15,Fontbonne- Early College of Boston,Weymouth High School,Weymouth High School,Weymouth High School Gymnasium,,,S
2026-2027,Volleyball,Girls,Varsity,2026-09-18,17:30,Rockland High School,Weymouth High School,Weymouth High School,Weymouth HS Gym,Weymouth High School,2-3,L
2026-2027,Volleyball,Girls,Varsity,2026-09-21,17:15,Brockton High School,Weymouth High School,Brockton High School,Brockton High School Gym 1,Weymouth High School,2-3,N
2026-2027,Volleyball,Girls,Varsity,2026-09-25,17:30,Archbishop Williams High School,Weymouth High School,Weymouth High School,Weymouth HS Gym,,,L
2026-2027,Volleyball,Girls,Varsity,2026-10-02,17:30,Durfee High School,Weymouth High School,Weymouth High School,Weymouth HS Gym,,,L
2026-2027,Volleyball,Girls,Varsity,2026-10-09,17:30,Brockton High School,Weymouth High School,Weymouth High School,Weymouth HS Gym,,,L
2026-2027,Volleyball,Girls,Varsity,2026-10-13,17:15,Plymouth North High School,Weymouth High School,Weymouth High School,Weymouth HS Gym,,,N
2026-2027,Volleyball,Girls,Varsity,2026-10-14,18:00,Waltham High School,Weymouth High School,Waltham High School,Waltham HS Main Gym,,,N
2026-2027,Volleyball,Girls,Varsity,2026-10-15,18:15,Newton North High School - Newton North,Weymouth High School,Newton North High School - Newton North,Newton North High School Reggie Gym,,,L
2026-2027,Volleyball,Girls,Varsity,2026-10-19,17:15,Durfee High School,Weymouth High School,Durfee High School,Durfee High School Gym - Main Court,,,N
2026-2027,Volleyball,Girls,Varsity,2026-10-30,16:00,Plymouth North High School,Weymouth High School,Plymouth North High School,Plymouth North High School Gym,,,N
2026-2027,Wrestling,Boys,Varsity,2026-12-31,09:00,Bristol Plymouth Regional Technical School with 4 others,Weymouth High School,Bristol Plymouth Regional Technical School with 4 others,Bristol-Plymouth Technical HS Gym,,,L
2026-2027,Wrestling,Boys,Varsity,2027-01-09,09:00,Lowell High School,Weymouth High School,Weymouth High School,Weymouth High School,,,L
